"Analysis_order","AI_Key","AI_Automatic_Tags","AI_Short_Author","AI_Author","AI_Publication_Year","AI_PublicationTitle","AI_Abstract","AI_Journal","AI_Publication_Type","AI_Manual_Tags","AI_ISSN","AI_DOI","AI_Pages","AI_Issue","AI_Volume","CI_General_Coder","CI_CH5","Target","Target_other","Pressure..level.2.","Pressure_comment","Analogue","P_hypothesis","AIP_Taxonomicposition","AIP_Functionalgroup","AIP_evidenceonfunctionalgroup","PLSS_lifestage1","PLSS_lifestage2","PLSS_comment","Sp_commercial","Sp_conservation","Sp_migratory","Sp_sensitive","Sp_sensitive_comment","EXPEL_Type","EXPEL_Intensity","EXPEL_Units","EXPEL_Intensity_quant","EXPEL_Current_Units","EXPEL_Frequency_in_Hz","EXPEL_Evidences","EXPMG_Type","EXPMG_Max_Intensity_T","EXPMG_Frequency_in_Hz","EXPMG_Evidences","EXPH_Type","EXPH_intensity_in_degree_celcius","EXPH_Evidences","EXPAL_Type","EXPAL_Wavelength_nm","EXPAL_Wavelength_color","EXPAL_intensity","EXPAL_Evidences","EXPCH_max_distancetosource_M","EXPCH_durationofexposure_value","EXPCH_durationofexposure_unit","EXPCH_durationofexposure_days","EXPCH_chronicorponctual","EXPCH_continuousordiscontinuous","EXPCH_steadyorvariable","EXPCH_Locationofthepressureintheecosystem","EXPCH_Evidences","EXPASP_Environmentalbaselinelevel_µT","EXPASP_Environmentalbaselinelevel_else","EXPCI_investigatedortested","EXPCI_discussed","EXPCI_Evidence","OSTP_scaleofstudy","OSTB_typeofresponse","OICM_type","OICM_generic_indices","OICM_indices","OICM_units","OICIE_impact_valence","OICIE_statistical_significance","OICIE_reversibility","OICIE_reversibility_evidence","OICIE_impact","OICIE_impact_vidences","CVEOWF_light_source","CVEOWF_light_height","CVEOWF_light_nb","CVEOW_light_spectrum","CVEOWF_heat_source","CVEOWF_cable_power_kW","CVEOWF_cable_type","CVEOWF_cable_protection","CVESTE_sampling_nb","CVESTE_replicate_nb","CVESTE_control","RO_Coherence","RO_Comments","RO_Evidences","Key","Automatic.Tags","Short.Author","Author","Publication.Year","Publication.Title","Abstract","Journal","Publication.Type","Manual.Tags","ISBN","ISSN","DOI","Url","Pages","Issue","Volume","General.Coder","CH.1...obstacles","CH.2...benthic.changes","CH.3...pelagic.changes","CH.4...sound","CH.5...other.energy","CH.6...chemical","CH.7...new.habitat","CH.8...seascape","CH.9...invasion.consequences","Comment.why.the.change..either.x.or.pink.colour....Put.your.name...CH.number.before.your.comment","Equipe.Pilote.Checked..exclusion.criteria.","EP.team.review","Article_Study_Data","Life.Cycle.Analysis..LCA.","Review...Opinion...Commentary...Synthesis..non.primary.data.","Socio.ecological.system..SES..study.WITHOUT.impact.on.biodiversity","Target.GENERAL","Comment...if..Other.","Scientific.name","Common.name","Genus","Family","Order","Class","Phylum","More.than.10","Not.described","Pressure..level.1.","Comment..if..Other..","Pressure..level.2..GENERAL","Comment..if..Other","Genetic.composition.studied","Intraspecific.genetic.diversity","Genetic.differentiation","Effective.population.size","Inbreeding","Species.populations.studied","Population.migration","Distributions.and.abundances","Demographic.structure","Species.traits.studied","Mortality","Morphology","Physiology","Phenology","Nutrition.Diet","Behaviour","Swimming.characteristics..individual.level.","Reproduction","Community.composition.studied","Community.abundance","Taxonomic.phylogenetic.diversity","Trait.diversity","Interaction.diversity","Ecosystem.functioning.studied","Productivity","Other.Ecosystem.functions..biotic.","Other.Ecosystem.functions..abiotic.","Ecosystem.structure.studied","Ecosystem.type.horizontal.distribution","Ecosystem.Vertical.Profile","Social.ecological.system.studied","Social.ecological.system..across.ecosystem.including.humans.","No.EBVs.described","EVIDENCE","Fixed","Floating","No.OWF...Only.components.of.it","Not.described.1","Pre.Construction..in.situ.","Construction..in.situ.","Operation..in.situ.","Decommissioning..in.situ.","Post.Decomissioning..in.situ.","In.situ.but.not.on.OWF","Scenario...Laboratory.experiment...ex.situ","Not.described.2","Blades","Nacelle","Tower.above.water","Tower.below.water","Foundation..fixed.floating.","Fixation.cables..floating.","Offshore.substation","Electrical.Array.and.Export.cables","Entire.park...OWF.in.general","OWF.Vessels","Co.ordinates..Sexagesimal.degree.format","Co.ordinates..Decimal.degree.format","Old.Name.of.OWF.s.","Nº.of.turbines.foundations","Production.capacity..in.Mega.Watts.","Consented.area..kms.squared.","Mean.depth..meters.","NEW.Mean.depth..meters.","Mean.distance.to.coast..kms.","Country","Country.Co.ordinates","Name.of.coastal.region...sea..OTHER.or.NA.possible.","If.OTHER..enter.coastal.or.sea.name.here.","Sea.Co.ordinates","Study.year.START..NOT.article.publication.year.","Study.year.END..NOT.article.publication.year.","Study.Duration","Study.duration..months..IF.less.than.1.year","Scale.of.study.area.analysis","Empirical..in.site...at.the.site....With.a.comparator.in.time.or.space","Empirical..in.site...at.the.site....Without.a.comparator.in.time.or.space","Empirical..ex.situ..laboratory.studies.","Model","Participatory.study..questionnaires..interviews..surveys..expert.elicitation.","Other","Comments","Are.these.data.conclusions.transposable.to.France.","Do.you.think.this.article.is.important.for.cummulative.or.in.combination.impacts..CH10.","Are.any.assesment.frameworks.or.tools.being.developed.or.used..CH11.","Is.a.specific.action.of.mitigation.tested.in.the.study.for.a.specific.pressure..in.Methods...Results.","IF.YES...give.information.on.test..open.text.","IF.NOT.tested..Is.mitigation.significantly.discussed.in.the.discussion.section.for.a.specific.pressure..in.Discussion.only...no.results.","IF.YES...copy.text.related.to.it","Other.management.considerations..socio.institutional..tested.or.discussed.substantially","General.Notes..open.text.","Included_Excluded","row_id","col_instance...237","col_instance...238","Name.of.OWF.s.","Consented.Area.Length..km.","OWF.Centroidal.Latitude","OWF.Centroidal.Longitude","Consented.Area..km2.","Distance.to.Coast..km.","OWF.Type","Foundation.Type","Installation.Method","Substrate.Type","Min.Depth..m.","Max.Depth..m.","Production.Capacity..MW.","Turbine.Number","Exploitation.start.date","Exploitation.phase","EUNIS.Habitats","IUCN.Protected.Area.Type","IUCN.Protected.Area.Category","IUCN.Protected.Areas.overlap.with.OWF..km.","IUCN.Protected.Areas.overlap.with.OWF....","match_status"
"34","PKN9TKAV","EPPI-Reviewer ID: 97357911","Bergstrom (2013)","Bergstrom L; Sundqvist F; Bergstrom U",2013,"Effects of an offshore wind farm on temporal and spatial patterns in the demersal fish community","The rapid increase in offshore wind energy worldwide has raised concern about its potential risks to marine biodiversity due to habitat alteration, disturbance from noise and electromagnetic fields. This study presents results of surveillance studies performed at the Lillgrund wind farm in Sweden to investigate the integrated effects of these factors on the abundance and distribution patterns of benthic fish communities. The studies revealed no large-scale effects on fish diversity and abundance after establishment of the wind farm when compared to the development in 2 reference areas. Changes in some species and in community composition were observed over time but occurred in parallel in at least one reference area, indicating that fish communities in the wind farm area were mainly driven by the same environmental factors as those in surrounding areas. However, changes at smaller spatial scales were evident. Increased densities of all studied piscivores (cod, eel, shorthorn sculpin), as well as the reef-associated goldsinny wrasse, were observed close to the foundations in the first years of operation. The increase was probably attributed mainly to local changes in distribution rather than to immigration or increased local productivity. Simultaneously, weak or no aggregation of black goby, eelpout and shore crab, all potentially reef-associated but also prey species of the studied piscivores, was observed, which may indicate enhanced top-down control near the foundations.","MARINE ECOLOGY PROGRESS SERIES","journalArticle","FISH; SPATIOTEMPORAL ANALYSIS; WIND POWER; WIND TURBINE; ARTIFICIAL REEF; ELECTROMAGNETIC-FIELDS; RENEWABLE ENERGY; DISTURBANCE; ASSEMBLAGES; ECOSYSTEMS; ARTIFICIAL REEFS; ATTRACTION; COD GADUS-MORHUA; OFFSHORE WIND FARM; ENVIRONMENTAL IMPACT; ENVIRONMENTAL MONITORING; MARINE ENVIRONMENT; HABITATS; ABUNDANCE; BIODIVERSITY; COMMUNITY STRUCTURE; FOOD; ELECTROMAGNETIC FIELD; AREAS; DEMERSAL FISH; PREDATION; COMMUNITY COMPOSITION; DISTRIBUTION PATTERN; IMMIGRATION; PISCIVORE; SWEDEN; TOP-DOWN CONTROL","1616-1599","10.3354/meps10344","199-210",NA,485,"VOGEL Camille","vogel","Fish",NA,"Introduction of artifical reef (new habitat)","several pressures considered (CEM + reef effect + noise)","no",1,"NA","demersal fish, benthic fish","""Monitoring using fyke nets mainly targets benthic and demersal fish species, such as wrasses (mainly corkwing wrasse Symphodus melops and goldsinny wrasse Ctenolabrus rupestris), cod, eelpout Zoarces viviparus, sculpins (mainly shorthorn sculpin Myoxocephalus scorpius) and eel Anguilla anguilla.","adult","NS",NA,"yes","not specified","no","not specified","""These aspects may potentially decrease the value of the OWF as a habitat for fish, particularly for fish species with a well-developed hearing capacity or electroreception. [...] Changes in electromagnetic fields may de crease foraging efficiency in species that use their electromagnetic sense for detecting prey, such as elasmobranchs (Kimber et al. 2011, Gill et al. 2012), or potentially disturb fish migration (Wes terberg & Begout-Anras 2000, Westerberg & Lagenfelt 2008).","AC","NS","NA","36000","kVolt","NS","NA","AC","NS","NS","NA","NA","NA","NA","NA","NA","NA","NA","NA","NS","NS","NS","NS","chronical","continuous","variable","water-sediment interface",NA,"NS","NA","no","no","NA","NA","NA","quantitative","community diversity","diversity richness","number of species; shannon index","no impact/negligible","no","NA","Fig 2, tab 3","unknown","When comparing estimates of species richness at similar abundance levels, based on rarefaction,
these did not differ among areas or over time (Fig. 2, Table 3). The Shannon index differed among areas (p < 0.001) but not over
time. The interaction term was not significant for any of the estimates (B/A × Area: p = 0.5 and 0.9, respectively, Table 3), indicating a similar development in all areas and no effect of the wind farm on biodiversity
at this larger scale of study (Fig. 1a).","NA","NA","NA","NA","NA","36","NS","NS","36","1","YES","Yes","étude BACI de l'impact d'un parc à large échelle spatiale, ne permet pas de distinguer différentes pressions potentielles",NA,"PKN9TKAV","EPPI-Reviewer ID: 97357911","Bergstrom (2013)","Bergstrom L; Sundqvist F; Bergstrom U",2013,"Effects of an offshore wind farm on temporal and spatial patterns in the demersal fish community","The rapid increase in offshore wind energy worldwide has raised concern about its potential risks to marine biodiversity due to habitat alteration, disturbance from noise and electromagnetic fields. This study presents results of surveillance studies performed at the Lillgrund wind farm in Sweden to investigate the integrated effects of these factors on the abundance and distribution patterns of benthic fish communities. The studies revealed no large-scale effects on fish diversity and abundance after establishment of the wind farm when compared to the development in 2 reference areas. Changes in some species and in community composition were observed over time but occurred in parallel in at least one reference area, indicating that fish communities in the wind farm area were mainly driven by the same environmental factors as those in surrounding areas. However, changes at smaller spatial scales were evident. Increased densities of all studied piscivores (cod, eel, shorthorn sculpin), as well as the reef-associated goldsinny wrasse, were observed close to the foundations in the first years of operation. The increase was probably attributed mainly to local changes in distribution rather than to immigration or increased local productivity. Simultaneously, weak or no aggregation of black goby, eelpout and shore crab, all potentially reef-associated but also prey species of the studied piscivores, was observed, which may indicate enhanced top-down control near the foundations.","MARINE ECOLOGY PROGRESS SERIES","journalArticle","FISH; SPATIOTEMPORAL ANALYSIS; WIND POWER; WIND TURBINE; ARTIFICIAL REEF; ELECTROMAGNETIC-FIELDS; RENEWABLE ENERGY; DISTURBANCE; ASSEMBLAGES; ECOSYSTEMS; ARTIFICIAL REEFS; ATTRACTION; COD GADUS-MORHUA; OFFSHORE WIND FARM; ENVIRONMENTAL IMPACT; ENVIRONMENTAL MONITORING; MARINE ENVIRONMENT; HABITATS; ABUNDANCE; BIODIVERSITY; COMMUNITY STRUCTURE; FOOD; ELECTROMAGNETIC FIELD; AREAS; DEMERSAL FISH; PREDATION; COMMUNITY COMPOSITION; DISTRIBUTION PATTERN; IMMIGRATION; PISCIVORE; SWEDEN; TOP-DOWN CONTROL",NA,"1616-1599","10.3354/meps10344",NA,"199-210","","485","VOGEL Camille","","(X) vogel","X","X","X","","vogel","thiriet","","Vogel, CH2 and CH3 : no elements to discuss benthic or pelagic changes but rather a global approch corresponding to CH7; Vogel, CH4: no elements to discuss the potential effects of sound; Vogel, CH5: no elements to discuss the potential effects of an introduction of energy ","","","Article","No - Continue","No - Continue","No - Continue","Fish","",NA,NA,NA,NA,NA,NA,NA,"Yes",0,"Biological","","Introduction of artifical reef (new habitat)","","No",NA,NA,NA,NA,"Yes",NA,"Effect",NA,"Yes",NA,NA,NA,NA,NA,"Effect",NA,NA,"Yes","No-Effect",NA,NA,NA,"No",NA,NA,NA,"No",NA,NA,"No",NA,"","In results: ""no effect of the wind farm on biodiversity at this larger scale of study (Fig. 1a)."", ""The patterns were mainly shaped by higher biomasses in the years after construction in all areas, asevident from the positive loading of most species vectors on the second axis"", ""Increasing densities towards the turbine foundations was observed for 4 of the 7 species studied more closely, namely cod, eel, shorthorn sculpin and goldsinny wrasse (Table 4, Fig. 5).""; In discussion: ""no major effects on benthic fish diversity and abundance when comparing the wind farm area with the reference areas."",  ""any potentially negative effects from the wind farm during operation, such as noise disturbance and electro
magnetic fields, did not override the attractive effect of the introduced structures for any of the species."", ""the main effect of the wind farm on the studied fish communities was probably a change in the distribution of fish within the wind farm area rather than an effect on immigration rates for local productivity."", ""Spatial patterns in the distribution of fish within the wind farm area do not indicate avoidance behavior at a smaller spatial scale. Instead, an increase in densities of piscivores around the foundations observed during the first years of operation, in combination with un -
changed densities of smaller mesopredatory fish, gives some indication that OWF might provide long-term benefits by enhancing local ecosystem services.""","Yes","No","No","No","Yes","No","Yes","No","No","No","No","No","No","No","No","No","No","No","No","No","Yes","No","N55° 29′ 30'', E12° 48' 30''",NA,"Lillgrund ","48","110",NA,"7","7","9","Sweden","60.065061, 16.707435","BALTIC SEA","Oresünd","56.380157, 18.944315",2002,2010,8,"More than 12 months","1 Farm","Yes","No","No","No","No","No",NA,"Yes","No","No","No","","No","","No","large-scale MPAs as planned for the North Sea will not imply that restoration of benthic assemblages can be expected within a relatively short period of years","Inlcuded",1,1,1,"Lillgrund",NA,"56.3353","16.2852",NA,NA,NA,NA,NA,NA,NA,NA,NA,NA,NA,NA,NA,NA,NA,NA,NA,"merged"
"34","PKN9TKAV","EPPI-Reviewer ID: 97357911","Bergstrom (2013)","Bergstrom L; Sundqvist F; Bergstrom U",2013,"Effects of an offshore wind farm on temporal and spatial patterns in the demersal fish community","The rapid increase in offshore wind energy worldwide has raised concern about its potential risks to marine biodiversity due to habitat alteration, disturbance from noise and electromagnetic fields. This study presents results of surveillance studies performed at the Lillgrund wind farm in Sweden to investigate the integrated effects of these factors on the abundance and distribution patterns of benthic fish communities. The studies revealed no large-scale effects on fish diversity and abundance after establishment of the wind farm when compared to the development in 2 reference areas. Changes in some species and in community composition were observed over time but occurred in parallel in at least one reference area, indicating that fish communities in the wind farm area were mainly driven by the same environmental factors as those in surrounding areas. However, changes at smaller spatial scales were evident. Increased densities of all studied piscivores (cod, eel, shorthorn sculpin), as well as the reef-associated goldsinny wrasse, were observed close to the foundations in the first years of operation. The increase was probably attributed mainly to local changes in distribution rather than to immigration or increased local productivity. Simultaneously, weak or no aggregation of black goby, eelpout and shore crab, all potentially reef-associated but also prey species of the studied piscivores, was observed, which may indicate enhanced top-down control near the foundations.","MARINE ECOLOGY PROGRESS SERIES","journalArticle","FISH; SPATIOTEMPORAL ANALYSIS; WIND POWER; WIND TURBINE; ARTIFICIAL REEF; ELECTROMAGNETIC-FIELDS; RENEWABLE ENERGY; DISTURBANCE; ASSEMBLAGES; ECOSYSTEMS; ARTIFICIAL REEFS; ATTRACTION; COD GADUS-MORHUA; OFFSHORE WIND FARM; ENVIRONMENTAL IMPACT; ENVIRONMENTAL MONITORING; MARINE ENVIRONMENT; HABITATS; ABUNDANCE; BIODIVERSITY; COMMUNITY STRUCTURE; FOOD; ELECTROMAGNETIC FIELD; AREAS; DEMERSAL FISH; PREDATION; COMMUNITY COMPOSITION; DISTRIBUTION PATTERN; IMMIGRATION; PISCIVORE; SWEDEN; TOP-DOWN CONTROL","1616-1599","10.3354/meps10344","199-210",NA,485,"VOGEL Camille","vogel","Fish",NA,"Introduction of artifical reef (new habitat)","several pressures considered (CEM + reef effect + noise)","no",2,"NA","demersal fish, benthic fish","""Monitoring using fyke nets mainly targets benthic and demersal fish species, such as wrasses (mainly corkwing wrasse Symphodus melops and goldsinny wrasse Ctenolabrus rupestris), cod, eelpout Zoarces viviparus, sculpins (mainly shorthorn sculpin Myoxocephalus scorpius) and eel Anguilla anguilla.","adult","NS",NA,"yes","not specified","no","not specified","""These aspects may potentially decrease the value of the OWF as a habitat for fish, particularly for fish species with a well-developed hearing capacity or electroreception. [...] Changes in electromagnetic fields may de crease foraging efficiency in species that use their electromagnetic sense for detecting prey, such as elasmobranchs (Kimber et al. 2011, Gill et al. 2012), or potentially disturb fish migration (Wes terberg & Begout-Anras 2000, Westerberg & Lagenfelt 2008).","AC","NS","NA","36000","kVolt","NS","NA","AC","NS","NS","NA","NA","NA","NA","NA","NA","NA","NA","NA","NS","NS","NS","NS","chronical","continuous","variable","water-sediment interface",NA,"NS","NA","no","no","NA","NA","NA","quantitative","community biomass","Total fish biomass","g / station","no impact/negligible","no","NA","Fig 3, tab 3","unknown","Total fish biomass differed between areas and over time (p < 0.01 for Area
and for B/A), but the changes over time were similar in all areas (B/A ×
Area; p = 0.555, Table 3). This was also true for most of the dominating fish species and for shore crab.","NA","NA","NA","NA","NA","36","NS","NS","36","1","YES","Yes","étude BACI de l'impact d'un parc à large échelle spatiale, ne permet pas de distinguer différentes pressions potentielles",NA,"PKN9TKAV","EPPI-Reviewer ID: 97357911","Bergstrom (2013)","Bergstrom L; Sundqvist F; Bergstrom U",2013,"Effects of an offshore wind farm on temporal and spatial patterns in the demersal fish community","The rapid increase in offshore wind energy worldwide has raised concern about its potential risks to marine biodiversity due to habitat alteration, disturbance from noise and electromagnetic fields. This study presents results of surveillance studies performed at the Lillgrund wind farm in Sweden to investigate the integrated effects of these factors on the abundance and distribution patterns of benthic fish communities. The studies revealed no large-scale effects on fish diversity and abundance after establishment of the wind farm when compared to the development in 2 reference areas. Changes in some species and in community composition were observed over time but occurred in parallel in at least one reference area, indicating that fish communities in the wind farm area were mainly driven by the same environmental factors as those in surrounding areas. However, changes at smaller spatial scales were evident. Increased densities of all studied piscivores (cod, eel, shorthorn sculpin), as well as the reef-associated goldsinny wrasse, were observed close to the foundations in the first years of operation. The increase was probably attributed mainly to local changes in distribution rather than to immigration or increased local productivity. Simultaneously, weak or no aggregation of black goby, eelpout and shore crab, all potentially reef-associated but also prey species of the studied piscivores, was observed, which may indicate enhanced top-down control near the foundations.","MARINE ECOLOGY PROGRESS SERIES","journalArticle","FISH; SPATIOTEMPORAL ANALYSIS; WIND POWER; WIND TURBINE; ARTIFICIAL REEF; ELECTROMAGNETIC-FIELDS; RENEWABLE ENERGY; DISTURBANCE; ASSEMBLAGES; ECOSYSTEMS; ARTIFICIAL REEFS; ATTRACTION; COD GADUS-MORHUA; OFFSHORE WIND FARM; ENVIRONMENTAL IMPACT; ENVIRONMENTAL MONITORING; MARINE ENVIRONMENT; HABITATS; ABUNDANCE; BIODIVERSITY; COMMUNITY STRUCTURE; FOOD; ELECTROMAGNETIC FIELD; AREAS; DEMERSAL FISH; PREDATION; COMMUNITY COMPOSITION; DISTRIBUTION PATTERN; IMMIGRATION; PISCIVORE; SWEDEN; TOP-DOWN CONTROL",NA,"1616-1599","10.3354/meps10344",NA,"199-210","","485","VOGEL Camille","","(X) vogel","X","X","X","","vogel","thiriet","","Vogel, CH2 and CH3 : no elements to discuss benthic or pelagic changes but rather a global approch corresponding to CH7; Vogel, CH4: no elements to discuss the potential effects of sound; Vogel, CH5: no elements to discuss the potential effects of an introduction of energy ","","","Article","No - Continue","No - Continue","No - Continue","Fish","",NA,NA,NA,NA,NA,NA,NA,"Yes",0,"Biological","","Introduction of artifical reef (new habitat)","","No",NA,NA,NA,NA,"Yes",NA,"Effect",NA,"Yes",NA,NA,NA,NA,NA,"Effect",NA,NA,"Yes","No-Effect",NA,NA,NA,"No",NA,NA,NA,"No",NA,NA,"No",NA,"","In results: ""no effect of the wind farm on biodiversity at this larger scale of study (Fig. 1a)."", ""The patterns were mainly shaped by higher biomasses in the years after construction in all areas, asevident from the positive loading of most species vectors on the second axis"", ""Increasing densities towards the turbine foundations was observed for 4 of the 7 species studied more closely, namely cod, eel, shorthorn sculpin and goldsinny wrasse (Table 4, Fig. 5).""; In discussion: ""no major effects on benthic fish diversity and abundance when comparing the wind farm area with the reference areas."",  ""any potentially negative effects from the wind farm during operation, such as noise disturbance and electro
magnetic fields, did not override the attractive effect of the introduced structures for any of the species."", ""the main effect of the wind farm on the studied fish communities was probably a change in the distribution of fish within the wind farm area rather than an effect on immigration rates for local productivity."", ""Spatial patterns in the distribution of fish within the wind farm area do not indicate avoidance behavior at a smaller spatial scale. Instead, an increase in densities of piscivores around the foundations observed during the first years of operation, in combination with un -
changed densities of smaller mesopredatory fish, gives some indication that OWF might provide long-term benefits by enhancing local ecosystem services.""","Yes","No","No","No","Yes","No","Yes","No","No","No","No","No","No","No","No","No","No","No","No","No","Yes","No","N55° 29′ 30'', E12° 48' 30''",NA,"Lillgrund ","48","110",NA,"7","7","9","Sweden","60.065061, 16.707435","BALTIC SEA","Oresünd","56.380157, 18.944315",2002,2010,8,"More than 12 months","1 Farm","Yes","No","No","No","No","No",NA,"Yes","No","No","No","","No","","No","large-scale MPAs as planned for the North Sea will not imply that restoration of benthic assemblages can be expected within a relatively short period of years","Inlcuded",2,1,1,"Lillgrund",NA,"56.3353","16.2852",NA,NA,NA,NA,NA,NA,NA,NA,NA,NA,NA,NA,NA,NA,NA,NA,NA,"merged"
"39","WKCAURFC","EPPI-Reviewer ID: 97840252","Bochert (2004)","Bochert R; Zettler ML",2004,"Long-term exposure of several marine benthic animals to static magnetic fields","Electrical currents in underwater sea cables could induce magnetic fields. The sea cables lie on or within the sea bottom and this is the living area for many invertebrate and vertebrate species. North Sea prawn Crangon crangon (Crustacea, Decapoda), round crab Rhithropanopeus harrisii (Crustacea, Brachyura), glacial relict isopod Saduria entomon (Crustacea, Isopoda), blue mussel Mytilus edulis (Bivalvia), and young flounder Plathichthys flesus (Pisces) were exposed to a static magnetic field (MF) of 3.7 mT for several weeks. The results showed no differences in survival between experimental and control animals. Mussels M. edulis were kept under static magnetic field conditions for 3 months during their reproductive period in spring. The determination of gonad index and condition index revealed no significant differences to the control group. (C) 2004 Wiley-Liss, Inc.","BIOELECTROMAGNETICS","journalArticle","Crangon crangon; GEOMAGNETIC ORIENTATION; Mytilus edulis; Plathichthys flesus; Rhithropanopeus harrisii; Saduria entomon; undersea cable","1521-186X","10.1002/bem.20019","498-502","7",25,"CARLIER Antoine","carlier","Benthic macro-invertebrates ",NA,"Input of other forms of energy",NA,"yes",1,"Crangon crangon","epi-benthos","""The epi- and endobenthic, mobile and sessile fauna could come into contact with these artificial MFs for indefinite times.""","NS","NS",NA,"not specified","not specified","not specified","not specified",NA,"DC","NS","NA","NS","NA","NS","NA","DC","3.7000000000000002E-3","NS","p499: ""a DC power source DF 3010 10A generated a variable static MF up to 3.7 mT""","NA","NA","NA","other","NS","NS","NS","p499: ""All studies were performed in a [...] light/dark cycle of 13.5 h/10.5 h.""","0","7","weeks","49","chronical","continuous","steady","water-sediment interface",NA,"49","NA","no","no","NA","NA","NA","quantitative","mortality","survival rate","Number of animals","increase","no","unknown","Fig 1a","direct","Fig 1a","NA","NA","NA","NA","NA","NA","NA","NA","1","10","YES","Yes",NA,NA,"WKCAURFC","EPPI-Reviewer ID: 97840252","Bochert (2004)","Bochert R; Zettler ML",2004,"Long-term exposure of several marine benthic animals to static magnetic fields","Electrical currents in underwater sea cables could induce magnetic fields. The sea cables lie on or within the sea bottom and this is the living area for many invertebrate and vertebrate species. North Sea prawn Crangon crangon (Crustacea, Decapoda), round crab Rhithropanopeus harrisii (Crustacea, Brachyura), glacial relict isopod Saduria entomon (Crustacea, Isopoda), blue mussel Mytilus edulis (Bivalvia), and young flounder Plathichthys flesus (Pisces) were exposed to a static magnetic field (MF) of 3.7 mT for several weeks. The results showed no differences in survival between experimental and control animals. Mussels M. edulis were kept under static magnetic field conditions for 3 months during their reproductive period in spring. The determination of gonad index and condition index revealed no significant differences to the control group. (C) 2004 Wiley-Liss, Inc.","BIOELECTROMAGNETICS","journalArticle","Crangon crangon; GEOMAGNETIC ORIENTATION; Mytilus edulis; Plathichthys flesus; Rhithropanopeus harrisii; Saduria entomon; undersea cable",NA,"1521-186X","10.1002/bem.20019",NA,"498-502","7","25","CARLIER Antoine","","X","","","carlier","","","","","Carlier + CH2: this is an experimental study that only addresses impact of EMF, not of other pressures ","","","Article","No - Continue","No - Continue","No - Continue","Benthic macro-invertebrates ","","Crangon crangon; Rhithropanopeus harrisii; Saduria entomon; Mytilus edulis",NA,NA,NA,NA,NA,NA,"No",0,"Physical","","Input of other forms of energy","","No",NA,NA,NA,NA,"No",NA,NA,NA,"Yes","No-Effect",NA,NA,NA,"No-Effect",NA,NA,"No-Effect","No",NA,NA,NA,NA,"No",NA,NA,NA,"No",NA,NA,"No",NA,"","Fig 1a,b,c,d; Figs 2,3","No","No","No","Yes","No","No","No","No","No","No","Yes","No","No","No","No","No","No","No","No","No","No","No",NA,NA,NA,NA,NA,NA,NA,NA,NA,"Germany","50.631604, 10.690863","BALTIC SEA",NA,"56.380157, 18.944315",2002,2003,0.25,"3",NA,"No","No","Yes","No","No","No",NA,"Yes","Unsure","No","No","","No","","No","study duration varies from 1 to 3 months","Inlcuded",3,1,1,NA,NA,NA,NA,NA,NA,NA,NA,NA,NA,NA,NA,NA,NA,NA,NA,NA,NA,NA,NA,NA,"merged"
"39","WKCAURFC","EPPI-Reviewer ID: 97840252","Bochert (2004)","Bochert R; Zettler ML",2004,"Long-term exposure of several marine benthic animals to static magnetic fields","Electrical currents in underwater sea cables could induce magnetic fields. The sea cables lie on or within the sea bottom and this is the living area for many invertebrate and vertebrate species. North Sea prawn Crangon crangon (Crustacea, Decapoda), round crab Rhithropanopeus harrisii (Crustacea, Brachyura), glacial relict isopod Saduria entomon (Crustacea, Isopoda), blue mussel Mytilus edulis (Bivalvia), and young flounder Plathichthys flesus (Pisces) were exposed to a static magnetic field (MF) of 3.7 mT for several weeks. The results showed no differences in survival between experimental and control animals. Mussels M. edulis were kept under static magnetic field conditions for 3 months during their reproductive period in spring. The determination of gonad index and condition index revealed no significant differences to the control group. (C) 2004 Wiley-Liss, Inc.","BIOELECTROMAGNETICS","journalArticle","Crangon crangon; GEOMAGNETIC ORIENTATION; Mytilus edulis; Plathichthys flesus; Rhithropanopeus harrisii; Saduria entomon; undersea cable","1521-186X","10.1002/bem.20019","498-502","7",25,"CARLIER Antoine","carlier","Benthic macro-invertebrates ",NA,"Input of other forms of energy",NA,"yes",2,"Rhithropanopeus harrisii","epi-benthos","""The epi- and endobenthic, mobile and sessile fauna could come into contact with these artificial MFs for indefinite times.""","NS","NS",NA,"not specified","not specified","not specified","not specified",NA,"DC","NS","NA","NS","NA","NS","NA","DC","3.7000000000000002E-3","NS","p499: ""a DC power source DF 3010 10A generated a variable static MF up to 3.7 mT""","NA","NA","NA","other","NS","NS","NS","p499: ""All studies were performed in a [...] light/dark cycle of 13.5 h/10.5 h.""","0","57","days","57","chronical","continuous","steady","water-sediment interface",NA,"49","NA","no","no","NA","NA","NA","quantitative","mortality","survival rate","Number of animals","decrease","no","unknown","Fig 1c","direct","Fig 1c","NA","NA","NA","NA","NA","NA","NA","NA","1","30","YES","Yes",NA,NA,"WKCAURFC","EPPI-Reviewer ID: 97840252","Bochert (2004)","Bochert R; Zettler ML",2004,"Long-term exposure of several marine benthic animals to static magnetic fields","Electrical currents in underwater sea cables could induce magnetic fields. The sea cables lie on or within the sea bottom and this is the living area for many invertebrate and vertebrate species. North Sea prawn Crangon crangon (Crustacea, Decapoda), round crab Rhithropanopeus harrisii (Crustacea, Brachyura), glacial relict isopod Saduria entomon (Crustacea, Isopoda), blue mussel Mytilus edulis (Bivalvia), and young flounder Plathichthys flesus (Pisces) were exposed to a static magnetic field (MF) of 3.7 mT for several weeks. The results showed no differences in survival between experimental and control animals. Mussels M. edulis were kept under static magnetic field conditions for 3 months during their reproductive period in spring. The determination of gonad index and condition index revealed no significant differences to the control group. (C) 2004 Wiley-Liss, Inc.","BIOELECTROMAGNETICS","journalArticle","Crangon crangon; GEOMAGNETIC ORIENTATION; Mytilus edulis; Plathichthys flesus; Rhithropanopeus harrisii; Saduria entomon; undersea cable",NA,"1521-186X","10.1002/bem.20019",NA,"498-502","7","25","CARLIER Antoine","","X","","","carlier","","","","","Carlier + CH2: this is an experimental study that only addresses impact of EMF, not of other pressures ","","","Article","No - Continue","No - Continue","No - Continue","Benthic macro-invertebrates ","","Crangon crangon; Rhithropanopeus harrisii; Saduria entomon; Mytilus edulis",NA,NA,NA,NA,NA,NA,"No",0,"Physical","","Input of other forms of energy","","No",NA,NA,NA,NA,"No",NA,NA,NA,"Yes","No-Effect",NA,NA,NA,"No-Effect",NA,NA,"No-Effect","No",NA,NA,NA,NA,"No",NA,NA,NA,"No",NA,NA,"No",NA,"","Fig 1a,b,c,d; Figs 2,3","No","No","No","Yes","No","No","No","No","No","No","Yes","No","No","No","No","No","No","No","No","No","No","No",NA,NA,NA,NA,NA,NA,NA,NA,NA,"Germany","50.631604, 10.690863","BALTIC SEA",NA,"56.380157, 18.944315",2002,2003,0.25,"3",NA,"No","No","Yes","No","No","No",NA,"Yes","Unsure","No","No","","No","","No","study duration varies from 1 to 3 months","Inlcuded",4,1,1,NA,NA,NA,NA,NA,NA,NA,NA,NA,NA,NA,NA,NA,NA,NA,NA,NA,NA,NA,NA,NA,"merged"
"39","WKCAURFC","EPPI-Reviewer ID: 97840252","Bochert (2004)","Bochert R; Zettler ML",2004,"Long-term exposure of several marine benthic animals to static magnetic fields","Electrical currents in underwater sea cables could induce magnetic fields. The sea cables lie on or within the sea bottom and this is the living area for many invertebrate and vertebrate species. North Sea prawn Crangon crangon (Crustacea, Decapoda), round crab Rhithropanopeus harrisii (Crustacea, Brachyura), glacial relict isopod Saduria entomon (Crustacea, Isopoda), blue mussel Mytilus edulis (Bivalvia), and young flounder Plathichthys flesus (Pisces) were exposed to a static magnetic field (MF) of 3.7 mT for several weeks. The results showed no differences in survival between experimental and control animals. Mussels M. edulis were kept under static magnetic field conditions for 3 months during their reproductive period in spring. The determination of gonad index and condition index revealed no significant differences to the control group. (C) 2004 Wiley-Liss, Inc.","BIOELECTROMAGNETICS","journalArticle","Crangon crangon; GEOMAGNETIC ORIENTATION; Mytilus edulis; Plathichthys flesus; Rhithropanopeus harrisii; Saduria entomon; undersea cable","1521-186X","10.1002/bem.20019","498-502","7",25,"CARLIER Antoine","carlier","Benthic macro-invertebrates ",NA,"Input of other forms of energy",NA,"yes",3,"Saduria entomon","epi-benthos","""The epi- and endobenthic, mobile and sessile fauna could come into contact with these artificial MFs for indefinite times.""","NS","NS",NA,"not specified","not specified","not specified","not specified",NA,"DC","NS","NA","NS","NA","NS","NA","DC","3.7000000000000002E-3","NS","p499: ""a DC power source DF 3010 10A generated a variable static MF up to 3.7 mT""","NA","NA","NA","other","NS","NS","NS","p499: ""All studies were performed in a [...] light/dark cycle of 13.5 h/10.5 h.""","0","3","months","91.5","chronical","continuous","steady","water-sediment interface",NA,"49","NA","no","no","NA","NA","NA","quantitative","mortality","survival rate","Number of animals","decrease","no","unknown","Fig 1b","direct","Fig 1b","NA","NA","NA","NA","NA","NA","NA","NA","1","24","YES","Yes",NA,NA,"WKCAURFC","EPPI-Reviewer ID: 97840252","Bochert (2004)","Bochert R; Zettler ML",2004,"Long-term exposure of several marine benthic animals to static magnetic fields","Electrical currents in underwater sea cables could induce magnetic fields. The sea cables lie on or within the sea bottom and this is the living area for many invertebrate and vertebrate species. North Sea prawn Crangon crangon (Crustacea, Decapoda), round crab Rhithropanopeus harrisii (Crustacea, Brachyura), glacial relict isopod Saduria entomon (Crustacea, Isopoda), blue mussel Mytilus edulis (Bivalvia), and young flounder Plathichthys flesus (Pisces) were exposed to a static magnetic field (MF) of 3.7 mT for several weeks. The results showed no differences in survival between experimental and control animals. Mussels M. edulis were kept under static magnetic field conditions for 3 months during their reproductive period in spring. The determination of gonad index and condition index revealed no significant differences to the control group. (C) 2004 Wiley-Liss, Inc.","BIOELECTROMAGNETICS","journalArticle","Crangon crangon; GEOMAGNETIC ORIENTATION; Mytilus edulis; Plathichthys flesus; Rhithropanopeus harrisii; Saduria entomon; undersea cable",NA,"1521-186X","10.1002/bem.20019",NA,"498-502","7","25","CARLIER Antoine","","X","","","carlier","","","","","Carlier + CH2: this is an experimental study that only addresses impact of EMF, not of other pressures ","","","Article","No - Continue","No - Continue","No - Continue","Benthic macro-invertebrates ","","Crangon crangon; Rhithropanopeus harrisii; Saduria entomon; Mytilus edulis",NA,NA,NA,NA,NA,NA,"No",0,"Physical","","Input of other forms of energy","","No",NA,NA,NA,NA,"No",NA,NA,NA,"Yes","No-Effect",NA,NA,NA,"No-Effect",NA,NA,"No-Effect","No",NA,NA,NA,NA,"No",NA,NA,NA,"No",NA,NA,"No",NA,"","Fig 1a,b,c,d; Figs 2,3","No","No","No","Yes","No","No","No","No","No","No","Yes","No","No","No","No","No","No","No","No","No","No","No",NA,NA,NA,NA,NA,NA,NA,NA,NA,"Germany","50.631604, 10.690863","BALTIC SEA",NA,"56.380157, 18.944315",2002,2003,0.25,"3",NA,"No","No","Yes","No","No","No",NA,"Yes","Unsure","No","No","","No","","No","study duration varies from 1 to 3 months","Inlcuded",5,1,1,NA,NA,NA,NA,NA,NA,NA,NA,NA,NA,NA,NA,NA,NA,NA,NA,NA,NA,NA,NA,NA,"merged"
"39","WKCAURFC","EPPI-Reviewer ID: 97840252","Bochert (2004)","Bochert R; Zettler ML",2004,"Long-term exposure of several marine benthic animals to static magnetic fields","Electrical currents in underwater sea cables could induce magnetic fields. The sea cables lie on or within the sea bottom and this is the living area for many invertebrate and vertebrate species. North Sea prawn Crangon crangon (Crustacea, Decapoda), round crab Rhithropanopeus harrisii (Crustacea, Brachyura), glacial relict isopod Saduria entomon (Crustacea, Isopoda), blue mussel Mytilus edulis (Bivalvia), and young flounder Plathichthys flesus (Pisces) were exposed to a static magnetic field (MF) of 3.7 mT for several weeks. The results showed no differences in survival between experimental and control animals. Mussels M. edulis were kept under static magnetic field conditions for 3 months during their reproductive period in spring. The determination of gonad index and condition index revealed no significant differences to the control group. (C) 2004 Wiley-Liss, Inc.","BIOELECTROMAGNETICS","journalArticle","Crangon crangon; GEOMAGNETIC ORIENTATION; Mytilus edulis; Plathichthys flesus; Rhithropanopeus harrisii; Saduria entomon; undersea cable","1521-186X","10.1002/bem.20019","498-502","7",25,"CARLIER Antoine","carlier","Benthic macro-invertebrates ",NA,"Input of other forms of energy",NA,"yes",4,"Mytilus edulis","epi-benthos","""The epi- and endobenthic, mobile and sessile fauna could come into contact with these artificial MFs for indefinite times.""","NS","NS",NA,"not specified","not specified","not specified","not specified",NA,"DC","NS","NA","NS","NA","NS","NA","DC","3.7000000000000002E-3","NS","p499: ""a DC power source DF 3010 10A generated a variable static MF up to 3.7 mT""","NA","NA","NA","other","NS","NS","NS","p499: ""All studies were performed in a [...] light/dark cycle of 13.5 h/10.5 h.""","0","5","weeks","35","chronical","continuous","steady","water-sediment interface",NA,"49","NA","no","no","NA","NA","NA","quantitative","mortality","survival rate","Number of animals","increase","no","unknown","Fig 1d","direct","Fig 1d","NA","NA","NA","NA","NA","NA","NA","NA","1","60","YES","Yes",NA,NA,"WKCAURFC","EPPI-Reviewer ID: 97840252","Bochert (2004)","Bochert R; Zettler ML",2004,"Long-term exposure of several marine benthic animals to static magnetic fields","Electrical currents in underwater sea cables could induce magnetic fields. The sea cables lie on or within the sea bottom and this is the living area for many invertebrate and vertebrate species. North Sea prawn Crangon crangon (Crustacea, Decapoda), round crab Rhithropanopeus harrisii (Crustacea, Brachyura), glacial relict isopod Saduria entomon (Crustacea, Isopoda), blue mussel Mytilus edulis (Bivalvia), and young flounder Plathichthys flesus (Pisces) were exposed to a static magnetic field (MF) of 3.7 mT for several weeks. The results showed no differences in survival between experimental and control animals. Mussels M. edulis were kept under static magnetic field conditions for 3 months during their reproductive period in spring. The determination of gonad index and condition index revealed no significant differences to the control group. (C) 2004 Wiley-Liss, Inc.","BIOELECTROMAGNETICS","journalArticle","Crangon crangon; GEOMAGNETIC ORIENTATION; Mytilus edulis; Plathichthys flesus; Rhithropanopeus harrisii; Saduria entomon; undersea cable",NA,"1521-186X","10.1002/bem.20019",NA,"498-502","7","25","CARLIER Antoine","","X","","","carlier","","","","","Carlier + CH2: this is an experimental study that only addresses impact of EMF, not of other pressures ","","","Article","No - Continue","No - Continue","No - Continue","Benthic macro-invertebrates ","","Crangon crangon; Rhithropanopeus harrisii; Saduria entomon; Mytilus edulis",NA,NA,NA,NA,NA,NA,"No",0,"Physical","","Input of other forms of energy","","No",NA,NA,NA,NA,"No",NA,NA,NA,"Yes","No-Effect",NA,NA,NA,"No-Effect",NA,NA,"No-Effect","No",NA,NA,NA,NA,"No",NA,NA,NA,"No",NA,NA,"No",NA,"","Fig 1a,b,c,d; Figs 2,3","No","No","No","Yes","No","No","No","No","No","No","Yes","No","No","No","No","No","No","No","No","No","No","No",NA,NA,NA,NA,NA,NA,NA,NA,NA,"Germany","50.631604, 10.690863","BALTIC SEA",NA,"56.380157, 18.944315",2002,2003,0.25,"3",NA,"No","No","Yes","No","No","No",NA,"Yes","Unsure","No","No","","No","","No","study duration varies from 1 to 3 months","Inlcuded",6,1,1,NA,NA,NA,NA,NA,NA,NA,NA,NA,NA,NA,NA,NA,NA,NA,NA,NA,NA,NA,NA,NA,"merged"
"39","WKCAURFC","EPPI-Reviewer ID: 97840252","Bochert (2004)","Bochert R; Zettler ML",2004,"Long-term exposure of several marine benthic animals to static magnetic fields","Electrical currents in underwater sea cables could induce magnetic fields. The sea cables lie on or within the sea bottom and this is the living area for many invertebrate and vertebrate species. North Sea prawn Crangon crangon (Crustacea, Decapoda), round crab Rhithropanopeus harrisii (Crustacea, Brachyura), glacial relict isopod Saduria entomon (Crustacea, Isopoda), blue mussel Mytilus edulis (Bivalvia), and young flounder Plathichthys flesus (Pisces) were exposed to a static magnetic field (MF) of 3.7 mT for several weeks. The results showed no differences in survival between experimental and control animals. Mussels M. edulis were kept under static magnetic field conditions for 3 months during their reproductive period in spring. The determination of gonad index and condition index revealed no significant differences to the control group. (C) 2004 Wiley-Liss, Inc.","BIOELECTROMAGNETICS","journalArticle","Crangon crangon; GEOMAGNETIC ORIENTATION; Mytilus edulis; Plathichthys flesus; Rhithropanopeus harrisii; Saduria entomon; undersea cable","1521-186X","10.1002/bem.20019","498-502","7",25,"CARLIER Antoine","carlier","Benthic macro-invertebrates ",NA,"Input of other forms of energy",NA,"yes",5,"Mytilus edulis","epi-benthos","""The epi- and endobenthic, mobile and sessile fauna could come into contact with these artificial MFs for indefinite times.""","NS","NS",NA,"not specified","not specified","not specified","not specified",NA,"DC","NS","NA","NS","NA","NS","NA","DC","3.7000000000000002E-3","NS","p499: ""a DC power source DF 3010 10A generated a variable static MF up to 3.7 mT""","NA","NA","NA","other","NS","NS","NS","p499: ""All studies were performed in a [...] light/dark cycle of 13.5 h/10.5 h.""","0","5","weeks","35","chronical","continuous","steady","water-sediment interface",NA,"49","NA","no","no","NA","individual","NA","quantitative","fitness","condition index","Number of animals","decrease","no","unknown","Fig 2","direct","Fig 2","NA","NA","NA","NA","NA","NA","NA","NA","NA","NS","YES","Yes",NA,NA,"WKCAURFC","EPPI-Reviewer ID: 97840252","Bochert (2004)","Bochert R; Zettler ML",2004,"Long-term exposure of several marine benthic animals to static magnetic fields","Electrical currents in underwater sea cables could induce magnetic fields. The sea cables lie on or within the sea bottom and this is the living area for many invertebrate and vertebrate species. North Sea prawn Crangon crangon (Crustacea, Decapoda), round crab Rhithropanopeus harrisii (Crustacea, Brachyura), glacial relict isopod Saduria entomon (Crustacea, Isopoda), blue mussel Mytilus edulis (Bivalvia), and young flounder Plathichthys flesus (Pisces) were exposed to a static magnetic field (MF) of 3.7 mT for several weeks. The results showed no differences in survival between experimental and control animals. Mussels M. edulis were kept under static magnetic field conditions for 3 months during their reproductive period in spring. The determination of gonad index and condition index revealed no significant differences to the control group. (C) 2004 Wiley-Liss, Inc.","BIOELECTROMAGNETICS","journalArticle","Crangon crangon; GEOMAGNETIC ORIENTATION; Mytilus edulis; Plathichthys flesus; Rhithropanopeus harrisii; Saduria entomon; undersea cable",NA,"1521-186X","10.1002/bem.20019",NA,"498-502","7","25","CARLIER Antoine","","X","","","carlier","","","","","Carlier + CH2: this is an experimental study that only addresses impact of EMF, not of other pressures ","","","Article","No - Continue","No - Continue","No - Continue","Benthic macro-invertebrates ","","Crangon crangon; Rhithropanopeus harrisii; Saduria entomon; Mytilus edulis",NA,NA,NA,NA,NA,NA,"No",0,"Physical","","Input of other forms of energy","","No",NA,NA,NA,NA,"No",NA,NA,NA,"Yes","No-Effect",NA,NA,NA,"No-Effect",NA,NA,"No-Effect","No",NA,NA,NA,NA,"No",NA,NA,NA,"No",NA,NA,"No",NA,"","Fig 1a,b,c,d; Figs 2,3","No","No","No","Yes","No","No","No","No","No","No","Yes","No","No","No","No","No","No","No","No","No","No","No",NA,NA,NA,NA,NA,NA,NA,NA,NA,"Germany","50.631604, 10.690863","BALTIC SEA",NA,"56.380157, 18.944315",2002,2003,0.25,"3",NA,"No","No","Yes","No","No","No",NA,"Yes","Unsure","No","No","","No","","No","study duration varies from 1 to 3 months","Inlcuded",7,1,1,NA,NA,NA,NA,NA,NA,NA,NA,NA,NA,NA,NA,NA,NA,NA,NA,NA,NA,NA,NA,NA,"merged"
"39","WKCAURFC","EPPI-Reviewer ID: 97840252","Bochert (2004)","Bochert R; Zettler ML",2004,"Long-term exposure of several marine benthic animals to static magnetic fields","Electrical currents in underwater sea cables could induce magnetic fields. The sea cables lie on or within the sea bottom and this is the living area for many invertebrate and vertebrate species. North Sea prawn Crangon crangon (Crustacea, Decapoda), round crab Rhithropanopeus harrisii (Crustacea, Brachyura), glacial relict isopod Saduria entomon (Crustacea, Isopoda), blue mussel Mytilus edulis (Bivalvia), and young flounder Plathichthys flesus (Pisces) were exposed to a static magnetic field (MF) of 3.7 mT for several weeks. The results showed no differences in survival between experimental and control animals. Mussels M. edulis were kept under static magnetic field conditions for 3 months during their reproductive period in spring. The determination of gonad index and condition index revealed no significant differences to the control group. (C) 2004 Wiley-Liss, Inc.","BIOELECTROMAGNETICS","journalArticle","Crangon crangon; GEOMAGNETIC ORIENTATION; Mytilus edulis; Plathichthys flesus; Rhithropanopeus harrisii; Saduria entomon; undersea cable","1521-186X","10.1002/bem.20019","498-502","7",25,"CARLIER Antoine","carlier","Benthic macro-invertebrates ",NA,"Input of other forms of energy",NA,"yes",6,"Mytilus edulis","epi-benthos","""The epi- and endobenthic, mobile and sessile fauna could come into contact with these artificial MFs for indefinite times.""","NS","NS",NA,"not specified","not specified","not specified","not specified",NA,"DC","NS","NA","NS","NA","NS","NA","DC","3.7000000000000002E-3","NS","p499: ""a DC power source DF 3010 10A generated a variable static MF up to 3.7 mT""","NA","NA","NA","other","NS","NS","NS","p499: ""All studies were performed in a [...] light/dark cycle of 13.5 h/10.5 h.""","0","5","weeks","35","chronical","continuous","steady","water-sediment interface",NA,"49","NA","no","no","NA","individual","NA","quantitative","fitness","gonad index","Number of animals","mixed","no","unknown","Fig 3","direct","Fig 3","NA","NA","NA","NA","NA","NA","NA","NA","NA","NS","YES","Yes",NA,NA,"WKCAURFC","EPPI-Reviewer ID: 97840252","Bochert (2004)","Bochert R; Zettler ML",2004,"Long-term exposure of several marine benthic animals to static magnetic fields","Electrical currents in underwater sea cables could induce magnetic fields. The sea cables lie on or within the sea bottom and this is the living area for many invertebrate and vertebrate species. North Sea prawn Crangon crangon (Crustacea, Decapoda), round crab Rhithropanopeus harrisii (Crustacea, Brachyura), glacial relict isopod Saduria entomon (Crustacea, Isopoda), blue mussel Mytilus edulis (Bivalvia), and young flounder Plathichthys flesus (Pisces) were exposed to a static magnetic field (MF) of 3.7 mT for several weeks. The results showed no differences in survival between experimental and control animals. Mussels M. edulis were kept under static magnetic field conditions for 3 months during their reproductive period in spring. The determination of gonad index and condition index revealed no significant differences to the control group. (C) 2004 Wiley-Liss, Inc.","BIOELECTROMAGNETICS","journalArticle","Crangon crangon; GEOMAGNETIC ORIENTATION; Mytilus edulis; Plathichthys flesus; Rhithropanopeus harrisii; Saduria entomon; undersea cable",NA,"1521-186X","10.1002/bem.20019",NA,"498-502","7","25","CARLIER Antoine","","X","","","carlier","","","","","Carlier + CH2: this is an experimental study that only addresses impact of EMF, not of other pressures ","","","Article","No - Continue","No - Continue","No - Continue","Benthic macro-invertebrates ","","Crangon crangon; Rhithropanopeus harrisii; Saduria entomon; Mytilus edulis",NA,NA,NA,NA,NA,NA,"No",0,"Physical","","Input of other forms of energy","","No",NA,NA,NA,NA,"No",NA,NA,NA,"Yes","No-Effect",NA,NA,NA,"No-Effect",NA,NA,"No-Effect","No",NA,NA,NA,NA,"No",NA,NA,NA,"No",NA,NA,"No",NA,"","Fig 1a,b,c,d; Figs 2,3","No","No","No","Yes","No","No","No","No","No","No","Yes","No","No","No","No","No","No","No","No","No","No","No",NA,NA,NA,NA,NA,NA,NA,NA,NA,"Germany","50.631604, 10.690863","BALTIC SEA",NA,"56.380157, 18.944315",2002,2003,0.25,"3",NA,"No","No","Yes","No","No","No",NA,"Yes","Unsure","No","No","","No","","No","study duration varies from 1 to 3 months","Inlcuded",8,1,1,NA,NA,NA,NA,NA,NA,NA,NA,NA,NA,NA,NA,NA,NA,NA,NA,NA,NA,NA,NA,NA,"merged"
"39","WKCAURFC","EPPI-Reviewer ID: 97840252","Bochert (2004)","Bochert R; Zettler ML",2004,"Long-term exposure of several marine benthic animals to static magnetic fields","Electrical currents in underwater sea cables could induce magnetic fields. The sea cables lie on or within the sea bottom and this is the living area for many invertebrate and vertebrate species. North Sea prawn Crangon crangon (Crustacea, Decapoda), round crab Rhithropanopeus harrisii (Crustacea, Brachyura), glacial relict isopod Saduria entomon (Crustacea, Isopoda), blue mussel Mytilus edulis (Bivalvia), and young flounder Plathichthys flesus (Pisces) were exposed to a static magnetic field (MF) of 3.7 mT for several weeks. The results showed no differences in survival between experimental and control animals. Mussels M. edulis were kept under static magnetic field conditions for 3 months during their reproductive period in spring. The determination of gonad index and condition index revealed no significant differences to the control group. (C) 2004 Wiley-Liss, Inc.","BIOELECTROMAGNETICS","journalArticle","Crangon crangon; GEOMAGNETIC ORIENTATION; Mytilus edulis; Plathichthys flesus; Rhithropanopeus harrisii; Saduria entomon; undersea cable","1521-186X","10.1002/bem.20019","498-502","7",25,"CARLIER Antoine","carlier","Fish",NA,"Input of other forms of energy",NA,"yes",7,"Platichthys flesus","NS","NA","juvenile","NS",NA,"not specified","not specified","not specified","not specified",NA,"DC","NS","NA","NS","NA","NS","NA","DC","3.7000000000000002E-3","NS","p499: ""a DC power source DF 3010 10A generated a variable static MF up to 3.7 mT""","NA","NA","NA","other","NS","NS","NS","p499: ""All studies were performed in a [...] light/dark cycle of 13.5 h/10.5 h.""","0","4","weeks","28","chronical","continuous","steady","water-sediment interface",NA,"49","NA","no","no","NA","NA","NA","quantitative","mortality","survival rate","Number of animals","no impact/negligible","no","unknown","Fig 1e","direct","Fig 1e","NA","NA","NA","NA","NA","NA","NA","NA","1","18","YES","Yes",NA,NA,"WKCAURFC","EPPI-Reviewer ID: 97840252","Bochert (2004)","Bochert R; Zettler ML",2004,"Long-term exposure of several marine benthic animals to static magnetic fields","Electrical currents in underwater sea cables could induce magnetic fields. The sea cables lie on or within the sea bottom and this is the living area for many invertebrate and vertebrate species. North Sea prawn Crangon crangon (Crustacea, Decapoda), round crab Rhithropanopeus harrisii (Crustacea, Brachyura), glacial relict isopod Saduria entomon (Crustacea, Isopoda), blue mussel Mytilus edulis (Bivalvia), and young flounder Plathichthys flesus (Pisces) were exposed to a static magnetic field (MF) of 3.7 mT for several weeks. The results showed no differences in survival between experimental and control animals. Mussels M. edulis were kept under static magnetic field conditions for 3 months during their reproductive period in spring. The determination of gonad index and condition index revealed no significant differences to the control group. (C) 2004 Wiley-Liss, Inc.","BIOELECTROMAGNETICS","journalArticle","Crangon crangon; GEOMAGNETIC ORIENTATION; Mytilus edulis; Plathichthys flesus; Rhithropanopeus harrisii; Saduria entomon; undersea cable",NA,"1521-186X","10.1002/bem.20019",NA,"498-502","7","25","CARLIER Antoine","","X","","","carlier","","","","","Carlier + CH2: this is an experimental study that only addresses impact of EMF, not of other pressures ","","","Study","No - Continue","No - Continue","No - Continue","Fish","","Platichthys flesus",NA,NA,NA,NA,NA,NA,"No",0,"Physical","","Input of other forms of energy","","No",NA,NA,NA,NA,"No",NA,NA,NA,"Yes","No-Effect",NA,NA,NA,NA,NA,NA,NA,"No",NA,NA,NA,NA,"No",NA,NA,NA,"No",NA,NA,"No",NA,"","Fig 1e","No","No","No","Yes","No","No","No","No","No","No","Yes","No","No","No","No","No","No","No","No","No","No","No",NA,NA,NA,NA,NA,NA,NA,NA,NA,"Germany","50.631604, 10.690863","BALTIC SEA",NA,"56.380157, 18.944315",2002,2003,0.25,"3",NA,"No","No","Yes","No","No","No",NA,"Yes","Unsure","No","No","","No","","No","","Inlcuded",9,1,1,NA,NA,NA,NA,NA,NA,NA,NA,NA,NA,NA,NA,NA,NA,NA,NA,NA,NA,NA,NA,NA,"merged"
"106","BAQ6Z5XU","EPPI-Reviewer ID: 97354804","Cresci (2023)","Cresci A; Durif CMF; Larsen T; Bjelland R; Skiftesvik AB; Browman H",2023,"Static magnetic fields reduce swimming activity of Atlantic cod (Gadus morhua) and haddock (Melanogrammus aeglefinus) larvae","Static magnetic fields (B-fields) are introduced in marine ecosystems by anthropogenic sources such as subsea power cables. Larvae of the gadoids Atlantic haddock (Melanogrammus aeglefinus) and Atlantic cod (Gadus morhua) disperse over the continental shelf and may encounter B-fields, which could alter their behavior. We tested the behavior of 184 gadoid larvae while they were being exposed to a B-field (22-156 mu T), which is in the intensity range of that produced by a high-voltage direct current cable, for a duration of 10 min in a raceway tank. We present a reanalysis of published data on 92 haddock larvae combined with newly collected data on 92 cod larvae tested under the same settings. Exposure did not affect the spatial distribution of the larvae. Both species displayed the same proportion of nonexploratory (78%) and exploratory (22%) individuals. Exposure significantly reduced the average swimming speed of the nonexploratory larvae by 32% and the average acceleration by 30%. Exploratory larvae were not affected. These results indicate that the swimming behavior of a high proportion of gadoid larvae would be reduced by weak static B-fields. Consequences of exposure on dispersal and survival at the population scale awaits further work using biophysical-coupled models.","ICES JOURNAL OF MARINE SCIENCE","journalArticle","RENEWABLE ENERGY; MARINE RENEWABLE ENERGY; OFFSHORE WIND; SUBSEA CABLES; IMPACTS; ECOLOGY; LARVAL DISPERSAL; POWER-CABLES; ANTHROPOGENIC MAGNETIC FIELD; FISH LARVAE; FRONTAL ZONE; GADOID FISH LARVAE; STATIC MAGNETIC FIELDS","1095-9289","10.1093/icesjms/fsad205",NA,NA,NA,"CARLIER Antoine","carlier","Fish",NA,"Input of other forms of energy",NA,"yes",1,"Melanogrammus aeglefinus","demersal fish","""These species are demersal and their larvae and juveniles disperse in midwater over the continental shelf""","larval","NS",NA,"yes","yes","not specified","sensitivity known",NA,"DC","NS","NA","NS","NA","NA","NA","DC","1.56E-4","NA","p2: ""we used two square Helmholtz coils (65 ×65 cm; 30 wraps of copper wire for each coil) connected to a BK Precision 1745A DC power supply (0–10 A) that gen- erated a B-field intensity (22–156 μT) in a tank with two sep- arate raceways ( Fig.1 )""","NA","NA","NA","NA","NS","NS","NS","NA","0.35","10","min","6.9444444444444441E-3","ponctual","continuous","steady","water-sediment interface,  water column","""the swimming behavior of haddock and cod larvae could be impacted by B-fields generated by anthropogenic sources in proximity of the sea bottom and in the water column.""","50","NA","no","no",NA,"NA","attraction, repulsion","quantitative","spatial distribution","spatial distribution","position along the raceway","no impact/negligible","no","unknown","Figs 3a, b, c, d","direct","Figs 3a, b, c, d","NA","NA","NA","NA","NA","NA","NA","NA","1","46","YES","Yes","These results are previously published data (Cresci et al., 2022). Sense of impact is coded ""mixed"" since the response varied according to the exploratory vs. non-exploratory categories of behavior.","new data on Atlantic cod larvae were combined with previously published data on the behavior of Atlantic haddock larvae","BAQ6Z5XU","EPPI-Reviewer ID: 97354804","Cresci (2023)","Cresci A; Durif CMF; Larsen T; Bjelland R; Skiftesvik AB; Browman H",2023,"Static magnetic fields reduce swimming activity of Atlantic cod (Gadus morhua) and haddock (Melanogrammus aeglefinus) larvae","Static magnetic fields (B-fields) are introduced in marine ecosystems by anthropogenic sources such as subsea power cables. Larvae of the gadoids Atlantic haddock (Melanogrammus aeglefinus) and Atlantic cod (Gadus morhua) disperse over the continental shelf and may encounter B-fields, which could alter their behavior. We tested the behavior of 184 gadoid larvae while they were being exposed to a B-field (22-156 mu T), which is in the intensity range of that produced by a high-voltage direct current cable, for a duration of 10 min in a raceway tank. We present a reanalysis of published data on 92 haddock larvae combined with newly collected data on 92 cod larvae tested under the same settings. Exposure did not affect the spatial distribution of the larvae. Both species displayed the same proportion of nonexploratory (78%) and exploratory (22%) individuals. Exposure significantly reduced the average swimming speed of the nonexploratory larvae by 32% and the average acceleration by 30%. Exploratory larvae were not affected. These results indicate that the swimming behavior of a high proportion of gadoid larvae would be reduced by weak static B-fields. Consequences of exposure on dispersal and survival at the population scale awaits further work using biophysical-coupled models.","ICES JOURNAL OF MARINE SCIENCE","journalArticle","RENEWABLE ENERGY; MARINE RENEWABLE ENERGY; OFFSHORE WIND; SUBSEA CABLES; IMPACTS; ECOLOGY; LARVAL DISPERSAL; POWER-CABLES; ANTHROPOGENIC MAGNETIC FIELD; FISH LARVAE; FRONTAL ZONE; GADOID FISH LARVAE; STATIC MAGNETIC FIELDS",NA,"1095-9289","10.1093/icesjms/fsad205",NA,"","","","CARLIER Antoine","","","","","carlier","","","","","","","","Article","No - Continue","No - Continue","No - Continue","Fish","","Melanogrammus aeglefinus; Gadus morhua","Atlantic haddock; Atlantic cod",NA,NA,NA,NA,NA,"No",0,"Physical","","Input of other forms of energy","","No",NA,NA,NA,NA,"No",NA,NA,NA,"Yes",NA,NA,NA,NA,NA,"No-Effect","Effect",NA,"No",NA,NA,NA,NA,"No",NA,NA,NA,"No",NA,NA,"No",NA,"0","Figs 3a, b","No","No","No","Yes","No","No","No","No","No","No","Yes","No","No","No","No","No","No","No","No","Yes","No","No",NA,NA,NA,NA,NA,NA,NA,NA,NA,"Norway","61.827932, 7.320914","Norwegian Sea",NA,"69.002027, 3.998004",2021,2021,0,"Less than 1 month",NA,"No","No","Yes","No","No","No",NA,"Yes","Unsure","No","No","","No","","No","This paper uses exactly the same protocol as in Cresci et al. 2022, and re-uses all the data of Cresci et al. (2022) obtained for the Atlantic haddock (Melanogrammus aeglefinus) in order to compare them with new data obtained for Atlantic cod. So, risk to double-count data of Atlantic haddock in the meta-analysis!!","Inlcuded",10,1,1,NA,NA,NA,NA,NA,NA,NA,NA,NA,NA,NA,NA,NA,NA,NA,NA,NA,NA,NA,NA,NA,"merged"
"106","BAQ6Z5XU","EPPI-Reviewer ID: 97354804","Cresci (2023)","Cresci A; Durif CMF; Larsen T; Bjelland R; Skiftesvik AB; Browman H",2023,"Static magnetic fields reduce swimming activity of Atlantic cod (Gadus morhua) and haddock (Melanogrammus aeglefinus) larvae","Static magnetic fields (B-fields) are introduced in marine ecosystems by anthropogenic sources such as subsea power cables. Larvae of the gadoids Atlantic haddock (Melanogrammus aeglefinus) and Atlantic cod (Gadus morhua) disperse over the continental shelf and may encounter B-fields, which could alter their behavior. We tested the behavior of 184 gadoid larvae while they were being exposed to a B-field (22-156 mu T), which is in the intensity range of that produced by a high-voltage direct current cable, for a duration of 10 min in a raceway tank. We present a reanalysis of published data on 92 haddock larvae combined with newly collected data on 92 cod larvae tested under the same settings. Exposure did not affect the spatial distribution of the larvae. Both species displayed the same proportion of nonexploratory (78%) and exploratory (22%) individuals. Exposure significantly reduced the average swimming speed of the nonexploratory larvae by 32% and the average acceleration by 30%. Exploratory larvae were not affected. These results indicate that the swimming behavior of a high proportion of gadoid larvae would be reduced by weak static B-fields. Consequences of exposure on dispersal and survival at the population scale awaits further work using biophysical-coupled models.","ICES JOURNAL OF MARINE SCIENCE","journalArticle","RENEWABLE ENERGY; MARINE RENEWABLE ENERGY; OFFSHORE WIND; SUBSEA CABLES; IMPACTS; ECOLOGY; LARVAL DISPERSAL; POWER-CABLES; ANTHROPOGENIC MAGNETIC FIELD; FISH LARVAE; FRONTAL ZONE; GADOID FISH LARVAE; STATIC MAGNETIC FIELDS","1095-9289","10.1093/icesjms/fsad205",NA,NA,NA,"CARLIER Antoine","carlier","Fish",NA,"Input of other forms of energy",NA,"yes",2,"Melanogrammus aeglefinus","demersal fish","""These species are demersal and their larvae and juveniles disperse in midwater over the continental shelf""","larval","NS",NA,"yes","yes","not specified","sensitivity known",NA,"DC","NS","NA","NS","NA","NA","NA","DC","1.56E-4","NA","p2: ""we used two square Helmholtz coils (65 ×65 cm; 30 wraps of copper wire for each coil) connected to a BK Precision 1745A DC power supply (0–10 A) that gen- erated a B-field intensity (22–156 μT) in a tank with two sep- arate raceways ( Fig.1 )""","NA","NA","NA","NA","NS","NS","NS","NA","0.35","10","min","6.9444444444444441E-3","ponctual","continuous","steady","water-sediment interface,  water column","""the swimming behavior of haddock and cod larvae could be impacted by B-fields generated by anthropogenic sources in proximity of the sea bottom and in the water column.""","50","NA","no","no",NA,"NA","other","quantitative","swimming behaviour","swimming speed/acceleration","body length/s, body length/s²","mixed","yes","unknown","Figs 3a, b, c, d","direct","Figs 3a, b, c, d","NA","NA","NA","NA","NA","NA","NA","NA","1","46","YES","Yes","These results are previously published data (Cresci et al., 2022). Sense of impact is coded ""mixed"" since the response varied according to the exploratory vs. non-exploratory categories of behavior.","new data on Atlantic cod larvae were combined with previously published data on the behavior of Atlantic haddock larvae","BAQ6Z5XU","EPPI-Reviewer ID: 97354804","Cresci (2023)","Cresci A; Durif CMF; Larsen T; Bjelland R; Skiftesvik AB; Browman H",2023,"Static magnetic fields reduce swimming activity of Atlantic cod (Gadus morhua) and haddock (Melanogrammus aeglefinus) larvae","Static magnetic fields (B-fields) are introduced in marine ecosystems by anthropogenic sources such as subsea power cables. Larvae of the gadoids Atlantic haddock (Melanogrammus aeglefinus) and Atlantic cod (Gadus morhua) disperse over the continental shelf and may encounter B-fields, which could alter their behavior. We tested the behavior of 184 gadoid larvae while they were being exposed to a B-field (22-156 mu T), which is in the intensity range of that produced by a high-voltage direct current cable, for a duration of 10 min in a raceway tank. We present a reanalysis of published data on 92 haddock larvae combined with newly collected data on 92 cod larvae tested under the same settings. Exposure did not affect the spatial distribution of the larvae. Both species displayed the same proportion of nonexploratory (78%) and exploratory (22%) individuals. Exposure significantly reduced the average swimming speed of the nonexploratory larvae by 32% and the average acceleration by 30%. Exploratory larvae were not affected. These results indicate that the swimming behavior of a high proportion of gadoid larvae would be reduced by weak static B-fields. Consequences of exposure on dispersal and survival at the population scale awaits further work using biophysical-coupled models.","ICES JOURNAL OF MARINE SCIENCE","journalArticle","RENEWABLE ENERGY; MARINE RENEWABLE ENERGY; OFFSHORE WIND; SUBSEA CABLES; IMPACTS; ECOLOGY; LARVAL DISPERSAL; POWER-CABLES; ANTHROPOGENIC MAGNETIC FIELD; FISH LARVAE; FRONTAL ZONE; GADOID FISH LARVAE; STATIC MAGNETIC FIELDS",NA,"1095-9289","10.1093/icesjms/fsad205",NA,"","","","CARLIER Antoine","","","","","carlier","","","","","","","","Article","No - Continue","No - Continue","No - Continue","Fish","","Melanogrammus aeglefinus; Gadus morhua","Atlantic haddock; Atlantic cod",NA,NA,NA,NA,NA,"No",0,"Physical","","Input of other forms of energy","","No",NA,NA,NA,NA,"No",NA,NA,NA,"Yes",NA,NA,NA,NA,NA,"No-Effect","Effect",NA,"No",NA,NA,NA,NA,"No",NA,NA,NA,"No",NA,NA,"No",NA,"0","Figs 3a, b","No","No","No","Yes","No","No","No","No","No","No","Yes","No","No","No","No","No","No","No","No","Yes","No","No",NA,NA,NA,NA,NA,NA,NA,NA,NA,"Norway","61.827932, 7.320914","Norwegian Sea",NA,"69.002027, 3.998004",2021,2021,0,"Less than 1 month",NA,"No","No","Yes","No","No","No",NA,"Yes","Unsure","No","No","","No","","No","This paper uses exactly the same protocol as in Cresci et al. 2022, and re-uses all the data of Cresci et al. (2022) obtained for the Atlantic haddock (Melanogrammus aeglefinus) in order to compare them with new data obtained for Atlantic cod. So, risk to double-count data of Atlantic haddock in the meta-analysis!!","Inlcuded",11,1,1,NA,NA,NA,NA,NA,NA,NA,NA,NA,NA,NA,NA,NA,NA,NA,NA,NA,NA,NA,NA,NA,"merged"
"106","BAQ6Z5XU","EPPI-Reviewer ID: 97354804","Cresci (2023)","Cresci A; Durif CMF; Larsen T; Bjelland R; Skiftesvik AB; Browman H",2023,"Static magnetic fields reduce swimming activity of Atlantic cod (Gadus morhua) and haddock (Melanogrammus aeglefinus) larvae","Static magnetic fields (B-fields) are introduced in marine ecosystems by anthropogenic sources such as subsea power cables. Larvae of the gadoids Atlantic haddock (Melanogrammus aeglefinus) and Atlantic cod (Gadus morhua) disperse over the continental shelf and may encounter B-fields, which could alter their behavior. We tested the behavior of 184 gadoid larvae while they were being exposed to a B-field (22-156 mu T), which is in the intensity range of that produced by a high-voltage direct current cable, for a duration of 10 min in a raceway tank. We present a reanalysis of published data on 92 haddock larvae combined with newly collected data on 92 cod larvae tested under the same settings. Exposure did not affect the spatial distribution of the larvae. Both species displayed the same proportion of nonexploratory (78%) and exploratory (22%) individuals. Exposure significantly reduced the average swimming speed of the nonexploratory larvae by 32% and the average acceleration by 30%. Exploratory larvae were not affected. These results indicate that the swimming behavior of a high proportion of gadoid larvae would be reduced by weak static B-fields. Consequences of exposure on dispersal and survival at the population scale awaits further work using biophysical-coupled models.","ICES JOURNAL OF MARINE SCIENCE","journalArticle","RENEWABLE ENERGY; MARINE RENEWABLE ENERGY; OFFSHORE WIND; SUBSEA CABLES; IMPACTS; ECOLOGY; LARVAL DISPERSAL; POWER-CABLES; ANTHROPOGENIC MAGNETIC FIELD; FISH LARVAE; FRONTAL ZONE; GADOID FISH LARVAE; STATIC MAGNETIC FIELDS","1095-9289","10.1093/icesjms/fsad205",NA,NA,NA,"CARLIER Antoine","carlier","Fish",NA,"Input of other forms of energy",NA,"yes",3,"Gadus morhua","demersal fish","""These species are demersal and their larvae and juveniles disperse in midwater over the continental shelf""","larval","NS",NA,"yes","yes","not specified","sensitivity suspected",NA,"DC","NS","NA","NS","NA","NA","NA","DC","1.56E-4","NA","p2: ""we used two square Helmholtz coils (65 ×65 cm; 30 wraps of copper wire for each coil) connected to a BK Precision 1745A DC power supply (0–10 A) that gen- erated a B-field intensity (22–156 μT) in a tank with two sep- arate raceways ( Fig.1 )""","NA","NA","NA","NA","NS","NS","NS","NA","0.35","10","min","6.9444444444444441E-3","ponctual","continuous","steady","water-sediment interface,  water column","""the swimming behavior of haddock and cod larvae could be impacted by B-fields generated by anthropogenic sources in proximity of the sea bottom and in the water column.""","50","NA","no","no",NA,"NA","attraction, repulsion","quantitative","spatial distribution","spatial distribution","position along the raceway","no impact/negligible","no","unknown","Figs 3a, b, c, d","direct","Figs 3a, b, c, d","NA","NA","NA","NA","NA","NA","NA","NA","1","46","YES","Yes","These results are new data. Sense of impact is coded ""mixed"" since the response varied according to the exploratory vs. non-exploratory categories of behavior.","new data on Atlantic cod larvae were combined with previously published data on the behavior of Atlantic haddock larvae","BAQ6Z5XU","EPPI-Reviewer ID: 97354804","Cresci (2023)","Cresci A; Durif CMF; Larsen T; Bjelland R; Skiftesvik AB; Browman H",2023,"Static magnetic fields reduce swimming activity of Atlantic cod (Gadus morhua) and haddock (Melanogrammus aeglefinus) larvae","Static magnetic fields (B-fields) are introduced in marine ecosystems by anthropogenic sources such as subsea power cables. Larvae of the gadoids Atlantic haddock (Melanogrammus aeglefinus) and Atlantic cod (Gadus morhua) disperse over the continental shelf and may encounter B-fields, which could alter their behavior. We tested the behavior of 184 gadoid larvae while they were being exposed to a B-field (22-156 mu T), which is in the intensity range of that produced by a high-voltage direct current cable, for a duration of 10 min in a raceway tank. We present a reanalysis of published data on 92 haddock larvae combined with newly collected data on 92 cod larvae tested under the same settings. Exposure did not affect the spatial distribution of the larvae. Both species displayed the same proportion of nonexploratory (78%) and exploratory (22%) individuals. Exposure significantly reduced the average swimming speed of the nonexploratory larvae by 32% and the average acceleration by 30%. Exploratory larvae were not affected. These results indicate that the swimming behavior of a high proportion of gadoid larvae would be reduced by weak static B-fields. Consequences of exposure on dispersal and survival at the population scale awaits further work using biophysical-coupled models.","ICES JOURNAL OF MARINE SCIENCE","journalArticle","RENEWABLE ENERGY; MARINE RENEWABLE ENERGY; OFFSHORE WIND; SUBSEA CABLES; IMPACTS; ECOLOGY; LARVAL DISPERSAL; POWER-CABLES; ANTHROPOGENIC MAGNETIC FIELD; FISH LARVAE; FRONTAL ZONE; GADOID FISH LARVAE; STATIC MAGNETIC FIELDS",NA,"1095-9289","10.1093/icesjms/fsad205",NA,"","","","CARLIER Antoine","","","","","carlier","","","","","","","","Article","No - Continue","No - Continue","No - Continue","Fish","","Melanogrammus aeglefinus; Gadus morhua","Atlantic haddock; Atlantic cod",NA,NA,NA,NA,NA,"No",0,"Physical","","Input of other forms of energy","","No",NA,NA,NA,NA,"No",NA,NA,NA,"Yes",NA,NA,NA,NA,NA,"No-Effect","Effect",NA,"No",NA,NA,NA,NA,"No",NA,NA,NA,"No",NA,NA,"No",NA,"0","Figs 3a, b","No","No","No","Yes","No","No","No","No","No","No","Yes","No","No","No","No","No","No","No","No","Yes","No","No",NA,NA,NA,NA,NA,NA,NA,NA,NA,"Norway","61.827932, 7.320914","Norwegian Sea",NA,"69.002027, 3.998004",2021,2021,0,"Less than 1 month",NA,"No","No","Yes","No","No","No",NA,"Yes","Unsure","No","No","","No","","No","This paper uses exactly the same protocol as in Cresci et al. 2022, and re-uses all the data of Cresci et al. (2022) obtained for the Atlantic haddock (Melanogrammus aeglefinus) in order to compare them with new data obtained for Atlantic cod. So, risk to double-count data of Atlantic haddock in the meta-analysis!!","Inlcuded",12,1,1,NA,NA,NA,NA,NA,NA,NA,NA,NA,NA,NA,NA,NA,NA,NA,NA,NA,NA,NA,NA,NA,"merged"
"106","BAQ6Z5XU","EPPI-Reviewer ID: 97354804","Cresci (2023)","Cresci A; Durif CMF; Larsen T; Bjelland R; Skiftesvik AB; Browman H",2023,"Static magnetic fields reduce swimming activity of Atlantic cod (Gadus morhua) and haddock (Melanogrammus aeglefinus) larvae","Static magnetic fields (B-fields) are introduced in marine ecosystems by anthropogenic sources such as subsea power cables. Larvae of the gadoids Atlantic haddock (Melanogrammus aeglefinus) and Atlantic cod (Gadus morhua) disperse over the continental shelf and may encounter B-fields, which could alter their behavior. We tested the behavior of 184 gadoid larvae while they were being exposed to a B-field (22-156 mu T), which is in the intensity range of that produced by a high-voltage direct current cable, for a duration of 10 min in a raceway tank. We present a reanalysis of published data on 92 haddock larvae combined with newly collected data on 92 cod larvae tested under the same settings. Exposure did not affect the spatial distribution of the larvae. Both species displayed the same proportion of nonexploratory (78%) and exploratory (22%) individuals. Exposure significantly reduced the average swimming speed of the nonexploratory larvae by 32% and the average acceleration by 30%. Exploratory larvae were not affected. These results indicate that the swimming behavior of a high proportion of gadoid larvae would be reduced by weak static B-fields. Consequences of exposure on dispersal and survival at the population scale awaits further work using biophysical-coupled models.","ICES JOURNAL OF MARINE SCIENCE","journalArticle","RENEWABLE ENERGY; MARINE RENEWABLE ENERGY; OFFSHORE WIND; SUBSEA CABLES; IMPACTS; ECOLOGY; LARVAL DISPERSAL; POWER-CABLES; ANTHROPOGENIC MAGNETIC FIELD; FISH LARVAE; FRONTAL ZONE; GADOID FISH LARVAE; STATIC MAGNETIC FIELDS","1095-9289","10.1093/icesjms/fsad205",NA,NA,NA,"CARLIER Antoine","carlier","Fish",NA,"Input of other forms of energy",NA,"yes",4,"Gadus morhua","demersal fish","""These species are demersal and their larvae and juveniles disperse in midwater over the continental shelf""","larval","NS",NA,"yes","yes","not specified","sensitivity suspected",NA,"DC","NS","NA","NS","NA","NA","NA","DC","1.56E-4","NA","p2: ""we used two square Helmholtz coils (65 ×65 cm; 30 wraps of copper wire for each coil) connected to a BK Precision 1745A DC power supply (0–10 A) that gen- erated a B-field intensity (22–156 μT) in a tank with two sep- arate raceways ( Fig.1 )""","NA","NA","NA","NA","NS","NS","NS","NA","0.35","10","min","6.9444444444444441E-3","ponctual","continuous","steady","water-sediment interface,  water column","""the swimming behavior of haddock and cod larvae could be impacted by B-fields generated by anthropogenic sources in proximity of the sea bottom and in the water column.""","50","NA","no","no",NA,"NA","other","quantitative","swimming behaviour","swimming speed/acceleration","body length/s, body length/s²","mixed","yes","unknown","Figs 3a, b, c, d","direct","Figs 3a, b, c, d","NA","NA","NA","NA","NA","NA","NA","NA","1","46","YES","Yes","These results are new data. Sense of impact is coded ""mixed"" since the response varied according to the exploratory vs. non-exploratory categories of behavior.","new data on Atlantic cod larvae were combined with previously published data on the behavior of Atlantic haddock larvae","BAQ6Z5XU","EPPI-Reviewer ID: 97354804","Cresci (2023)","Cresci A; Durif CMF; Larsen T; Bjelland R; Skiftesvik AB; Browman H",2023,"Static magnetic fields reduce swimming activity of Atlantic cod (Gadus morhua) and haddock (Melanogrammus aeglefinus) larvae","Static magnetic fields (B-fields) are introduced in marine ecosystems by anthropogenic sources such as subsea power cables. Larvae of the gadoids Atlantic haddock (Melanogrammus aeglefinus) and Atlantic cod (Gadus morhua) disperse over the continental shelf and may encounter B-fields, which could alter their behavior. We tested the behavior of 184 gadoid larvae while they were being exposed to a B-field (22-156 mu T), which is in the intensity range of that produced by a high-voltage direct current cable, for a duration of 10 min in a raceway tank. We present a reanalysis of published data on 92 haddock larvae combined with newly collected data on 92 cod larvae tested under the same settings. Exposure did not affect the spatial distribution of the larvae. Both species displayed the same proportion of nonexploratory (78%) and exploratory (22%) individuals. Exposure significantly reduced the average swimming speed of the nonexploratory larvae by 32% and the average acceleration by 30%. Exploratory larvae were not affected. These results indicate that the swimming behavior of a high proportion of gadoid larvae would be reduced by weak static B-fields. Consequences of exposure on dispersal and survival at the population scale awaits further work using biophysical-coupled models.","ICES JOURNAL OF MARINE SCIENCE","journalArticle","RENEWABLE ENERGY; MARINE RENEWABLE ENERGY; OFFSHORE WIND; SUBSEA CABLES; IMPACTS; ECOLOGY; LARVAL DISPERSAL; POWER-CABLES; ANTHROPOGENIC MAGNETIC FIELD; FISH LARVAE; FRONTAL ZONE; GADOID FISH LARVAE; STATIC MAGNETIC FIELDS",NA,"1095-9289","10.1093/icesjms/fsad205",NA,"","","","CARLIER Antoine","","","","","carlier","","","","","","","","Article","No - Continue","No - Continue","No - Continue","Fish","","Melanogrammus aeglefinus; Gadus morhua","Atlantic haddock; Atlantic cod",NA,NA,NA,NA,NA,"No",0,"Physical","","Input of other forms of energy","","No",NA,NA,NA,NA,"No",NA,NA,NA,"Yes",NA,NA,NA,NA,NA,"No-Effect","Effect",NA,"No",NA,NA,NA,NA,"No",NA,NA,NA,"No",NA,NA,"No",NA,"0","Figs 3a, b","No","No","No","Yes","No","No","No","No","No","No","Yes","No","No","No","No","No","No","No","No","Yes","No","No",NA,NA,NA,NA,NA,NA,NA,NA,NA,"Norway","61.827932, 7.320914","Norwegian Sea",NA,"69.002027, 3.998004",2021,2021,0,"Less than 1 month",NA,"No","No","Yes","No","No","No",NA,"Yes","Unsure","No","No","","No","","No","This paper uses exactly the same protocol as in Cresci et al. 2022, and re-uses all the data of Cresci et al. (2022) obtained for the Atlantic haddock (Melanogrammus aeglefinus) in order to compare them with new data obtained for Atlantic cod. So, risk to double-count data of Atlantic haddock in the meta-analysis!!","Inlcuded",13,1,1,NA,NA,NA,NA,NA,NA,NA,NA,NA,NA,NA,NA,NA,NA,NA,NA,NA,NA,NA,NA,NA,"merged"
"107","R9MXW9HE","EPPI-Reviewer ID: 97355235","Cresci (2022)","Cresci A; Durif CMF; Larsen T; Bjelland R; Skiftesvik AB; Browman H",2022,"Magnetic fields produced by subsea high-voltage direct current cables reduce swimming activity of haddock larvae (Melanogrammus aeglefinus)","High-voltage direct current (HVDC) subsea cables are used to transport power between locations and from/to nearshore and offshore facilities. HVDC cables produce magnetic fields (B-fields) that could impact marine fish. Atlantic haddock (Melanogrammus aeglefinus) is a demersal fish that is at risk of exposure to anthropogenic B-fields. Their larvae drift over the continental shelf, and use the Earth's magnetic field for orientation during dispersal. Therefore, anthropogenic magnetic fields from HVDC cables could alter their behavior. We tested the behavior of 92 haddock larvae using a setup designed to simulate the scenario of larvae drifting past a B-field in the intensity range of that produced by a DC subsea cable. We exposed the larvae to a B-field intensity ranging from 50 to 150 mu T in a raceway tank. Exposure to the B-field did not affect the spatial distribution of haddock larvae in the raceway. Larvae were categorized by differences in their exploratory behavior in the raceway. The majority (78%) of larvae were nonexploratory, and exposure to the artificial B-field reduced their median swimming speed by 60% and decreased their median acceleration by 38%. There was no effect on swimming of the smaller proportion (22%) of exploratory larvae. These observations support the conclusion that the swimming performance of nonexploratory haddock larvae would be reduced following exposure to B-field from HVDC cables. The selective impact on nonexploratory individuals, and the lack of impact on exploratory individuals, could have population-scale implications for haddock in the wild.","PNAS NEXUS","journalArticle","RENEWABLE ENERGY; BEHAVIOR; OFFSHORE WIND; SUBSEA CABLES; IMPACTS; ECOLOGY; POWER-CABLES; ANTHROPOGENIC MAGNETIC FIELD; FISH LARVAE; COD","2752-6542","10.1093/pnasnexus/pgac175",NA,"4",1,"CARLIER Antoine","carlier","Fish",NA,"Input of other forms of energy",NA,"yes",1,"Melanogrammus aeglefinus","demersal fish","Abstract: ""Atlantic haddock (Melanogrammus aeglefinus) is a demersal fish...""","larval","NS",NA,"yes","yes","not specified","sensitivity known","""Atlantic haddock (Melanogrammus aeglefinus) is a species of commercial and ecological importance in Europe (19).""; ""haddock larvae are magneto-sensitive and use the geomagnetic field to guide their horizontal swimming at sea, relying on a magnetic compass mechanism for orientation (11). For all of these reasons, Atlantic haddock are at risk of being impacted by anthropogenic B-fields generated by HVDC cables.""","DC","NS","NA","10","A","NA","""we used two square Helmholtz coils (65×65 cm; 30 wraps of copper wire for each coil) connected to a BK Precision 1745A DC power supply (0 to 10 A), and generated a B-field intensity (50 to 150μT)""","DC","1.56E-4","NA","""we used two square Helmholtz coils (65×65 cm; 30 wraps of copper wire for each coil) connected to a BK Precision 1745A DC power supply (0 to 10 A), and generated a B-field intensity (50 to 150μT)""","NA","11","NA","other","NS","NS","NS","""All the experiments were conducted in the dark to eliminate any possible visual cues for the larvae. A GOPRO HERO 7, modified for night vision and positioned above the raceway looking down onto it, was used to video record fish larvae during the experiments. The two DC 12V 96 LED infrared illuminators were placed beside the camera.""","0.35","15","min","1.0416666666666666E-2","ponctual","continuous","steady","water-sediment interface","""In the North Sea, haddock larvae disperse for a period of 2 to 3months in mid-water and close to the sea bottom""","50","NA","no","no",NA,"NA","attraction, repulsion","quantitative","spatial distribution","spatial distribution","position along the raceway","no impact/negligible","no","unknown","Figs 3a, b, c, d","direct","Figs 3a, b, c, d","NA","NA","NA","NA","NA","NA","NA","NA","1","46","YES","Yes","Same data as in article #106 / case study #1. Sense of impact is coded ""mixed"" since the response varied according to the exploratory (20 ind.) vs. non-exploratory (72 ind.) categories of behavior.",NA,"R9MXW9HE","EPPI-Reviewer ID: 97355235","Cresci (2022)","Cresci A; Durif CMF; Larsen T; Bjelland R; Skiftesvik AB; Browman H",2022,"Magnetic fields produced by subsea high-voltage direct current cables reduce swimming activity of haddock larvae (Melanogrammus aeglefinus)","High-voltage direct current (HVDC) subsea cables are used to transport power between locations and from/to nearshore and offshore facilities. HVDC cables produce magnetic fields (B-fields) that could impact marine fish. Atlantic haddock (Melanogrammus aeglefinus) is a demersal fish that is at risk of exposure to anthropogenic B-fields. Their larvae drift over the continental shelf, and use the Earth's magnetic field for orientation during dispersal. Therefore, anthropogenic magnetic fields from HVDC cables could alter their behavior. We tested the behavior of 92 haddock larvae using a setup designed to simulate the scenario of larvae drifting past a B-field in the intensity range of that produced by a DC subsea cable. We exposed the larvae to a B-field intensity ranging from 50 to 150 mu T in a raceway tank. Exposure to the B-field did not affect the spatial distribution of haddock larvae in the raceway. Larvae were categorized by differences in their exploratory behavior in the raceway. The majority (78%) of larvae were nonexploratory, and exposure to the artificial B-field reduced their median swimming speed by 60% and decreased their median acceleration by 38%. There was no effect on swimming of the smaller proportion (22%) of exploratory larvae. These observations support the conclusion that the swimming performance of nonexploratory haddock larvae would be reduced following exposure to B-field from HVDC cables. The selective impact on nonexploratory individuals, and the lack of impact on exploratory individuals, could have population-scale implications for haddock in the wild.","PNAS NEXUS","journalArticle","RENEWABLE ENERGY; BEHAVIOR; OFFSHORE WIND; SUBSEA CABLES; IMPACTS; ECOLOGY; POWER-CABLES; ANTHROPOGENIC MAGNETIC FIELD; FISH LARVAE; COD",NA,"2752-6542","10.1093/pnasnexus/pgac175",NA,"","4","1","CARLIER Antoine","","","","","carlier","","","","","","","","Article","No - Continue","No - Continue","No - Continue","Fish","","Melanogrammus aeglefinus","Atlantic haddock",NA,NA,NA,NA,NA,"No",0,"Physical","","Input of other forms of energy","","No",NA,NA,NA,NA,"No",NA,NA,NA,"Yes",NA,NA,NA,NA,NA,"No-Effect","Effect",NA,"No",NA,NA,NA,NA,"No",NA,NA,NA,"No",NA,NA,"No",NA,"0","Figs 3a, b; discussion p5","No","No","No","Yes","No","No","No","No","No","No","Yes","No","No","No","No","No","No","No","No","Yes","No","No",NA,NA,NA,NA,NA,NA,NA,NA,NA,"Norway","61.827932, 7.320914","Norwegian Sea",NA,"69.002027, 3.998004",2021,2021,0,"Less than 1 month",NA,"No","No","Yes","No","No","No",NA,"Yes","Unsure","No","No","","No","","No","","Inlcuded",14,1,1,NA,NA,NA,NA,NA,NA,NA,NA,NA,NA,NA,NA,NA,NA,NA,NA,NA,NA,NA,NA,NA,"merged"
"107","R9MXW9HE","EPPI-Reviewer ID: 97355235","Cresci (2022)","Cresci A; Durif CMF; Larsen T; Bjelland R; Skiftesvik AB; Browman H",2022,"Magnetic fields produced by subsea high-voltage direct current cables reduce swimming activity of haddock larvae (Melanogrammus aeglefinus)","High-voltage direct current (HVDC) subsea cables are used to transport power between locations and from/to nearshore and offshore facilities. HVDC cables produce magnetic fields (B-fields) that could impact marine fish. Atlantic haddock (Melanogrammus aeglefinus) is a demersal fish that is at risk of exposure to anthropogenic B-fields. Their larvae drift over the continental shelf, and use the Earth's magnetic field for orientation during dispersal. Therefore, anthropogenic magnetic fields from HVDC cables could alter their behavior. We tested the behavior of 92 haddock larvae using a setup designed to simulate the scenario of larvae drifting past a B-field in the intensity range of that produced by a DC subsea cable. We exposed the larvae to a B-field intensity ranging from 50 to 150 mu T in a raceway tank. Exposure to the B-field did not affect the spatial distribution of haddock larvae in the raceway. Larvae were categorized by differences in their exploratory behavior in the raceway. The majority (78%) of larvae were nonexploratory, and exposure to the artificial B-field reduced their median swimming speed by 60% and decreased their median acceleration by 38%. There was no effect on swimming of the smaller proportion (22%) of exploratory larvae. These observations support the conclusion that the swimming performance of nonexploratory haddock larvae would be reduced following exposure to B-field from HVDC cables. The selective impact on nonexploratory individuals, and the lack of impact on exploratory individuals, could have population-scale implications for haddock in the wild.","PNAS NEXUS","journalArticle","RENEWABLE ENERGY; BEHAVIOR; OFFSHORE WIND; SUBSEA CABLES; IMPACTS; ECOLOGY; POWER-CABLES; ANTHROPOGENIC MAGNETIC FIELD; FISH LARVAE; COD","2752-6542","10.1093/pnasnexus/pgac175",NA,"4",1,"CARLIER Antoine","carlier","Fish",NA,"Input of other forms of energy",NA,"yes",2,"Melanogrammus aeglefinus","demersal fish","Abstract: ""Atlantic haddock (Melanogrammus aeglefinus) is a demersal fish...""","larval","NS",NA,"yes","yes","not specified","sensitivity known","""Atlantic haddock (Melanogrammus aeglefinus) is a species of commercial and ecological importance in Europe (19).""; ""haddock larvae are magneto-sensitive and use the geomagnetic field to guide their horizontal swimming at sea, relying on a magnetic compass mechanism for orientation (11). For all of these reasons, Atlantic haddock are at risk of being impacted by anthropogenic B-fields generated by HVDC cables.""","DC","NS","NA","10","A","NA","""we used two square Helmholtz coils (65×65 cm; 30 wraps of copper wire for each coil) connected to a BK Precision 1745A DC power supply (0 to 10 A), and generated a B-field intensity (50 to 150μT)""","DC","1.56E-4","NA","""we used two square Helmholtz coils (65×65 cm; 30 wraps of copper wire for each coil) connected to a BK Precision 1745A DC power supply (0 to 10 A), and generated a B-field intensity (50 to 150μT)""","NA","11","NA","other","NS","NS","NS","""All the experiments were conducted in the dark to eliminate any possible visual cues for the larvae. A GOPRO HERO 7, modified for night vision and positioned above the raceway looking down onto it, was used to video record fish larvae during the experiments. The two DC 12V 96 LED infrared illuminators were placed beside the camera.""","0.35","15","min","1.0416666666666666E-2","ponctual","continuous","steady","water-sediment interface","""In the North Sea, haddock larvae disperse for a period of 2 to 3months in mid-water and close to the sea bottom""","50","NA","no","no",NA,"NA","other","quantitative","swimming behaviour","swimming speed/acceleration","body length/s, body length/s²","mixed","yes","unknown","Figs 3a, b, c, d","direct","Figs 3a, b, c, d","NA","NA","NA","NA","NA","NA","NA","NA","1","46","YES","Yes","Same data as in article #106 / case study #1. Sense of impact is coded ""mixed"" since the response varied according to the exploratory (20 ind.) vs. non-exploratory (72 ind.) categories of behavior.",NA,"R9MXW9HE","EPPI-Reviewer ID: 97355235","Cresci (2022)","Cresci A; Durif CMF; Larsen T; Bjelland R; Skiftesvik AB; Browman H",2022,"Magnetic fields produced by subsea high-voltage direct current cables reduce swimming activity of haddock larvae (Melanogrammus aeglefinus)","High-voltage direct current (HVDC) subsea cables are used to transport power between locations and from/to nearshore and offshore facilities. HVDC cables produce magnetic fields (B-fields) that could impact marine fish. Atlantic haddock (Melanogrammus aeglefinus) is a demersal fish that is at risk of exposure to anthropogenic B-fields. Their larvae drift over the continental shelf, and use the Earth's magnetic field for orientation during dispersal. Therefore, anthropogenic magnetic fields from HVDC cables could alter their behavior. We tested the behavior of 92 haddock larvae using a setup designed to simulate the scenario of larvae drifting past a B-field in the intensity range of that produced by a DC subsea cable. We exposed the larvae to a B-field intensity ranging from 50 to 150 mu T in a raceway tank. Exposure to the B-field did not affect the spatial distribution of haddock larvae in the raceway. Larvae were categorized by differences in their exploratory behavior in the raceway. The majority (78%) of larvae were nonexploratory, and exposure to the artificial B-field reduced their median swimming speed by 60% and decreased their median acceleration by 38%. There was no effect on swimming of the smaller proportion (22%) of exploratory larvae. These observations support the conclusion that the swimming performance of nonexploratory haddock larvae would be reduced following exposure to B-field from HVDC cables. The selective impact on nonexploratory individuals, and the lack of impact on exploratory individuals, could have population-scale implications for haddock in the wild.","PNAS NEXUS","journalArticle","RENEWABLE ENERGY; BEHAVIOR; OFFSHORE WIND; SUBSEA CABLES; IMPACTS; ECOLOGY; POWER-CABLES; ANTHROPOGENIC MAGNETIC FIELD; FISH LARVAE; COD",NA,"2752-6542","10.1093/pnasnexus/pgac175",NA,"","4","1","CARLIER Antoine","","","","","carlier","","","","","","","","Article","No - Continue","No - Continue","No - Continue","Fish","","Melanogrammus aeglefinus","Atlantic haddock",NA,NA,NA,NA,NA,"No",0,"Physical","","Input of other forms of energy","","No",NA,NA,NA,NA,"No",NA,NA,NA,"Yes",NA,NA,NA,NA,NA,"No-Effect","Effect",NA,"No",NA,NA,NA,NA,"No",NA,NA,NA,"No",NA,NA,"No",NA,"0","Figs 3a, b; discussion p5","No","No","No","Yes","No","No","No","No","No","No","Yes","No","No","No","No","No","No","No","No","Yes","No","No",NA,NA,NA,NA,NA,NA,NA,NA,NA,"Norway","61.827932, 7.320914","Norwegian Sea",NA,"69.002027, 3.998004",2021,2021,0,"Less than 1 month",NA,"No","No","Yes","No","No","No",NA,"Yes","Unsure","No","No","","No","","No","","Inlcuded",15,1,1,NA,NA,NA,NA,NA,NA,NA,NA,NA,NA,NA,NA,NA,NA,NA,NA,NA,NA,NA,NA,NA,"merged"
"108","CUI8ZNQC","EPPI-Reviewer ID: 97355234","Cresci (2022)","Cresci A; Perrichon P; Durif CMF; Sorhus E; Johnsen E; Bjelland R; Larsen T; Skiftesvik AB; Browman HI",2022,"Magnetic fields generated by the DC cables of offshore wind farms have no effect on spatial distribution or swimming behavior of lesser sandeel larvae (Ammodytes marinus)","In the North Sea, the number and size of offshore wind (OW) turbines, together with the associated network of High Voltage Direct Current (HVDC) subsea cables, will increase rapidly over the coming years. HVDC cables produce magnetic fields (MFs) that might have an impact on marine animals that encounter them. One of the fish species that is at risk of exposure to MF associated with OW is the lesser sandeel (Ammodytes marinus), a keystone species of the North Sea basin. Lesser sandeel could be exposed to MF as larvae, when they drift in proximity of OW turbines. Whether MFs impact the behavior of lesser sandeel larvae, with possible downstream effects on their dispersal and survival, is unknown. We tested the behavior of 56 lesser sandeel larvae, using a setup designed to simulate the scenario of larvae drifting past a DC cable. We exposed the larvae to a MF intensity gradient (150-50 mu T) that is within the range of MFs produced by HVDC subsea cables. Exposure to the MF gradient did not affect the spatial distribution of lesser sandeel larvae in a raceway tank 50 cm long, 7 cm wide and 3.5 cm deep. Nor did the MF alter their swimming speed, acceleration or distance moved. These results show that static MF from DC cables would not impact behavior of lesser sandeel larvae during the larval period of their life although it does not exclude the possibility that later life stages could be affected.","MARINE ENVIRONMENTAL RESEARCH","journalArticle","ATLANTIC OCEAN; FISH; NORTH SEA; WIND FARM; ANIMAL; ANIMALS; ARTICLE; CONTROLLED STUDY; LARVA; NONHUMAN; OFFSHORE WIND FARMS; NORTH-SEA; OFFSHORE OIL WELL PRODUCTION; OFFSHORE WIND; OFFSHORE WINDS; WIND; ANTHROPOGENIC MF; DIRECT CURRENT; MAGNETIC FIELD; SWIMMING; SWIMMING SPEED; ENVIRONMENTAL DISTURBANCE; OFFSHORE STRUCTURE; ENERGY RESOURCE; ENERGY-GENERATING RESOURCES; ACCELERATION; LARVAL DISPERSAL; LESSER SANDEEL; CABLES; HVDC POWER TRANSMISSION; ANTHROPOGENIC MAGNETIC FIELD; FISH LARVAE; SWIMMING BEHAVIOR; MAGNETIC-FIELD; WIND VELOCITY; FECUNDITY; ANTHROPOGENICS; DC CABLES; HIGH-VOLTAGE DIRECT CURRENT; MAGNETIC FIELDS; PERCIFORMES","1879-0291","10.1016/j.marenvres.2022.105609",NA,NA,176,"VOGEL Camille","vogel","Fish",NA,"Input of other forms of energy",NA,"yes",1,"Ammodytes marinus","demersal fish","""Lesser sandeel (Ammodytes marinus) is a keystone fish species in the North Sea ecosystem (Furness, 2002), which is also a region in which large OWFs will be placed. This species is an important link in the food web between zooplankton and predators, including fish, mammals and sea birds (Wanless et al., 2018). As juveniles and adults, lesser sandeel live in association with specific areas of the sea bottom, where they remain buried most of the time (Wright et al., 2000). Although they spend much of their time burrowed in the sediment, they form schools that rise up into the water column to feed (Johnsen et al., 2017) or spawn (Bergstad et al., 2001; Gauld and Hutcheon, 1990).""","larval","NS",NA,"not specified","not specified","not specified","not specified",NA,"DC","NS","NA","NS","NA","NS","NA","DC","1.4999999999999999E-4","NS","""The other half of the larvae (Exposed, N=28) were recorded with the coils turned ON and were, therefore, exposed to a gradient of MF intensity in the raceway, from high (150 µT) to low (50 µT) (Fig. 1B).""","NA","NA","NA","other","NS","infrared","NA","""Two DC 12V 96 LED infrared illuminators placed beside the camera allowed us to record larval swimming behavior in the dark.""","0.35","25","min","1.7361111111111112E-2","ponctual","continuous","steady","water-sediment interface","""we used two square-shaped Helmholtz coils (65 × 65 cm; 30 wraps of copper wire for each coil) connected to a BK Precision 1745A DC power supply (0–10 A), and generated a gradient of MF intensity (150-50 μT) in a raceway (Fig. 1). The MF intensities produced are in the range of those produced by HVDC subsea cables associated with OWFs (Gill and Desender, 2020; Taormina et al., 2018).""","50","NA","no","no","NA","NA","attraction, repulsion","quantitative","spatial distribution","spatial distribution","cm","no impact/negligible","no","unknown","Results paragraph","direct","NA","NA","NA","NA","NA","NA","NA","NA","NA","1","28","YES","Yes",NA,NA,"CUI8ZNQC","EPPI-Reviewer ID: 97355234","Cresci (2022)","Cresci A; Perrichon P; Durif CMF; Sorhus E; Johnsen E; Bjelland R; Larsen T; Skiftesvik AB; Browman HI",2022,"Magnetic fields generated by the DC cables of offshore wind farms have no effect on spatial distribution or swimming behavior of lesser sandeel larvae (Ammodytes marinus)","In the North Sea, the number and size of offshore wind (OW) turbines, together with the associated network of High Voltage Direct Current (HVDC) subsea cables, will increase rapidly over the coming years. HVDC cables produce magnetic fields (MFs) that might have an impact on marine animals that encounter them. One of the fish species that is at risk of exposure to MF associated with OW is the lesser sandeel (Ammodytes marinus), a keystone species of the North Sea basin. Lesser sandeel could be exposed to MF as larvae, when they drift in proximity of OW turbines. Whether MFs impact the behavior of lesser sandeel larvae, with possible downstream effects on their dispersal and survival, is unknown. We tested the behavior of 56 lesser sandeel larvae, using a setup designed to simulate the scenario of larvae drifting past a DC cable. We exposed the larvae to a MF intensity gradient (150-50 mu T) that is within the range of MFs produced by HVDC subsea cables. Exposure to the MF gradient did not affect the spatial distribution of lesser sandeel larvae in a raceway tank 50 cm long, 7 cm wide and 3.5 cm deep. Nor did the MF alter their swimming speed, acceleration or distance moved. These results show that static MF from DC cables would not impact behavior of lesser sandeel larvae during the larval period of their life although it does not exclude the possibility that later life stages could be affected.","MARINE ENVIRONMENTAL RESEARCH","journalArticle","ATLANTIC OCEAN; FISH; NORTH SEA; WIND FARM; ANIMAL; ANIMALS; ARTICLE; CONTROLLED STUDY; LARVA; NONHUMAN; OFFSHORE WIND FARMS; NORTH-SEA; OFFSHORE OIL WELL PRODUCTION; OFFSHORE WIND; OFFSHORE WINDS; WIND; ANTHROPOGENIC MF; DIRECT CURRENT; MAGNETIC FIELD; SWIMMING; SWIMMING SPEED; ENVIRONMENTAL DISTURBANCE; OFFSHORE STRUCTURE; ENERGY RESOURCE; ENERGY-GENERATING RESOURCES; ACCELERATION; LARVAL DISPERSAL; LESSER SANDEEL; CABLES; HVDC POWER TRANSMISSION; ANTHROPOGENIC MAGNETIC FIELD; FISH LARVAE; SWIMMING BEHAVIOR; MAGNETIC-FIELD; WIND VELOCITY; FECUNDITY; ANTHROPOGENICS; DC CABLES; HIGH-VOLTAGE DIRECT CURRENT; MAGNETIC FIELDS; PERCIFORMES",NA,"1879-0291","10.1016/j.marenvres.2022.105609",NA,"","","176","VOGEL Camille","","","","","vogel","","","","","","","","Article","No - Continue","No - Continue","No - Continue","Fish","","Ammodytes marinus","lesser sandeel",NA,NA,NA,NA,NA,"No",0,"Physical","","Input of other forms of energy","","No",NA,NA,NA,NA,"No",NA,NA,NA,"Yes",NA,NA,NA,NA,NA,"No-Effect","No-Effect",NA,"No",NA,NA,NA,NA,"No",NA,NA,NA,"No",NA,NA,"No",NA,"0","Figs 2 and3 ; tables 1 and 2","No","No","No","Yes","No","No","No","No","No","No","Yes","No","No","No","No","No","No","No","No","Yes","No","No",NA,NA,NA,NA,NA,NA,NA,NA,NA,NA,"4.907255, 25.567434",NA,NA,"4.907255, 25.567434",2021,NA,NA,NA,NA,"No","No","Yes","No","No","No",NA,"Yes","No","No","No","","No","","No","The article is looking at the behaviour of a limited number of larvae submitted to a controlled magnetic field in an experimental setup. Only swimming behaviour is discussed. There are no information on the overall duration of the experiment. Be careful as the title is rather misleading. Spatial distribution is only considered at the scale of the experiment, which occupies a few square cm...","Inlcuded",16,1,1,NA,NA,NA,NA,NA,NA,NA,NA,NA,NA,NA,NA,NA,NA,NA,NA,NA,NA,NA,NA,NA,"merged"
"108","CUI8ZNQC","EPPI-Reviewer ID: 97355234","Cresci (2022)","Cresci A; Perrichon P; Durif CMF; Sorhus E; Johnsen E; Bjelland R; Larsen T; Skiftesvik AB; Browman HI",2022,"Magnetic fields generated by the DC cables of offshore wind farms have no effect on spatial distribution or swimming behavior of lesser sandeel larvae (Ammodytes marinus)","In the North Sea, the number and size of offshore wind (OW) turbines, together with the associated network of High Voltage Direct Current (HVDC) subsea cables, will increase rapidly over the coming years. HVDC cables produce magnetic fields (MFs) that might have an impact on marine animals that encounter them. One of the fish species that is at risk of exposure to MF associated with OW is the lesser sandeel (Ammodytes marinus), a keystone species of the North Sea basin. Lesser sandeel could be exposed to MF as larvae, when they drift in proximity of OW turbines. Whether MFs impact the behavior of lesser sandeel larvae, with possible downstream effects on their dispersal and survival, is unknown. We tested the behavior of 56 lesser sandeel larvae, using a setup designed to simulate the scenario of larvae drifting past a DC cable. We exposed the larvae to a MF intensity gradient (150-50 mu T) that is within the range of MFs produced by HVDC subsea cables. Exposure to the MF gradient did not affect the spatial distribution of lesser sandeel larvae in a raceway tank 50 cm long, 7 cm wide and 3.5 cm deep. Nor did the MF alter their swimming speed, acceleration or distance moved. These results show that static MF from DC cables would not impact behavior of lesser sandeel larvae during the larval period of their life although it does not exclude the possibility that later life stages could be affected.","MARINE ENVIRONMENTAL RESEARCH","journalArticle","ATLANTIC OCEAN; FISH; NORTH SEA; WIND FARM; ANIMAL; ANIMALS; ARTICLE; CONTROLLED STUDY; LARVA; NONHUMAN; OFFSHORE WIND FARMS; NORTH-SEA; OFFSHORE OIL WELL PRODUCTION; OFFSHORE WIND; OFFSHORE WINDS; WIND; ANTHROPOGENIC MF; DIRECT CURRENT; MAGNETIC FIELD; SWIMMING; SWIMMING SPEED; ENVIRONMENTAL DISTURBANCE; OFFSHORE STRUCTURE; ENERGY RESOURCE; ENERGY-GENERATING RESOURCES; ACCELERATION; LARVAL DISPERSAL; LESSER SANDEEL; CABLES; HVDC POWER TRANSMISSION; ANTHROPOGENIC MAGNETIC FIELD; FISH LARVAE; SWIMMING BEHAVIOR; MAGNETIC-FIELD; WIND VELOCITY; FECUNDITY; ANTHROPOGENICS; DC CABLES; HIGH-VOLTAGE DIRECT CURRENT; MAGNETIC FIELDS; PERCIFORMES","1879-0291","10.1016/j.marenvres.2022.105609",NA,NA,176,"VOGEL Camille","vogel","Fish",NA,"Input of other forms of energy",NA,"yes",2,"Ammodytes marinus","demersal fish","""Lesser sandeel (Ammodytes marinus) is a keystone fish species in the North Sea ecosystem (Furness, 2002), which is also a region in which large OWFs will be placed. This species is an important link in the food web between zooplankton and predators, including fish, mammals and sea birds (Wanless et al., 2018). As juveniles and adults, lesser sandeel live in association with specific areas of the sea bottom, where they remain buried most of the time (Wright et al., 2000). Although they spend much of their time burrowed in the sediment, they form schools that rise up into the water column to feed (Johnsen et al., 2017) or spawn (Bergstad et al., 2001; Gauld and Hutcheon, 1990).""","larval","NS",NA,"not specified","not specified","not specified","not specified",NA,"DC","NS","NA","NS","NA","NS","NA","DC","1.4999999999999999E-4","NS","""The other half of the larvae (Exposed, N=28) were recorded with the coils turned ON and were, therefore, exposed to a gradient of MF intensity in the raceway, from high (150 µT) to low (50 µT) (Fig. 1B).""","NA","NA","NA","other","NS","infrared","NA","""Two DC 12V 96 LED infrared illuminators placed beside the camera allowed us to record larval swimming behavior in the dark.""","0.35","25","min","1.7361111111111112E-2","ponctual","continuous","steady","water-sediment interface","""we used two square-shaped Helmholtz coils (65 × 65 cm; 30 wraps of copper wire for each coil) connected to a BK Precision 1745A DC power supply (0–10 A), and generated a gradient of MF intensity (150-50 μT) in a raceway (Fig. 1). The MF intensities produced are in the range of those produced by HVDC subsea cables associated with OWFs (Gill and Desender, 2020; Taormina et al., 2018).""","50","NA","no","no","NA","NA","prostration","quantitative","activity","distance travelled","cm","no impact/negligible","no","unknown","Results paragraph","direct","NA","NA","NA","NA","NA","NA","NA","NA","NA","1","28","YES","Yes",NA,NA,"CUI8ZNQC","EPPI-Reviewer ID: 97355234","Cresci (2022)","Cresci A; Perrichon P; Durif CMF; Sorhus E; Johnsen E; Bjelland R; Larsen T; Skiftesvik AB; Browman HI",2022,"Magnetic fields generated by the DC cables of offshore wind farms have no effect on spatial distribution or swimming behavior of lesser sandeel larvae (Ammodytes marinus)","In the North Sea, the number and size of offshore wind (OW) turbines, together with the associated network of High Voltage Direct Current (HVDC) subsea cables, will increase rapidly over the coming years. HVDC cables produce magnetic fields (MFs) that might have an impact on marine animals that encounter them. One of the fish species that is at risk of exposure to MF associated with OW is the lesser sandeel (Ammodytes marinus), a keystone species of the North Sea basin. Lesser sandeel could be exposed to MF as larvae, when they drift in proximity of OW turbines. Whether MFs impact the behavior of lesser sandeel larvae, with possible downstream effects on their dispersal and survival, is unknown. We tested the behavior of 56 lesser sandeel larvae, using a setup designed to simulate the scenario of larvae drifting past a DC cable. We exposed the larvae to a MF intensity gradient (150-50 mu T) that is within the range of MFs produced by HVDC subsea cables. Exposure to the MF gradient did not affect the spatial distribution of lesser sandeel larvae in a raceway tank 50 cm long, 7 cm wide and 3.5 cm deep. Nor did the MF alter their swimming speed, acceleration or distance moved. These results show that static MF from DC cables would not impact behavior of lesser sandeel larvae during the larval period of their life although it does not exclude the possibility that later life stages could be affected.","MARINE ENVIRONMENTAL RESEARCH","journalArticle","ATLANTIC OCEAN; FISH; NORTH SEA; WIND FARM; ANIMAL; ANIMALS; ARTICLE; CONTROLLED STUDY; LARVA; NONHUMAN; OFFSHORE WIND FARMS; NORTH-SEA; OFFSHORE OIL WELL PRODUCTION; OFFSHORE WIND; OFFSHORE WINDS; WIND; ANTHROPOGENIC MF; DIRECT CURRENT; MAGNETIC FIELD; SWIMMING; SWIMMING SPEED; ENVIRONMENTAL DISTURBANCE; OFFSHORE STRUCTURE; ENERGY RESOURCE; ENERGY-GENERATING RESOURCES; ACCELERATION; LARVAL DISPERSAL; LESSER SANDEEL; CABLES; HVDC POWER TRANSMISSION; ANTHROPOGENIC MAGNETIC FIELD; FISH LARVAE; SWIMMING BEHAVIOR; MAGNETIC-FIELD; WIND VELOCITY; FECUNDITY; ANTHROPOGENICS; DC CABLES; HIGH-VOLTAGE DIRECT CURRENT; MAGNETIC FIELDS; PERCIFORMES",NA,"1879-0291","10.1016/j.marenvres.2022.105609",NA,"","","176","VOGEL Camille","","","","","vogel","","","","","","","","Article","No - Continue","No - Continue","No - Continue","Fish","","Ammodytes marinus","lesser sandeel",NA,NA,NA,NA,NA,"No",0,"Physical","","Input of other forms of energy","","No",NA,NA,NA,NA,"No",NA,NA,NA,"Yes",NA,NA,NA,NA,NA,"No-Effect","No-Effect",NA,"No",NA,NA,NA,NA,"No",NA,NA,NA,"No",NA,NA,"No",NA,"0","Figs 2 and3 ; tables 1 and 2","No","No","No","Yes","No","No","No","No","No","No","Yes","No","No","No","No","No","No","No","No","Yes","No","No",NA,NA,NA,NA,NA,NA,NA,NA,NA,NA,"4.907255, 25.567434",NA,NA,"4.907255, 25.567434",2021,NA,NA,NA,NA,"No","No","Yes","No","No","No",NA,"Yes","No","No","No","","No","","No","The article is looking at the behaviour of a limited number of larvae submitted to a controlled magnetic field in an experimental setup. Only swimming behaviour is discussed. There are no information on the overall duration of the experiment. Be careful as the title is rather misleading. Spatial distribution is only considered at the scale of the experiment, which occupies a few square cm...","Inlcuded",17,1,1,NA,NA,NA,NA,NA,NA,NA,NA,NA,NA,NA,NA,NA,NA,NA,NA,NA,NA,NA,NA,NA,"merged"
"108","CUI8ZNQC","EPPI-Reviewer ID: 97355234","Cresci (2022)","Cresci A; Perrichon P; Durif CMF; Sorhus E; Johnsen E; Bjelland R; Larsen T; Skiftesvik AB; Browman HI",2022,"Magnetic fields generated by the DC cables of offshore wind farms have no effect on spatial distribution or swimming behavior of lesser sandeel larvae (Ammodytes marinus)","In the North Sea, the number and size of offshore wind (OW) turbines, together with the associated network of High Voltage Direct Current (HVDC) subsea cables, will increase rapidly over the coming years. HVDC cables produce magnetic fields (MFs) that might have an impact on marine animals that encounter them. One of the fish species that is at risk of exposure to MF associated with OW is the lesser sandeel (Ammodytes marinus), a keystone species of the North Sea basin. Lesser sandeel could be exposed to MF as larvae, when they drift in proximity of OW turbines. Whether MFs impact the behavior of lesser sandeel larvae, with possible downstream effects on their dispersal and survival, is unknown. We tested the behavior of 56 lesser sandeel larvae, using a setup designed to simulate the scenario of larvae drifting past a DC cable. We exposed the larvae to a MF intensity gradient (150-50 mu T) that is within the range of MFs produced by HVDC subsea cables. Exposure to the MF gradient did not affect the spatial distribution of lesser sandeel larvae in a raceway tank 50 cm long, 7 cm wide and 3.5 cm deep. Nor did the MF alter their swimming speed, acceleration or distance moved. These results show that static MF from DC cables would not impact behavior of lesser sandeel larvae during the larval period of their life although it does not exclude the possibility that later life stages could be affected.","MARINE ENVIRONMENTAL RESEARCH","journalArticle","ATLANTIC OCEAN; FISH; NORTH SEA; WIND FARM; ANIMAL; ANIMALS; ARTICLE; CONTROLLED STUDY; LARVA; NONHUMAN; OFFSHORE WIND FARMS; NORTH-SEA; OFFSHORE OIL WELL PRODUCTION; OFFSHORE WIND; OFFSHORE WINDS; WIND; ANTHROPOGENIC MF; DIRECT CURRENT; MAGNETIC FIELD; SWIMMING; SWIMMING SPEED; ENVIRONMENTAL DISTURBANCE; OFFSHORE STRUCTURE; ENERGY RESOURCE; ENERGY-GENERATING RESOURCES; ACCELERATION; LARVAL DISPERSAL; LESSER SANDEEL; CABLES; HVDC POWER TRANSMISSION; ANTHROPOGENIC MAGNETIC FIELD; FISH LARVAE; SWIMMING BEHAVIOR; MAGNETIC-FIELD; WIND VELOCITY; FECUNDITY; ANTHROPOGENICS; DC CABLES; HIGH-VOLTAGE DIRECT CURRENT; MAGNETIC FIELDS; PERCIFORMES","1879-0291","10.1016/j.marenvres.2022.105609",NA,NA,176,"VOGEL Camille","vogel","Fish",NA,"Input of other forms of energy",NA,"yes",3,"Ammodytes marinus","demersal fish","""Lesser sandeel (Ammodytes marinus) is a keystone fish species in the North Sea ecosystem (Furness, 2002), which is also a region in which large OWFs will be placed. This species is an important link in the food web between zooplankton and predators, including fish, mammals and sea birds (Wanless et al., 2018). As juveniles and adults, lesser sandeel live in association with specific areas of the sea bottom, where they remain buried most of the time (Wright et al., 2000). Although they spend much of their time burrowed in the sediment, they form schools that rise up into the water column to feed (Johnsen et al., 2017) or spawn (Bergstad et al., 2001; Gauld and Hutcheon, 1990).""","larval","NS",NA,"not specified","not specified","not specified","not specified",NA,"DC","NS","NA","NS","NA","NS","NA","DC","1.4999999999999999E-4","NS","""The other half of the larvae (Exposed, N=28) were recorded with the coils turned ON and were, therefore, exposed to a gradient of MF intensity in the raceway, from high (150 µT) to low (50 µT) (Fig. 1B).""","NA","NA","NA","other","NS","infrared","NA","""Two DC 12V 96 LED infrared illuminators placed beside the camera allowed us to record larval swimming behavior in the dark.""","0.35","25","min","1.7361111111111112E-2","ponctual","continuous","steady","water-sediment interface","""we used two square-shaped Helmholtz coils (65 × 65 cm; 30 wraps of copper wire for each coil) connected to a BK Precision 1745A DC power supply (0–10 A), and generated a gradient of MF intensity (150-50 μT) in a raceway (Fig. 1). The MF intensities produced are in the range of those produced by HVDC subsea cables associated with OWFs (Gill and Desender, 2020; Taormina et al., 2018).""","50","NA","no","no","NA","NA","other","quantitative","swimming behaviour","swimming speed/acceleration","cm/s; cm/s²","no impact/negligible","no","unknown","Results paragraph","direct","NA","NA","NA","NA","NA","NA","NA","NA","NA","1","28","YES","Yes",NA,NA,"CUI8ZNQC","EPPI-Reviewer ID: 97355234","Cresci (2022)","Cresci A; Perrichon P; Durif CMF; Sorhus E; Johnsen E; Bjelland R; Larsen T; Skiftesvik AB; Browman HI",2022,"Magnetic fields generated by the DC cables of offshore wind farms have no effect on spatial distribution or swimming behavior of lesser sandeel larvae (Ammodytes marinus)","In the North Sea, the number and size of offshore wind (OW) turbines, together with the associated network of High Voltage Direct Current (HVDC) subsea cables, will increase rapidly over the coming years. HVDC cables produce magnetic fields (MFs) that might have an impact on marine animals that encounter them. One of the fish species that is at risk of exposure to MF associated with OW is the lesser sandeel (Ammodytes marinus), a keystone species of the North Sea basin. Lesser sandeel could be exposed to MF as larvae, when they drift in proximity of OW turbines. Whether MFs impact the behavior of lesser sandeel larvae, with possible downstream effects on their dispersal and survival, is unknown. We tested the behavior of 56 lesser sandeel larvae, using a setup designed to simulate the scenario of larvae drifting past a DC cable. We exposed the larvae to a MF intensity gradient (150-50 mu T) that is within the range of MFs produced by HVDC subsea cables. Exposure to the MF gradient did not affect the spatial distribution of lesser sandeel larvae in a raceway tank 50 cm long, 7 cm wide and 3.5 cm deep. Nor did the MF alter their swimming speed, acceleration or distance moved. These results show that static MF from DC cables would not impact behavior of lesser sandeel larvae during the larval period of their life although it does not exclude the possibility that later life stages could be affected.","MARINE ENVIRONMENTAL RESEARCH","journalArticle","ATLANTIC OCEAN; FISH; NORTH SEA; WIND FARM; ANIMAL; ANIMALS; ARTICLE; CONTROLLED STUDY; LARVA; NONHUMAN; OFFSHORE WIND FARMS; NORTH-SEA; OFFSHORE OIL WELL PRODUCTION; OFFSHORE WIND; OFFSHORE WINDS; WIND; ANTHROPOGENIC MF; DIRECT CURRENT; MAGNETIC FIELD; SWIMMING; SWIMMING SPEED; ENVIRONMENTAL DISTURBANCE; OFFSHORE STRUCTURE; ENERGY RESOURCE; ENERGY-GENERATING RESOURCES; ACCELERATION; LARVAL DISPERSAL; LESSER SANDEEL; CABLES; HVDC POWER TRANSMISSION; ANTHROPOGENIC MAGNETIC FIELD; FISH LARVAE; SWIMMING BEHAVIOR; MAGNETIC-FIELD; WIND VELOCITY; FECUNDITY; ANTHROPOGENICS; DC CABLES; HIGH-VOLTAGE DIRECT CURRENT; MAGNETIC FIELDS; PERCIFORMES",NA,"1879-0291","10.1016/j.marenvres.2022.105609",NA,"","","176","VOGEL Camille","","","","","vogel","","","","","","","","Article","No - Continue","No - Continue","No - Continue","Fish","","Ammodytes marinus","lesser sandeel",NA,NA,NA,NA,NA,"No",0,"Physical","","Input of other forms of energy","","No",NA,NA,NA,NA,"No",NA,NA,NA,"Yes",NA,NA,NA,NA,NA,"No-Effect","No-Effect",NA,"No",NA,NA,NA,NA,"No",NA,NA,NA,"No",NA,NA,"No",NA,"0","Figs 2 and3 ; tables 1 and 2","No","No","No","Yes","No","No","No","No","No","No","Yes","No","No","No","No","No","No","No","No","Yes","No","No",NA,NA,NA,NA,NA,NA,NA,NA,NA,NA,"4.907255, 25.567434",NA,NA,"4.907255, 25.567434",2021,NA,NA,NA,NA,"No","No","Yes","No","No","No",NA,"Yes","No","No","No","","No","","No","The article is looking at the behaviour of a limited number of larvae submitted to a controlled magnetic field in an experimental setup. Only swimming behaviour is discussed. There are no information on the overall duration of the experiment. Be careful as the title is rather misleading. Spatial distribution is only considered at the scale of the experiment, which occupies a few square cm...","Inlcuded",18,1,1,NA,NA,NA,NA,NA,NA,NA,NA,NA,NA,NA,NA,NA,NA,NA,NA,NA,NA,NA,NA,NA,"merged"
"140","WCM7A4B2",NA,"Diez-Caballero (2022)","Diez-Caballero K; Troiteiro S; Garcia-Alba J; Vidal JR; Gonzalez M; Ametller S; Juan R",2022,"Environmental Compatibility of the Parc Tramuntana Offshore Wind Project in Relation to Marine Ecosystems","Parc Tramuntana is the first offshore wind project being promoted in the Catalonian waters, and due to this newness, it has generated a strong social debate surrounding expected environmental and socioeconomic impacts traditionally associated to marine wind farms, as there are no relevant references in this area. The objective of this report is to provide a specific analysis of some of the main potential impacts, based on detailed information and quantitative data, in order to place these impacts in a realistic context and determine their actual magnitude. This analysis is fed by diverse and detailed studies carried out over the last two years to assess the environmental impact of the project, in accordance with current regulations. According to environmental impact assessment, which is based on a standardized methodology, the impact of the project is objectively qualified as MODERATE on vectors such as turbidity and sedimentation, underwater noise, hydrodynamic circulation or the alteration of electromagnetic fields, and NOT SIGNIFICANT on aspects such as the proliferation of invasive exotic species. As this is an ongoing assessment process, this report presents initial conclusions that do not yet address all possible impacts. Nevertheless, the authors stress the importance of framing the debate on offshore wind in Catalonia in the context of the urgency of the climate emergency and its inevitable impacts on the natural environment.","JOURNAL OF MARINE SCIENCE AND ENGINEERING","journalArticle","FARMS; IMPACTS; SEA; FRAMEWORK; ELECTROMAGNETIC FIELDS; INVASIVE SPECIES; TURBIDITY; OFFSHORE WIND IMPACTS; ACOUSTIC IMPACT; HZ MAGNETIC-FIELDS; MARINE HYDRODYNAMICS; SEDIMENT DISPERSION; eppi-reviewer","2077-1312","10.3390/jmse10070898",NA,"7",10,"VOGEL Camille","sentchev","Fish",NA,"Input of other forms of energy","Excluded - review","yes",1,"Population on site WAS NOT SPECIFIED. Only general results from litt review are used",NA,NA,"NS","NS",NA,"not specified","not specified","not specified","not specified",NA,"AC","NS",NA,NA,NA,"NS","NA","AC","MAX 90 µT","50","The potential effects on fauna are considered locally limited. the EMF associated with the export cables (<5 μT),are of limited magnitude, close to the levels of natural electromagnetic disturbances that regularly happen (Nyqvist et al., 2020) [36]. Therefore expected to be barely perceptible by potentially affected fauna, as the cable is buried deep enough for the field to attenuate to levels that are practically imperceptible at the seabed surface.","NA","NA","NA","NA","NA","NA","NA","NA","NA","NA",NA,NA,"NA","NA","NA","NA","NA","5 µT",NA,"no","no","NA","NA","NA","quantitative",NA,"NA","NA","NA","NA","NA","NA","NA","only potential impact is considered with a threshold obtained from literature. The impact of EMF of future OWF is qualified as moderate (globally. No one target is considered)","NA","NA","NA","NA","NA","steel armouring","burried","steel armouring","NA","NA","steel armouring","NA","Population on site WAS NOT SPECIFIED.","Several potential effects of a future OWF off catalanian coasts are considerd. Regarding EMF, an numerical estimation is obtained, not supported by measururements only potential impact is considered with a threshold obtained from literature. The impact of EMF of future OWF is qualified as moderate (globally. No one target is considered)",NA,NA,NA,NA,NA,NA,NA,NA,NA,NA,NA,NA,NA,NA,NA,NA,NA,NA,NA,NA,NA,NA,NA,NA,NA,NA,NA,NA,NA,NA,NA,NA,NA,NA,NA,NA,NA,NA,NA,NA,NA,NA,NA,NA,NA,NA,NA,NA,NA,NA,NA,NA,NA,NA,NA,NA,NA,NA,NA,NA,NA,NA,NA,NA,NA,NA,NA,NA,NA,NA,NA,NA,NA,NA,NA,NA,NA,NA,NA,NA,NA,NA,NA,NA,NA,NA,NA,NA,NA,NA,NA,NA,NA,NA,NA,NA,NA,NA,NA,NA,NA,NA,NA,NA,NA,NA,NA,NA,NA,NA,NA,NA,NA,NA,NA,NA,NA,NA,NA,NA,NA,NA,NA,NA,NA,NA,NA,NA,NA,NA,NA,NA,NA,NA,NA,NA,NA,NA,NA,NA,NA,19,1,1,NA,NA,NA,NA,NA,NA,NA,NA,NA,NA,NA,NA,NA,NA,NA,NA,NA,NA,NA,NA,NA,"exclude"
"147","QQVZW5UH","EPPI-Reviewer ID: 97354583","Durif (2023)","Durif CMF; Nyqvist D; Taormina B; Shema SD; Skiftesvik AB; Freytet F; Browman HI",2023,"Magnetic fields generated by submarine power cables have a negligible effect on the swimming behavior of Atlantic lumpfish (Cyclopterus lumpus) juveniles","Submarine power cables carry electricity over long distances. Their geographic distribution, number, and areal coverage are increasing rapidly with the development of, for example, offshore wind facilities. The flow of current passing through these cables creates a magnetic field (MF) that can potentially affect marine organisms, particularly those that are magnetosensitive. The lumpfish (Cyclopterus lumpus) is a migratory species that is widely distributed in the North Atlantic Ocean and Barents Sea. It migrates between coastal spawning grounds and pelagic offshore feeding areas. We tested whether lumpfish respond to MFs of the same intensity as those emitted by high voltage direct current (HVDC) submarine power cables. Laboratory experiments were conducted by placing juvenile lumpfish in an artificial MF gradient generated by a Helmholtz coil system. The intensity of the artificial MF used (230 mu T) corresponded to the field at 1 m from a high-power submarine cable. The fish were filmed for 30 min with the coil either on or off. Swimming speeds, and presence in the different parts of a raceway, were extracted from the videos and analyzed. Juvenile lumpfish activity, defined as the time that the fish spent swimming relative to stationary pauses (attached to the substrate), and the distance travelled, were unaffected by exposure to the artificial MF. The swimming speed of juvenile lumpfish was reduced (by 16%) when the coil was on indicating that the fish could either sense the MF or the induced electric field created by the movement of the fish through the magnetic field. However, it seems unlikely that a 16% decrease in swimming speed occurring within 1 m of HVDC cables would significantly affect Atlantic lumpfish migration or homing.","PEERJ","journalArticle","ATLANTIC OCEAN; FISH; ARTICLE; CONTROLLED STUDY; NONHUMAN; TEMPERATURE; ELECTRICITY; ANIMAL EXPERIMENT; ANTHROPOGENIC MF; CYCLOPTERUS LUMPUS; DIRECT CURRENT; EMBRYOS; GEOGRAPHIC DISTRIBUTION; HIGH VOLTAGE DIRECT CURRENT; HOMING BEHAVIOR; HVDC; IMAGE ANALYSIS; JUVENILE; LARVAE; LOCOMOTION; LUMPSUCKER; MAGNETIC FIELD; MARINE SPECIES; MIGRATION; MIGRATORY SPECIES; NAVIGATION; SUBSEA CABLES; SWIMMING; SWIMMING SPEED; VIDEORECORDING","2167-8359","10.7717/peerj.14745","28-28",NA,11,"SENTCHEV Alexeï","sentchev","Fish",NA,"Input of other forms of energy",NA,"yes",1,"Cyclopterus lumpus","NS","NA","juvenile","NS",NA,"not specified","not specified","yes","sensitivity suspected",NA,"DC","NS","NA","15","Volt","NA","NA","DC","2.3000000000000001E-4","NA","The swimming speed of juvenile lumpfish was reduced (by 16%). when the coil was on indicating that the fish could either sense the MF or the induced electric field created by the movement of the fish through the magnetic field.","NA","NA","NA","NA","NA","NA","NA","NA","1.25","30","min","2.0833333333333332E-2","ponctual","continuous","steady","water-sediment interface","fish could potentially sense the MF","NA","NA","no","no","NA","NA","other","quantitative","swimming behaviour","swimming speed","cm/s","decrease","no","NA","fish could potentially sense the MF or induced EMF when swimming in the MF. The effect is unsignificant.","direct","direct effect but unsignificant","NA","NA","NA","NA","NA","NA","NA","NA","1","24","YES","Yes","The swimming speed of juvenile lumpfish was reduced (by 16%) when the coil was on indicating that the fish could either sense the MF or the induced electric field created by the movement of the fish through the magnetic field. However, it seems unlikely that a 16% decrease in swimming speed occurring within 1 m of HVDC cables would significantly affect Atlantic lumpfish migration or homing",NA,"QQVZW5UH","EPPI-Reviewer ID: 97354583","Durif (2023)","Durif CMF; Nyqvist D; Taormina B; Shema SD; Skiftesvik AB; Freytet F; Browman HI",2023,"Magnetic fields generated by submarine power cables have a negligible effect on the swimming behavior of Atlantic lumpfish (Cyclopterus lumpus) juveniles","Submarine power cables carry electricity over long distances. Their geographic distribution, number, and areal coverage are increasing rapidly with the development of, for example, offshore wind facilities. The flow of current passing through these cables creates a magnetic field (MF) that can potentially affect marine organisms, particularly those that are magnetosensitive. The lumpfish (Cyclopterus lumpus) is a migratory species that is widely distributed in the North Atlantic Ocean and Barents Sea. It migrates between coastal spawning grounds and pelagic offshore feeding areas. We tested whether lumpfish respond to MFs of the same intensity as those emitted by high voltage direct current (HVDC) submarine power cables. Laboratory experiments were conducted by placing juvenile lumpfish in an artificial MF gradient generated by a Helmholtz coil system. The intensity of the artificial MF used (230 mu T) corresponded to the field at 1 m from a high-power submarine cable. The fish were filmed for 30 min with the coil either on or off. Swimming speeds, and presence in the different parts of a raceway, were extracted from the videos and analyzed. Juvenile lumpfish activity, defined as the time that the fish spent swimming relative to stationary pauses (attached to the substrate), and the distance travelled, were unaffected by exposure to the artificial MF. The swimming speed of juvenile lumpfish was reduced (by 16%) when the coil was on indicating that the fish could either sense the MF or the induced electric field created by the movement of the fish through the magnetic field. However, it seems unlikely that a 16% decrease in swimming speed occurring within 1 m of HVDC cables would significantly affect Atlantic lumpfish migration or homing.","PEERJ","journalArticle","ATLANTIC OCEAN; FISH; ARTICLE; CONTROLLED STUDY; NONHUMAN; TEMPERATURE; ELECTRICITY; ANIMAL EXPERIMENT; ANTHROPOGENIC MF; CYCLOPTERUS LUMPUS; DIRECT CURRENT; EMBRYOS; GEOGRAPHIC DISTRIBUTION; HIGH VOLTAGE DIRECT CURRENT; HOMING BEHAVIOR; HVDC; IMAGE ANALYSIS; JUVENILE; LARVAE; LOCOMOTION; LUMPSUCKER; MAGNETIC FIELD; MARINE SPECIES; MIGRATION; MIGRATORY SPECIES; NAVIGATION; SUBSEA CABLES; SWIMMING; SWIMMING SPEED; VIDEORECORDING",NA,"2167-8359","10.7717/peerj.14745",NA,"28-28","","11","SENTCHEV Alexeï","","","","","sentchev","","","","","","Reviewd by EP","Sean","Article","No - Continue","No - Continue","No - Continue","Fish","","Cyclopterus lumpus","Atlantic lumpfish",NA,NA,NA,NA,NA,"No",0,"Physical","","Input of other forms of energy","","No",NA,NA,NA,NA,"Yes","Effect",NA,NA,"Yes",NA,NA,NA,NA,NA,"No-Effect","Effect",NA,"No",NA,NA,NA,NA,"No",NA,NA,NA,"No",NA,NA,"No",NA,"0","","No","No","No","Yes","No","No","No","No","No","No","Yes","No","No","No","No","No","No","No","No","Yes","No","No",NA,NA,NA,NA,NA,NA,NA,NA,NA,"Norway","61.827932, 7.320914",NA,NA,"4.907255, 25.567434",2018,2018,0,"Less than 1 month",NA,"No","No","Yes","No","No","No",NA,"Yes","Unsure","Yes","No","","No","","No","Ex-situ trials in an experimental tank under controlm conditions equal to environm conditions with an EF mimique the ral electic cable EF. The swimming speed of juvenile lumpfish was reduced by 16% indicating that the fish could sense the MF. HOWEVER,  it seems unlikely that a 16% decrease in swimming speed occurring within 1 m of cables would significantly affect Atlantic lumpfish migration","Inlcuded",20,1,1,NA,NA,NA,NA,NA,NA,NA,NA,NA,NA,NA,NA,NA,NA,NA,NA,NA,NA,NA,NA,NA,"merged"
"147","QQVZW5UH","EPPI-Reviewer ID: 97354583","Durif (2023)","Durif CMF; Nyqvist D; Taormina B; Shema SD; Skiftesvik AB; Freytet F; Browman HI",2023,"Magnetic fields generated by submarine power cables have a negligible effect on the swimming behavior of Atlantic lumpfish (Cyclopterus lumpus) juveniles","Submarine power cables carry electricity over long distances. Their geographic distribution, number, and areal coverage are increasing rapidly with the development of, for example, offshore wind facilities. The flow of current passing through these cables creates a magnetic field (MF) that can potentially affect marine organisms, particularly those that are magnetosensitive. The lumpfish (Cyclopterus lumpus) is a migratory species that is widely distributed in the North Atlantic Ocean and Barents Sea. It migrates between coastal spawning grounds and pelagic offshore feeding areas. We tested whether lumpfish respond to MFs of the same intensity as those emitted by high voltage direct current (HVDC) submarine power cables. Laboratory experiments were conducted by placing juvenile lumpfish in an artificial MF gradient generated by a Helmholtz coil system. The intensity of the artificial MF used (230 mu T) corresponded to the field at 1 m from a high-power submarine cable. The fish were filmed for 30 min with the coil either on or off. Swimming speeds, and presence in the different parts of a raceway, were extracted from the videos and analyzed. Juvenile lumpfish activity, defined as the time that the fish spent swimming relative to stationary pauses (attached to the substrate), and the distance travelled, were unaffected by exposure to the artificial MF. The swimming speed of juvenile lumpfish was reduced (by 16%) when the coil was on indicating that the fish could either sense the MF or the induced electric field created by the movement of the fish through the magnetic field. However, it seems unlikely that a 16% decrease in swimming speed occurring within 1 m of HVDC cables would significantly affect Atlantic lumpfish migration or homing.","PEERJ","journalArticle","ATLANTIC OCEAN; FISH; ARTICLE; CONTROLLED STUDY; NONHUMAN; TEMPERATURE; ELECTRICITY; ANIMAL EXPERIMENT; ANTHROPOGENIC MF; CYCLOPTERUS LUMPUS; DIRECT CURRENT; EMBRYOS; GEOGRAPHIC DISTRIBUTION; HIGH VOLTAGE DIRECT CURRENT; HOMING BEHAVIOR; HVDC; IMAGE ANALYSIS; JUVENILE; LARVAE; LOCOMOTION; LUMPSUCKER; MAGNETIC FIELD; MARINE SPECIES; MIGRATION; MIGRATORY SPECIES; NAVIGATION; SUBSEA CABLES; SWIMMING; SWIMMING SPEED; VIDEORECORDING","2167-8359","10.7717/peerj.14745","28-28",NA,11,"SENTCHEV Alexeï","sentchev","Fish",NA,"Input of other forms of energy",NA,"yes",2,"Cyclopterus lumpus","NS","NA","juvenile","NS",NA,"not specified","not specified","yes","sensitivity suspected",NA,"DC","NS","NA","15","Volt","NA","NA","DC","2.3000000000000001E-4","NA","The swimming speed of juvenile lumpfish was reduced (by 16%). when the coil was on indicating that the fish could either sense the MF or the induced electric field created by the movement of the fish through the magnetic field.","NA","NA","NA","NA","NA","NA","NA","NA","1.25","30","min","2.0833333333333332E-2","ponctual","continuous","steady","water-sediment interface","fish could potentially sense the MF","NA","NA","no","no","NA","NA","other","quantitative","spatial distribution","spatial distribution","% in exposed area","no impact/negligible","no","NA","fish could potentially sense the MF or induced EMF when swimming in the MF. The effect is unsignificant.","direct","direct effect but unsignificant","NA","NA","NA","NA","NA","NA","NA","NA","1","24","YES","Yes","The swimming speed of juvenile lumpfish was reduced (by 16%) when the coil was on indicating that the fish could either sense the MF or the induced electric field created by the movement of the fish through the magnetic field. However, it seems unlikely that a 16% decrease in swimming speed occurring within 1 m of HVDC cables would significantly affect Atlantic lumpfish migration or homing",NA,"QQVZW5UH","EPPI-Reviewer ID: 97354583","Durif (2023)","Durif CMF; Nyqvist D; Taormina B; Shema SD; Skiftesvik AB; Freytet F; Browman HI",2023,"Magnetic fields generated by submarine power cables have a negligible effect on the swimming behavior of Atlantic lumpfish (Cyclopterus lumpus) juveniles","Submarine power cables carry electricity over long distances. Their geographic distribution, number, and areal coverage are increasing rapidly with the development of, for example, offshore wind facilities. The flow of current passing through these cables creates a magnetic field (MF) that can potentially affect marine organisms, particularly those that are magnetosensitive. The lumpfish (Cyclopterus lumpus) is a migratory species that is widely distributed in the North Atlantic Ocean and Barents Sea. It migrates between coastal spawning grounds and pelagic offshore feeding areas. We tested whether lumpfish respond to MFs of the same intensity as those emitted by high voltage direct current (HVDC) submarine power cables. Laboratory experiments were conducted by placing juvenile lumpfish in an artificial MF gradient generated by a Helmholtz coil system. The intensity of the artificial MF used (230 mu T) corresponded to the field at 1 m from a high-power submarine cable. The fish were filmed for 30 min with the coil either on or off. Swimming speeds, and presence in the different parts of a raceway, were extracted from the videos and analyzed. Juvenile lumpfish activity, defined as the time that the fish spent swimming relative to stationary pauses (attached to the substrate), and the distance travelled, were unaffected by exposure to the artificial MF. The swimming speed of juvenile lumpfish was reduced (by 16%) when the coil was on indicating that the fish could either sense the MF or the induced electric field created by the movement of the fish through the magnetic field. However, it seems unlikely that a 16% decrease in swimming speed occurring within 1 m of HVDC cables would significantly affect Atlantic lumpfish migration or homing.","PEERJ","journalArticle","ATLANTIC OCEAN; FISH; ARTICLE; CONTROLLED STUDY; NONHUMAN; TEMPERATURE; ELECTRICITY; ANIMAL EXPERIMENT; ANTHROPOGENIC MF; CYCLOPTERUS LUMPUS; DIRECT CURRENT; EMBRYOS; GEOGRAPHIC DISTRIBUTION; HIGH VOLTAGE DIRECT CURRENT; HOMING BEHAVIOR; HVDC; IMAGE ANALYSIS; JUVENILE; LARVAE; LOCOMOTION; LUMPSUCKER; MAGNETIC FIELD; MARINE SPECIES; MIGRATION; MIGRATORY SPECIES; NAVIGATION; SUBSEA CABLES; SWIMMING; SWIMMING SPEED; VIDEORECORDING",NA,"2167-8359","10.7717/peerj.14745",NA,"28-28","","11","SENTCHEV Alexeï","","","","","sentchev","","","","","","Reviewd by EP","Sean","Article","No - Continue","No - Continue","No - Continue","Fish","","Cyclopterus lumpus","Atlantic lumpfish",NA,NA,NA,NA,NA,"No",0,"Physical","","Input of other forms of energy","","No",NA,NA,NA,NA,"Yes","Effect",NA,NA,"Yes",NA,NA,NA,NA,NA,"No-Effect","Effect",NA,"No",NA,NA,NA,NA,"No",NA,NA,NA,"No",NA,NA,"No",NA,"0","","No","No","No","Yes","No","No","No","No","No","No","Yes","No","No","No","No","No","No","No","No","Yes","No","No",NA,NA,NA,NA,NA,NA,NA,NA,NA,"Norway","61.827932, 7.320914",NA,NA,"4.907255, 25.567434",2018,2018,0,"Less than 1 month",NA,"No","No","Yes","No","No","No",NA,"Yes","Unsure","Yes","No","","No","","No","Ex-situ trials in an experimental tank under controlm conditions equal to environm conditions with an EF mimique the ral electic cable EF. The swimming speed of juvenile lumpfish was reduced by 16% indicating that the fish could sense the MF. HOWEVER,  it seems unlikely that a 16% decrease in swimming speed occurring within 1 m of cables would significantly affect Atlantic lumpfish migration","Inlcuded",21,1,1,NA,NA,NA,NA,NA,NA,NA,NA,NA,NA,NA,NA,NA,NA,NA,NA,NA,NA,NA,NA,NA,"merged"
"209","FNTCWRQU","EPPI-Reviewer ID: 97357656","Hammar (2014)","Hammar L; Wikstrom A; Molander S",2014,"Assessing ecological risks of offshore wind power on Kattegat cod","Offshore wind power is expanding with particular development plans in the Baltic and the North Sea. To reassure an environmentally acceptable development, regulatory authorities need to make informed decisions even when evidence and experience are scarce. In this study Ecological Risk Assessment (ERA) has been applied on a wind farm project in Kattegat, proposed within a spawning ground for the Kattegat cod, a threatened population of Atlantic cod (Gadus morhua L). Six stressors with potential impacts on cod and related to wind farms were investigated. Three of them - extreme noise from pile driving, noise from vessels, and disturbances due to cable-trenching - are related to the construction phase, while lubricant spills and noise from turbines together with electric fields from cables are related to the operation phase. The ecological risk was derived from the combined likelihood and magnitude of potential adverse effects from stressors to the cod population using a weight-of-evidence (WOE) ranking procedure. Available evidence was evaluated based on its reliability, and contradictory arguments were balanced against each other using evidence maps. The option of performing hazardous construction events (e.g. pile-driving) outside biologically sensitive periods was incorporated in the assessment. It was shown that the construction of the wind farm poses a high risk to cod, as defined by the ranked and combined likelihoods and magnitudes of adverse effects. However by avoiding particular construction events during the cod recruitment period ecological risks can be significantly reduced. Specifically for this case, ecological risks are reduced from high to low by avoiding pile-driving from December through June, which confirms previous indications that pile-driving is the most ecologically hazardous activity of offshore wind power development. Additional risk reduction is achieved by avoiding cable trenching from January through May. The study thus illustrates the effectiveness of time-planning for risk reduction. Importantly, the study illustrates how combined ERA and WOE methods can be valuable for handling uncertainties of environmental impacts within offshore industrial development. (C) 2014 Elsevier Ltd. All rights reserved.","RENEWABLE ENERGY","journalArticle","FISH; WIND FARM; NOISE; SOUND; ELECTRIC UTILITIES; WIND POWER; RENEWABLE ENERGY; NORTH-SEA; PILE DRIVING; OFFSHORE OIL WELL PRODUCTION; ATLANTIC COD; GADUS MORHUA; ENVIRONMENTAL IMPACT; RISK ASSESSMENT; BIOINDICATOR; POWER GENERATION; IMPACTS; HEARING; ENVIRONMENTAL IMPACTS; KATTEGAT; GADOID; ENDANGERED SPECIES; PILES; OFF-SHORE WIND POWER; CONSTRUCTION PHASE; OFFSHORE WIND POWER; ECOLOGICAL RISK ASSESSMENT; GADUS-MORHUA; CABLES; TRENCHING; ELECTRIC FIELD; BIOHAZARDS; CABLE LAYING; COMPRESSIVE STRENGTH; ELECTRIC FIELDS; ENVIRONMENTALLY ACCEPTABLE; INDUSTRIAL DEVELOPMENT; REGULATORY AUTHORITIES; WEIGHT OF EVIDENCES; WEIGHT OF EVIDENCES (WOE); WEIGHT-OF-EVIDENCE","1879-0682","10.1016/j.renene.2013.12.024","414-424",NA,66,"CARLIER Antoine","carlier","Fish",NA,"Input of other forms of energy",NA,"no",1,"Gadus morhua","NS","NA","adult","other","""Kattegat harbours both resident cod and temporary migrants from the North Sea and Skagerrak [68].""","yes","yes","yes","sensitivity suspected","""Atlantic cod, Gadus morhua L., is a common predator of high ecological and economical value [68,69].""; ""Cod is a key-stone species of fundamental ecological importance in the area and it is central that risks can be assessed despite incomplete understanding on potential effects""; ""It is not fully known whether cod can sense and respond to these very weak induced electric fields [20].""","AC","NS","NA","NS","NA","NS","""The AC transmission cables emit electromagnetic fields composed by both magnetic and electric components and even though the primary electric field is shielded by the cable armour the magnetic field gives rise to an induced electric field when a fish bypass [22].""","AC","NS","NS","""The AC transmission cables emit electromagnetic fields composed by both magnetic and electric components and even though the primary electric field is shielded by the cable armour the magnetic field gives rise to an induced electric field when a fish bypass [22].""","NA","NA","NA","NA","NA","NA","NA","NA","10","NA","NA",NA,"chronical","continuous","variable","water-sediment interface",NA,"NS","NA","no","no",NA,"individual","other","qualitative","fitness","avoidance, stress, change of behavior","% of population","no impact/negligible","NA","NA","Table 3, Fig 3","direct",NA,"NA","NA","NA","NA","NA","145","burried","no protection","NA","NA","NO","Unsure","sense of impact are considered as theoretical / expert opinions","""2.4.1. Procedures for assigning likelihoods of effects. For effects to take place causality between stressor and receptor is required. However, difficulties arise trying to establish likelihood of effects if evidences on causality are sparse or non-existing [83]. For example, despite the accumulating knowledge on ecological effects of offshore wind power potential effects on cod spawning have not yet been studied and consequently no direct evidences pro et contra causality between OWF and effects on cod spawning exist. However, in absence of direct evidences the likelihood of causal links between stressors and specific effects can be assessed based on its coherency to existing knowledge on effects from analogous stressors [39] and from studies contributing with experiments and observations partially addressing the specific cause effect relationship. Causal links between stressors and specified receptors was therefore assessed through WOE, hereby using a formalized set of criteria to evaluate evidence from a variety of sources and objectively weigh arguments pro et contra a specific effect on a specified receptor [29,39,84,85].""","FNTCWRQU","EPPI-Reviewer ID: 97357656","Hammar (2014)","Hammar L; Wikstrom A; Molander S",2014,"Assessing ecological risks of offshore wind power on Kattegat cod","Offshore wind power is expanding with particular development plans in the Baltic and the North Sea. To reassure an environmentally acceptable development, regulatory authorities need to make informed decisions even when evidence and experience are scarce. In this study Ecological Risk Assessment (ERA) has been applied on a wind farm project in Kattegat, proposed within a spawning ground for the Kattegat cod, a threatened population of Atlantic cod (Gadus morhua L). Six stressors with potential impacts on cod and related to wind farms were investigated. Three of them - extreme noise from pile driving, noise from vessels, and disturbances due to cable-trenching - are related to the construction phase, while lubricant spills and noise from turbines together with electric fields from cables are related to the operation phase. The ecological risk was derived from the combined likelihood and magnitude of potential adverse effects from stressors to the cod population using a weight-of-evidence (WOE) ranking procedure. Available evidence was evaluated based on its reliability, and contradictory arguments were balanced against each other using evidence maps. The option of performing hazardous construction events (e.g. pile-driving) outside biologically sensitive periods was incorporated in the assessment. It was shown that the construction of the wind farm poses a high risk to cod, as defined by the ranked and combined likelihoods and magnitudes of adverse effects. However by avoiding particular construction events during the cod recruitment period ecological risks can be significantly reduced. Specifically for this case, ecological risks are reduced from high to low by avoiding pile-driving from December through June, which confirms previous indications that pile-driving is the most ecologically hazardous activity of offshore wind power development. Additional risk reduction is achieved by avoiding cable trenching from January through May. The study thus illustrates the effectiveness of time-planning for risk reduction. Importantly, the study illustrates how combined ERA and WOE methods can be valuable for handling uncertainties of environmental impacts within offshore industrial development. (C) 2014 Elsevier Ltd. All rights reserved.","RENEWABLE ENERGY","journalArticle","FISH; WIND FARM; NOISE; SOUND; ELECTRIC UTILITIES; WIND POWER; RENEWABLE ENERGY; NORTH-SEA; PILE DRIVING; OFFSHORE OIL WELL PRODUCTION; ATLANTIC COD; GADUS MORHUA; ENVIRONMENTAL IMPACT; RISK ASSESSMENT; BIOINDICATOR; POWER GENERATION; IMPACTS; HEARING; ENVIRONMENTAL IMPACTS; KATTEGAT; GADOID; ENDANGERED SPECIES; PILES; OFF-SHORE WIND POWER; CONSTRUCTION PHASE; OFFSHORE WIND POWER; ECOLOGICAL RISK ASSESSMENT; GADUS-MORHUA; CABLES; TRENCHING; ELECTRIC FIELD; BIOHAZARDS; CABLE LAYING; COMPRESSIVE STRENGTH; ELECTRIC FIELDS; ENVIRONMENTALLY ACCEPTABLE; INDUSTRIAL DEVELOPMENT; REGULATORY AUTHORITIES; WEIGHT OF EVIDENCES; WEIGHT OF EVIDENCES (WOE); WEIGHT-OF-EVIDENCE",NA,"1879-0682","10.1016/j.renene.2013.12.024",NA,"414-424","","66","CARLIER Antoine","","","sentchev","jezequel","carlier","lami","","","","","","","Study","No - Continue","No - Continue","No - Continue","Fish","","Gadus morhua","Atlantic cod",NA,NA,NA,NA,NA,"No",0,"Physical","","Input of other forms of energy","","No",NA,NA,NA,NA,"Yes",NA,"No-Effect","No-Effect","No",NA,NA,NA,NA,NA,NA,NA,NA,"No",NA,NA,NA,NA,"No",NA,NA,NA,"No",NA,NA,"No",NA,"0","See Table 2 for considered EBV","Yes","No","No","No","No","Yes","Yes","No","No","No","Yes","No","No","No","No","Yes","Yes","No","No","Yes","No","Yes",NA,"+56.83;+12.34","Kattegat OWF","50","300","22","25","25","8","Sweden","60.065061, 16.707435","Kattegat Sea","Kattegat Sea","56.973167, 11.511167",2011,2013,2,"More than 12 months","1 Farm","No","No","No","No","Yes","No",NA,"Unsure","Yes","Yes","Yes","risks assessed according to timing/season of generated pressures (see Fig 4)","","p419: ""By scheduling pile-driving activities off the recruitment period (i.e. avoiding pile-driving from December through June), ecological risks to cod can be reduced from high to low (Fig. 4). Additional risk reduction can be achieved by also avoiding cable-trenching activities when recruits might be abundant (i.e. from January through May).""","Yes","this study is an Ecological Risk Assessment, before construction, based on in situ surveys of the considered biological target (cod). Impacts are not measured, but estimated.","Inlcuded",22,1,1,"Kattegatt Offshore","0.22736688","56.8222815","12.34726733","24.5","9.74",NA,NA,NA,NA,NA,NA,"282","50",NA,"approved","MC42: Atlantic circalittoral mixed sediment",NA,"",NA,NA,"merged"
"212","ENKCJVNX",NA,"Harsanyi (2022)","Harsanyi P; Scott K; Easton BAA; Ortiz GD; Chapman ECN; Piper AJR; Rochas CMV; Lyndon AR",2022,"The Effects of Anthropogenic Electromagnetic Fields (EMF) on the Early Development of Two Commercially Important Crustaceans, European Lobster, Homarus gammarus (L.) and Edible Crab, Cancer pagurus (L.)","Proposed offshore windfarm sites could overlap with the brooding and spawning habitats of commercially important crustacea, including European lobster, Homarus gammarus and Edible crab, Cancer pagurus. Concerns have been raised on the biological effects of Electromagnetic Fields (EMFs) emitted from subsea power cables on the early life history of these species. In this study, ovigerous female H. gammarus and C. pagurus were exposed to static (Direct Current, DC) EMFs (2.8 mT) throughout embryonic development. Embryonic and larval parameters, deformities, and vertical swimming speed of freshly hatched stage I lobster and zoea I crab larvae were assessed. EMF did not alter embryonic development time, larval release time, or vertical swimming speed for either species. Chronic exposure to 2.8 mT EMF throughout embryonic development resulted in significant differences in stage-specific egg volume and resulted in stage I lobster and zoea I crab larvae exhibiting decreased carapace height, total length, and maximum eye diameter. An increased occurrence of larval deformities was observed in addition to reduced swimming test success rate amongst lobster larvae. These traits may ultimately affect larval mortality, recruitment and dispersal. This study increases our understanding on the effects of anthropogenic, static EMFs on crustacean developmental biology and suggests that EMF emissions from subsea power cables could have a measurable impact on the early life history and consequently the population dynamics of H. gammarus and C. pagurus.","JOURNAL OF MARINE SCIENCE AND ENGINEERING","journalArticle","TEMPERATURE; POTENTIAL IMPACTS; RENEWABLE ENERGY; BEHAVIOR; MARINE RENEWABLE ENERGY; LARVAE; CANCER PAGURUS; EDIBLE CRAB; ELECTROMAGNETIC FIELD; ENVIRONMENTAL STRESSOR; STATIC MAGNETIC-FIELDS; OCEAN ACIDIFICATION; SUBSEA POWER CABLES; SUBMARINE POWER-CABLES; EUROPEAN LOBSTER; HOMARUS GAMMARUS; AMERICANUS; EMBRYONIC DEVEL-OPMENT; EMBRYONIC DEVELOPMENT; EMBRYONIC-DEVELOPMENT; eppi-reviewer","2077-1312","10.3390/jmse10050564",NA,"5",10,"CARLIER Antoine","carlier","Benthic macro-invertebrates ",NA,"Input of other forms of energy",NA,"yes",1,"Homarus gammarus","NS","NA","larval","other","embryonic stage","yes","not specified","not specified","sensitivity suspected","""H. gammarus and C. pagurus are high commercial value decapod crustaceans""; ""closely related crustacean species may react differently to EMFs, with H. gammarus exhibiting an increased amount of time spent in EMF exposed shelters [15] whilst H. americanus have shown increased exploratory behaviours around subsea cables [8], and juvenile lobsters showed no difference in shelter finding and exploratory behaviour""","DC","NS","NA","NS","NA","NS","Helmholtz coils were powered using a variable DC power supply (Elektro-Automatik EA-PSI 8360-15)","DC","2.8E-3","NS","p4, section 2.2","NA","NA","NA","NA","NA","NA","NA","NA","0","70","days","70","chronical","continuous","steady","water-sediment interface,  water column",NA,"49.96","NA","no","yes","Cumulative effects of MRED related stressors on marine invertebrates, such as current alterations around wind turbines, increased sea temperature around cables and substations, and operational underwater sound must be investigated in the future on all life stages of inhabiting organisms. The effect of temperature is particularly important, as ovigerous female lobsters move offshore to reduce thermal variability during nursing periods [85]. Previous studies showed, that ovigerous C. pagurus will likely be attracted to EMF emitted from subsea power cables [15].","organ or sense","NA","quantitative","early life-stages development","embryonic development","days","no impact/negligible","no","unknown","""3.1.1. Homarus Gammarus. The total time of full embryonic development, from 50% development to hatching did not differ significantly between EMF exposed and control lobsters.""","direct",NA,"NA","NA","NA","NA","NA","NA","NA","NA","6","1","YES","Yes",NA,NA,"ENKCJVNX","","Harsanyi (2022)","Harsanyi P; Scott K; Easton BAA; Ortiz GD; Chapman ECN; Piper AJR; Rochas CMV; Lyndon AR",2022,"The Effects of Anthropogenic Electromagnetic Fields (EMF) on the Early Development of Two Commercially Important Crustaceans, European Lobster, Homarus gammarus (L.) and Edible Crab, Cancer pagurus (L.)","Proposed offshore windfarm sites could overlap with the brooding and spawning habitats of commercially important crustacea, including European lobster, Homarus gammarus and Edible crab, Cancer pagurus. Concerns have been raised on the biological effects of Electromagnetic Fields (EMFs) emitted from subsea power cables on the early life history of these species. In this study, ovigerous female H. gammarus and C. pagurus were exposed to static (Direct Current, DC) EMFs (2.8 mT) throughout embryonic development. Embryonic and larval parameters, deformities, and vertical swimming speed of freshly hatched stage I lobster and zoea I crab larvae were assessed. EMF did not alter embryonic development time, larval release time, or vertical swimming speed for either species. Chronic exposure to 2.8 mT EMF throughout embryonic development resulted in significant differences in stage-specific egg volume and resulted in stage I lobster and zoea I crab larvae exhibiting decreased carapace height, total length, and maximum eye diameter. An increased occurrence of larval deformities was observed in addition to reduced swimming test success rate amongst lobster larvae. These traits may ultimately affect larval mortality, recruitment and dispersal. This study increases our understanding on the effects of anthropogenic, static EMFs on crustacean developmental biology and suggests that EMF emissions from subsea power cables could have a measurable impact on the early life history and consequently the population dynamics of H. gammarus and C. pagurus.","JOURNAL OF MARINE SCIENCE AND ENGINEERING","journalArticle","TEMPERATURE; POTENTIAL IMPACTS; RENEWABLE ENERGY; BEHAVIOR; MARINE RENEWABLE ENERGY; LARVAE; CANCER PAGURUS; EDIBLE CRAB; ELECTROMAGNETIC FIELD; ENVIRONMENTAL STRESSOR; STATIC MAGNETIC-FIELDS; OCEAN ACIDIFICATION; SUBSEA POWER CABLES; SUBMARINE POWER-CABLES; EUROPEAN LOBSTER; HOMARUS GAMMARUS; AMERICANUS; EMBRYONIC DEVEL-OPMENT; EMBRYONIC DEVELOPMENT; EMBRYONIC-DEVELOPMENT; eppi-reviewer",NA,"2077-1312","10.3390/jmse10050564",NA,"","5","10","CARLIER Antoine","","","","","carlier","","","","","","","","Article","No - Continue","No - Continue","No - Continue","Benthic macro-invertebrates ","","Homarus gammarus; Cancer pagurus","European lobster; Edible crab",NA,NA,NA,NA,NA,"No",0,"Physical","","Input of other forms of energy","","No",NA,NA,NA,NA,"No",NA,NA,NA,"Yes","Mixed-Effect","Mixed-Effect",NA,"No-Effect",NA,NA,"No-Effect","Mixed-Effect","No",NA,NA,NA,NA,"No",NA,NA,NA,"No",NA,NA,"No",NA,"0","Fig 6 and Results' section #3.4","No","No","No","Yes","No","No","No","No","No","No","Yes","No","No","No","No","No","No","No","No","Yes","No","No",NA,NA,NA,NA,NA,NA,NA,NA,NA,"UK","54.634065, -2.353032","NORTH SEA",NA,"56.447465, 3.451353",2017,2018,0.5833,"7",NA,"No","No","Yes","No","No","No",NA,"Yes","Unsure","No","No","","No","","No","","Inlcuded",23,1,1,NA,NA,NA,NA,NA,NA,NA,NA,NA,NA,NA,NA,NA,NA,NA,NA,NA,NA,NA,NA,NA,"merged"
"212","ENKCJVNX",NA,"Harsanyi (2022)","Harsanyi P; Scott K; Easton BAA; Ortiz GD; Chapman ECN; Piper AJR; Rochas CMV; Lyndon AR",2022,"The Effects of Anthropogenic Electromagnetic Fields (EMF) on the Early Development of Two Commercially Important Crustaceans, European Lobster, Homarus gammarus (L.) and Edible Crab, Cancer pagurus (L.)","Proposed offshore windfarm sites could overlap with the brooding and spawning habitats of commercially important crustacea, including European lobster, Homarus gammarus and Edible crab, Cancer pagurus. Concerns have been raised on the biological effects of Electromagnetic Fields (EMFs) emitted from subsea power cables on the early life history of these species. In this study, ovigerous female H. gammarus and C. pagurus were exposed to static (Direct Current, DC) EMFs (2.8 mT) throughout embryonic development. Embryonic and larval parameters, deformities, and vertical swimming speed of freshly hatched stage I lobster and zoea I crab larvae were assessed. EMF did not alter embryonic development time, larval release time, or vertical swimming speed for either species. Chronic exposure to 2.8 mT EMF throughout embryonic development resulted in significant differences in stage-specific egg volume and resulted in stage I lobster and zoea I crab larvae exhibiting decreased carapace height, total length, and maximum eye diameter. An increased occurrence of larval deformities was observed in addition to reduced swimming test success rate amongst lobster larvae. These traits may ultimately affect larval mortality, recruitment and dispersal. This study increases our understanding on the effects of anthropogenic, static EMFs on crustacean developmental biology and suggests that EMF emissions from subsea power cables could have a measurable impact on the early life history and consequently the population dynamics of H. gammarus and C. pagurus.","JOURNAL OF MARINE SCIENCE AND ENGINEERING","journalArticle","TEMPERATURE; POTENTIAL IMPACTS; RENEWABLE ENERGY; BEHAVIOR; MARINE RENEWABLE ENERGY; LARVAE; CANCER PAGURUS; EDIBLE CRAB; ELECTROMAGNETIC FIELD; ENVIRONMENTAL STRESSOR; STATIC MAGNETIC-FIELDS; OCEAN ACIDIFICATION; SUBSEA POWER CABLES; SUBMARINE POWER-CABLES; EUROPEAN LOBSTER; HOMARUS GAMMARUS; AMERICANUS; EMBRYONIC DEVEL-OPMENT; EMBRYONIC DEVELOPMENT; EMBRYONIC-DEVELOPMENT; eppi-reviewer","2077-1312","10.3390/jmse10050564",NA,"5",10,"CARLIER Antoine","carlier","Benthic macro-invertebrates ",NA,"Input of other forms of energy",NA,"yes",2,"Homarus gammarus","NS","NA","larval","other","embryonic stage","yes","not specified","not specified","sensitivity suspected","""H. gammarus and C. pagurus are high commercial value decapod crustaceans""; ""closely related crustacean species may react differently to EMFs, with H. gammarus exhibiting an increased amount of time spent in EMF exposed shelters [15] whilst H. americanus have shown increased exploratory behaviours around subsea cables [8], and juvenile lobsters showed no difference in shelter finding and exploratory behaviour""","DC","NS","NA","NS","NA","NS","Helmholtz coils were powered using a variable DC power supply (Elektro-Automatik EA-PSI 8360-15)","DC","2.8E-3","NS","p4, section 2.2","NA","NA","NA","NA","NA","NA","NA","NA","0","70","days","70","chronical","continuous","steady","water-sediment interface,  water column",NA,"49.96","NA","no","yes","Cumulative effects of MRED related stressors on marine invertebrates, such as current alterations around wind turbines, increased sea temperature around cables and substations, and operational underwater sound must be investigated in the future on all life stages of inhabiting organisms. The effect of temperature is particularly important, as ovigerous female lobsters move offshore to reduce thermal variability during nursing periods [85]. Previous studies showed, that ovigerous C. pagurus will likely be attracted to EMF emitted from subsea power cables [15].","individual","NA","quantitative","early life-stages development","egg weight","mg","no impact/negligible","no","unknown","""Egg weight between 50–100% development showed no significant differences between control and EMF exposed eggs.""","direct",NA,"NA","NA","NA","NA","NA","NA","NA","NA","6","1","YES","Yes",NA,NA,"ENKCJVNX","","Harsanyi (2022)","Harsanyi P; Scott K; Easton BAA; Ortiz GD; Chapman ECN; Piper AJR; Rochas CMV; Lyndon AR",2022,"The Effects of Anthropogenic Electromagnetic Fields (EMF) on the Early Development of Two Commercially Important Crustaceans, European Lobster, Homarus gammarus (L.) and Edible Crab, Cancer pagurus (L.)","Proposed offshore windfarm sites could overlap with the brooding and spawning habitats of commercially important crustacea, including European lobster, Homarus gammarus and Edible crab, Cancer pagurus. Concerns have been raised on the biological effects of Electromagnetic Fields (EMFs) emitted from subsea power cables on the early life history of these species. In this study, ovigerous female H. gammarus and C. pagurus were exposed to static (Direct Current, DC) EMFs (2.8 mT) throughout embryonic development. Embryonic and larval parameters, deformities, and vertical swimming speed of freshly hatched stage I lobster and zoea I crab larvae were assessed. EMF did not alter embryonic development time, larval release time, or vertical swimming speed for either species. Chronic exposure to 2.8 mT EMF throughout embryonic development resulted in significant differences in stage-specific egg volume and resulted in stage I lobster and zoea I crab larvae exhibiting decreased carapace height, total length, and maximum eye diameter. An increased occurrence of larval deformities was observed in addition to reduced swimming test success rate amongst lobster larvae. These traits may ultimately affect larval mortality, recruitment and dispersal. This study increases our understanding on the effects of anthropogenic, static EMFs on crustacean developmental biology and suggests that EMF emissions from subsea power cables could have a measurable impact on the early life history and consequently the population dynamics of H. gammarus and C. pagurus.","JOURNAL OF MARINE SCIENCE AND ENGINEERING","journalArticle","TEMPERATURE; POTENTIAL IMPACTS; RENEWABLE ENERGY; BEHAVIOR; MARINE RENEWABLE ENERGY; LARVAE; CANCER PAGURUS; EDIBLE CRAB; ELECTROMAGNETIC FIELD; ENVIRONMENTAL STRESSOR; STATIC MAGNETIC-FIELDS; OCEAN ACIDIFICATION; SUBSEA POWER CABLES; SUBMARINE POWER-CABLES; EUROPEAN LOBSTER; HOMARUS GAMMARUS; AMERICANUS; EMBRYONIC DEVEL-OPMENT; EMBRYONIC DEVELOPMENT; EMBRYONIC-DEVELOPMENT; eppi-reviewer",NA,"2077-1312","10.3390/jmse10050564",NA,"","5","10","CARLIER Antoine","","","","","carlier","","","","","","","","Article","No - Continue","No - Continue","No - Continue","Benthic macro-invertebrates ","","Homarus gammarus; Cancer pagurus","European lobster; Edible crab",NA,NA,NA,NA,NA,"No",0,"Physical","","Input of other forms of energy","","No",NA,NA,NA,NA,"No",NA,NA,NA,"Yes","Mixed-Effect","Mixed-Effect",NA,"No-Effect",NA,NA,"No-Effect","Mixed-Effect","No",NA,NA,NA,NA,"No",NA,NA,NA,"No",NA,NA,"No",NA,"0","Fig 6 and Results' section #3.4","No","No","No","Yes","No","No","No","No","No","No","Yes","No","No","No","No","No","No","No","No","Yes","No","No",NA,NA,NA,NA,NA,NA,NA,NA,NA,"UK","54.634065, -2.353032","NORTH SEA",NA,"56.447465, 3.451353",2017,2018,0.5833,"7",NA,"No","No","Yes","No","No","No",NA,"Yes","Unsure","No","No","","No","","No","","Inlcuded",24,1,1,NA,NA,NA,NA,NA,NA,NA,NA,NA,NA,NA,NA,NA,NA,NA,NA,NA,NA,NA,NA,NA,"merged"
"212","ENKCJVNX",NA,"Harsanyi (2022)","Harsanyi P; Scott K; Easton BAA; Ortiz GD; Chapman ECN; Piper AJR; Rochas CMV; Lyndon AR",2022,"The Effects of Anthropogenic Electromagnetic Fields (EMF) on the Early Development of Two Commercially Important Crustaceans, European Lobster, Homarus gammarus (L.) and Edible Crab, Cancer pagurus (L.)","Proposed offshore windfarm sites could overlap with the brooding and spawning habitats of commercially important crustacea, including European lobster, Homarus gammarus and Edible crab, Cancer pagurus. Concerns have been raised on the biological effects of Electromagnetic Fields (EMFs) emitted from subsea power cables on the early life history of these species. In this study, ovigerous female H. gammarus and C. pagurus were exposed to static (Direct Current, DC) EMFs (2.8 mT) throughout embryonic development. Embryonic and larval parameters, deformities, and vertical swimming speed of freshly hatched stage I lobster and zoea I crab larvae were assessed. EMF did not alter embryonic development time, larval release time, or vertical swimming speed for either species. Chronic exposure to 2.8 mT EMF throughout embryonic development resulted in significant differences in stage-specific egg volume and resulted in stage I lobster and zoea I crab larvae exhibiting decreased carapace height, total length, and maximum eye diameter. An increased occurrence of larval deformities was observed in addition to reduced swimming test success rate amongst lobster larvae. These traits may ultimately affect larval mortality, recruitment and dispersal. This study increases our understanding on the effects of anthropogenic, static EMFs on crustacean developmental biology and suggests that EMF emissions from subsea power cables could have a measurable impact on the early life history and consequently the population dynamics of H. gammarus and C. pagurus.","JOURNAL OF MARINE SCIENCE AND ENGINEERING","journalArticle","TEMPERATURE; POTENTIAL IMPACTS; RENEWABLE ENERGY; BEHAVIOR; MARINE RENEWABLE ENERGY; LARVAE; CANCER PAGURUS; EDIBLE CRAB; ELECTROMAGNETIC FIELD; ENVIRONMENTAL STRESSOR; STATIC MAGNETIC-FIELDS; OCEAN ACIDIFICATION; SUBSEA POWER CABLES; SUBMARINE POWER-CABLES; EUROPEAN LOBSTER; HOMARUS GAMMARUS; AMERICANUS; EMBRYONIC DEVEL-OPMENT; EMBRYONIC DEVELOPMENT; EMBRYONIC-DEVELOPMENT; eppi-reviewer","2077-1312","10.3390/jmse10050564",NA,"5",10,"CARLIER Antoine","carlier","Benthic macro-invertebrates ",NA,"Input of other forms of energy",NA,"yes",3,"Homarus gammarus","NS","NA","larval","other","embryonic stage","yes","not specified","not specified","sensitivity suspected","""H. gammarus and C. pagurus are high commercial value decapod crustaceans""; ""closely related crustacean species may react differently to EMFs, with H. gammarus exhibiting an increased amount of time spent in EMF exposed shelters [15] whilst H. americanus have shown increased exploratory behaviours around subsea cables [8], and juvenile lobsters showed no difference in shelter finding and exploratory behaviour""","DC","NS","NA","NS","NA","NS","Helmholtz coils were powered using a variable DC power supply (Elektro-Automatik EA-PSI 8360-15)","DC","2.8E-3","NS","p4, section 2.2","NA","NA","NA","NA","NA","NA","NA","NA","0","70","days","70","chronical","continuous","steady","water-sediment interface,  water column",NA,"49.96","NA","no","yes","Cumulative effects of MRED related stressors on marine invertebrates, such as current alterations around wind turbines, increased sea temperature around cables and substations, and operational underwater sound must be investigated in the future on all life stages of inhabiting organisms. The effect of temperature is particularly important, as ovigerous female lobsters move offshore to reduce thermal variability during nursing periods [85]. Previous studies showed, that ovigerous C. pagurus will likely be attracted to EMF emitted from subsea power cables [15].","individual","NA","quantitative","early life-stages development","egg volume","mm3","no impact/negligible","no","unknown","Fig 3","direct",NA,"NA","NA","NA","NA","NA","NA","NA","NA","6","1","YES","Yes",NA,NA,"ENKCJVNX","","Harsanyi (2022)","Harsanyi P; Scott K; Easton BAA; Ortiz GD; Chapman ECN; Piper AJR; Rochas CMV; Lyndon AR",2022,"The Effects of Anthropogenic Electromagnetic Fields (EMF) on the Early Development of Two Commercially Important Crustaceans, European Lobster, Homarus gammarus (L.) and Edible Crab, Cancer pagurus (L.)","Proposed offshore windfarm sites could overlap with the brooding and spawning habitats of commercially important crustacea, including European lobster, Homarus gammarus and Edible crab, Cancer pagurus. Concerns have been raised on the biological effects of Electromagnetic Fields (EMFs) emitted from subsea power cables on the early life history of these species. In this study, ovigerous female H. gammarus and C. pagurus were exposed to static (Direct Current, DC) EMFs (2.8 mT) throughout embryonic development. Embryonic and larval parameters, deformities, and vertical swimming speed of freshly hatched stage I lobster and zoea I crab larvae were assessed. EMF did not alter embryonic development time, larval release time, or vertical swimming speed for either species. Chronic exposure to 2.8 mT EMF throughout embryonic development resulted in significant differences in stage-specific egg volume and resulted in stage I lobster and zoea I crab larvae exhibiting decreased carapace height, total length, and maximum eye diameter. An increased occurrence of larval deformities was observed in addition to reduced swimming test success rate amongst lobster larvae. These traits may ultimately affect larval mortality, recruitment and dispersal. This study increases our understanding on the effects of anthropogenic, static EMFs on crustacean developmental biology and suggests that EMF emissions from subsea power cables could have a measurable impact on the early life history and consequently the population dynamics of H. gammarus and C. pagurus.","JOURNAL OF MARINE SCIENCE AND ENGINEERING","journalArticle","TEMPERATURE; POTENTIAL IMPACTS; RENEWABLE ENERGY; BEHAVIOR; MARINE RENEWABLE ENERGY; LARVAE; CANCER PAGURUS; EDIBLE CRAB; ELECTROMAGNETIC FIELD; ENVIRONMENTAL STRESSOR; STATIC MAGNETIC-FIELDS; OCEAN ACIDIFICATION; SUBSEA POWER CABLES; SUBMARINE POWER-CABLES; EUROPEAN LOBSTER; HOMARUS GAMMARUS; AMERICANUS; EMBRYONIC DEVEL-OPMENT; EMBRYONIC DEVELOPMENT; EMBRYONIC-DEVELOPMENT; eppi-reviewer",NA,"2077-1312","10.3390/jmse10050564",NA,"","5","10","CARLIER Antoine","","","","","carlier","","","","","","","","Article","No - Continue","No - Continue","No - Continue","Benthic macro-invertebrates ","","Homarus gammarus; Cancer pagurus","European lobster; Edible crab",NA,NA,NA,NA,NA,"No",0,"Physical","","Input of other forms of energy","","No",NA,NA,NA,NA,"No",NA,NA,NA,"Yes","Mixed-Effect","Mixed-Effect",NA,"No-Effect",NA,NA,"No-Effect","Mixed-Effect","No",NA,NA,NA,NA,"No",NA,NA,NA,"No",NA,NA,"No",NA,"0","Fig 6 and Results' section #3.4","No","No","No","Yes","No","No","No","No","No","No","Yes","No","No","No","No","No","No","No","No","Yes","No","No",NA,NA,NA,NA,NA,NA,NA,NA,NA,"UK","54.634065, -2.353032","NORTH SEA",NA,"56.447465, 3.451353",2017,2018,0.5833,"7",NA,"No","No","Yes","No","No","No",NA,"Yes","Unsure","No","No","","No","","No","","Inlcuded",25,1,1,NA,NA,NA,NA,NA,NA,NA,NA,NA,NA,NA,NA,NA,NA,NA,NA,NA,NA,NA,NA,NA,"merged"
"212","ENKCJVNX",NA,"Harsanyi (2022)","Harsanyi P; Scott K; Easton BAA; Ortiz GD; Chapman ECN; Piper AJR; Rochas CMV; Lyndon AR",2022,"The Effects of Anthropogenic Electromagnetic Fields (EMF) on the Early Development of Two Commercially Important Crustaceans, European Lobster, Homarus gammarus (L.) and Edible Crab, Cancer pagurus (L.)","Proposed offshore windfarm sites could overlap with the brooding and spawning habitats of commercially important crustacea, including European lobster, Homarus gammarus and Edible crab, Cancer pagurus. Concerns have been raised on the biological effects of Electromagnetic Fields (EMFs) emitted from subsea power cables on the early life history of these species. In this study, ovigerous female H. gammarus and C. pagurus were exposed to static (Direct Current, DC) EMFs (2.8 mT) throughout embryonic development. Embryonic and larval parameters, deformities, and vertical swimming speed of freshly hatched stage I lobster and zoea I crab larvae were assessed. EMF did not alter embryonic development time, larval release time, or vertical swimming speed for either species. Chronic exposure to 2.8 mT EMF throughout embryonic development resulted in significant differences in stage-specific egg volume and resulted in stage I lobster and zoea I crab larvae exhibiting decreased carapace height, total length, and maximum eye diameter. An increased occurrence of larval deformities was observed in addition to reduced swimming test success rate amongst lobster larvae. These traits may ultimately affect larval mortality, recruitment and dispersal. This study increases our understanding on the effects of anthropogenic, static EMFs on crustacean developmental biology and suggests that EMF emissions from subsea power cables could have a measurable impact on the early life history and consequently the population dynamics of H. gammarus and C. pagurus.","JOURNAL OF MARINE SCIENCE AND ENGINEERING","journalArticle","TEMPERATURE; POTENTIAL IMPACTS; RENEWABLE ENERGY; BEHAVIOR; MARINE RENEWABLE ENERGY; LARVAE; CANCER PAGURUS; EDIBLE CRAB; ELECTROMAGNETIC FIELD; ENVIRONMENTAL STRESSOR; STATIC MAGNETIC-FIELDS; OCEAN ACIDIFICATION; SUBSEA POWER CABLES; SUBMARINE POWER-CABLES; EUROPEAN LOBSTER; HOMARUS GAMMARUS; AMERICANUS; EMBRYONIC DEVEL-OPMENT; EMBRYONIC DEVELOPMENT; EMBRYONIC-DEVELOPMENT; eppi-reviewer","2077-1312","10.3390/jmse10050564",NA,"5",10,"CARLIER Antoine","carlier","Benthic macro-invertebrates ",NA,"Input of other forms of energy",NA,"yes",4,"Homarus gammarus","NS","NA","larval","other","embryonic stage","yes","not specified","not specified","sensitivity suspected","""H. gammarus and C. pagurus are high commercial value decapod crustaceans""; ""closely related crustacean species may react differently to EMFs, with H. gammarus exhibiting an increased amount of time spent in EMF exposed shelters [15] whilst H. americanus have shown increased exploratory behaviours around subsea cables [8], and juvenile lobsters showed no difference in shelter finding and exploratory behaviour""","DC","NS","NA","NS","NA","NS","Helmholtz coils were powered using a variable DC power supply (Elektro-Automatik EA-PSI 8360-15)","DC","2.8E-3","NS","p4, section 2.2","NA","NA","NA","NA","NA","NA","NA","NA","0","88","days","88","chronical","continuous","steady","water-sediment interface,  water column",NA,"49.96","NA","no","yes","Cumulative effects of MRED related stressors on marine invertebrates, such as current alterations around wind turbines, increased sea temperature around cables and substations, and operational underwater sound must be investigated in the future on all life stages of inhabiting organisms. The effect of temperature is particularly important, as ovigerous female lobsters move offshore to reduce thermal variability during nursing periods [85]. Previous studies showed, that ovigerous C. pagurus will likely be attracted to EMF emitted from subsea power cables [15].","individual","NA","quantitative","early life-stages development","hatching duration","days","increase","no","unknown","""The mean total number of days taken from first hatch to final release of larvae was slightly higher for EMF exposed lobsters (18.2  1.1 days) compared to under control conditions (14.4  1.4 days), although this difference was not statistically significant.""","direct",NA,"NA","NA","NA","NA","NA","NA","NA","NA","6","1","YES","Yes",NA,NA,"ENKCJVNX","","Harsanyi (2022)","Harsanyi P; Scott K; Easton BAA; Ortiz GD; Chapman ECN; Piper AJR; Rochas CMV; Lyndon AR",2022,"The Effects of Anthropogenic Electromagnetic Fields (EMF) on the Early Development of Two Commercially Important Crustaceans, European Lobster, Homarus gammarus (L.) and Edible Crab, Cancer pagurus (L.)","Proposed offshore windfarm sites could overlap with the brooding and spawning habitats of commercially important crustacea, including European lobster, Homarus gammarus and Edible crab, Cancer pagurus. Concerns have been raised on the biological effects of Electromagnetic Fields (EMFs) emitted from subsea power cables on the early life history of these species. In this study, ovigerous female H. gammarus and C. pagurus were exposed to static (Direct Current, DC) EMFs (2.8 mT) throughout embryonic development. Embryonic and larval parameters, deformities, and vertical swimming speed of freshly hatched stage I lobster and zoea I crab larvae were assessed. EMF did not alter embryonic development time, larval release time, or vertical swimming speed for either species. Chronic exposure to 2.8 mT EMF throughout embryonic development resulted in significant differences in stage-specific egg volume and resulted in stage I lobster and zoea I crab larvae exhibiting decreased carapace height, total length, and maximum eye diameter. An increased occurrence of larval deformities was observed in addition to reduced swimming test success rate amongst lobster larvae. These traits may ultimately affect larval mortality, recruitment and dispersal. This study increases our understanding on the effects of anthropogenic, static EMFs on crustacean developmental biology and suggests that EMF emissions from subsea power cables could have a measurable impact on the early life history and consequently the population dynamics of H. gammarus and C. pagurus.","JOURNAL OF MARINE SCIENCE AND ENGINEERING","journalArticle","TEMPERATURE; POTENTIAL IMPACTS; RENEWABLE ENERGY; BEHAVIOR; MARINE RENEWABLE ENERGY; LARVAE; CANCER PAGURUS; EDIBLE CRAB; ELECTROMAGNETIC FIELD; ENVIRONMENTAL STRESSOR; STATIC MAGNETIC-FIELDS; OCEAN ACIDIFICATION; SUBSEA POWER CABLES; SUBMARINE POWER-CABLES; EUROPEAN LOBSTER; HOMARUS GAMMARUS; AMERICANUS; EMBRYONIC DEVEL-OPMENT; EMBRYONIC DEVELOPMENT; EMBRYONIC-DEVELOPMENT; eppi-reviewer",NA,"2077-1312","10.3390/jmse10050564",NA,"","5","10","CARLIER Antoine","","","","","carlier","","","","","","","","Article","No - Continue","No - Continue","No - Continue","Benthic macro-invertebrates ","","Homarus gammarus; Cancer pagurus","European lobster; Edible crab",NA,NA,NA,NA,NA,"No",0,"Physical","","Input of other forms of energy","","No",NA,NA,NA,NA,"No",NA,NA,NA,"Yes","Mixed-Effect","Mixed-Effect",NA,"No-Effect",NA,NA,"No-Effect","Mixed-Effect","No",NA,NA,NA,NA,"No",NA,NA,NA,"No",NA,NA,"No",NA,"0","Fig 6 and Results' section #3.4","No","No","No","Yes","No","No","No","No","No","No","Yes","No","No","No","No","No","No","No","No","Yes","No","No",NA,NA,NA,NA,NA,NA,NA,NA,NA,"UK","54.634065, -2.353032","NORTH SEA",NA,"56.447465, 3.451353",2017,2018,0.5833,"7",NA,"No","No","Yes","No","No","No",NA,"Yes","Unsure","No","No","","No","","No","","Inlcuded",26,1,1,NA,NA,NA,NA,NA,NA,NA,NA,NA,NA,NA,NA,NA,NA,NA,NA,NA,NA,NA,NA,NA,"merged"
"212","ENKCJVNX",NA,"Harsanyi (2022)","Harsanyi P; Scott K; Easton BAA; Ortiz GD; Chapman ECN; Piper AJR; Rochas CMV; Lyndon AR",2022,"The Effects of Anthropogenic Electromagnetic Fields (EMF) on the Early Development of Two Commercially Important Crustaceans, European Lobster, Homarus gammarus (L.) and Edible Crab, Cancer pagurus (L.)","Proposed offshore windfarm sites could overlap with the brooding and spawning habitats of commercially important crustacea, including European lobster, Homarus gammarus and Edible crab, Cancer pagurus. Concerns have been raised on the biological effects of Electromagnetic Fields (EMFs) emitted from subsea power cables on the early life history of these species. In this study, ovigerous female H. gammarus and C. pagurus were exposed to static (Direct Current, DC) EMFs (2.8 mT) throughout embryonic development. Embryonic and larval parameters, deformities, and vertical swimming speed of freshly hatched stage I lobster and zoea I crab larvae were assessed. EMF did not alter embryonic development time, larval release time, or vertical swimming speed for either species. Chronic exposure to 2.8 mT EMF throughout embryonic development resulted in significant differences in stage-specific egg volume and resulted in stage I lobster and zoea I crab larvae exhibiting decreased carapace height, total length, and maximum eye diameter. An increased occurrence of larval deformities was observed in addition to reduced swimming test success rate amongst lobster larvae. These traits may ultimately affect larval mortality, recruitment and dispersal. This study increases our understanding on the effects of anthropogenic, static EMFs on crustacean developmental biology and suggests that EMF emissions from subsea power cables could have a measurable impact on the early life history and consequently the population dynamics of H. gammarus and C. pagurus.","JOURNAL OF MARINE SCIENCE AND ENGINEERING","journalArticle","TEMPERATURE; POTENTIAL IMPACTS; RENEWABLE ENERGY; BEHAVIOR; MARINE RENEWABLE ENERGY; LARVAE; CANCER PAGURUS; EDIBLE CRAB; ELECTROMAGNETIC FIELD; ENVIRONMENTAL STRESSOR; STATIC MAGNETIC-FIELDS; OCEAN ACIDIFICATION; SUBSEA POWER CABLES; SUBMARINE POWER-CABLES; EUROPEAN LOBSTER; HOMARUS GAMMARUS; AMERICANUS; EMBRYONIC DEVEL-OPMENT; EMBRYONIC DEVELOPMENT; EMBRYONIC-DEVELOPMENT; eppi-reviewer","2077-1312","10.3390/jmse10050564",NA,"5",10,"CARLIER Antoine","carlier","Benthic macro-invertebrates ",NA,"Input of other forms of energy",NA,"yes",5,"Homarus gammarus","NS","NA","larval","other","embryonic stage","yes","not specified","not specified","sensitivity suspected","""H. gammarus and C. pagurus are high commercial value decapod crustaceans""; ""closely related crustacean species may react differently to EMFs, with H. gammarus exhibiting an increased amount of time spent in EMF exposed shelters [15] whilst H. americanus have shown increased exploratory behaviours around subsea cables [8], and juvenile lobsters showed no difference in shelter finding and exploratory behaviour""","DC","NS","NA","NS","NA","NS","Helmholtz coils were powered using a variable DC power supply (Elektro-Automatik EA-PSI 8360-15)","DC","2.8E-3","NS","p4, section 2.2","NA","NA","NA","NA","NA","NA","NA","NA","0","88","days","88","chronical","continuous","steady","water-sediment interface,  water column",NA,"49.96","NA","no","yes","Cumulative effects of MRED related stressors on marine invertebrates, such as current alterations around wind turbines, increased sea temperature around cables and substations, and operational underwater sound must be investigated in the future on all life stages of inhabiting organisms. The effect of temperature is particularly important, as ovigerous female lobsters move offshore to reduce thermal variability during nursing periods [85]. Previous studies showed, that ovigerous C. pagurus will likely be attracted to EMF emitted from subsea power cables [15].","organ or sense","NA","quantitative","early life-stages development","larval body deformities","length-height-diameter","increase","yes","unknown","Fig 5 + ""3.3.1. Homarus Gammarus. Deformities were significantly higher in EMF exposed larvae compared to control (p < 0.001, Chi-square with Yates correction).""","direct",NA,"NA","NA","NA","NA","NA","NA","NA","NA","6","1","YES","Yes",NA,NA,"ENKCJVNX","","Harsanyi (2022)","Harsanyi P; Scott K; Easton BAA; Ortiz GD; Chapman ECN; Piper AJR; Rochas CMV; Lyndon AR",2022,"The Effects of Anthropogenic Electromagnetic Fields (EMF) on the Early Development of Two Commercially Important Crustaceans, European Lobster, Homarus gammarus (L.) and Edible Crab, Cancer pagurus (L.)","Proposed offshore windfarm sites could overlap with the brooding and spawning habitats of commercially important crustacea, including European lobster, Homarus gammarus and Edible crab, Cancer pagurus. Concerns have been raised on the biological effects of Electromagnetic Fields (EMFs) emitted from subsea power cables on the early life history of these species. In this study, ovigerous female H. gammarus and C. pagurus were exposed to static (Direct Current, DC) EMFs (2.8 mT) throughout embryonic development. Embryonic and larval parameters, deformities, and vertical swimming speed of freshly hatched stage I lobster and zoea I crab larvae were assessed. EMF did not alter embryonic development time, larval release time, or vertical swimming speed for either species. Chronic exposure to 2.8 mT EMF throughout embryonic development resulted in significant differences in stage-specific egg volume and resulted in stage I lobster and zoea I crab larvae exhibiting decreased carapace height, total length, and maximum eye diameter. An increased occurrence of larval deformities was observed in addition to reduced swimming test success rate amongst lobster larvae. These traits may ultimately affect larval mortality, recruitment and dispersal. This study increases our understanding on the effects of anthropogenic, static EMFs on crustacean developmental biology and suggests that EMF emissions from subsea power cables could have a measurable impact on the early life history and consequently the population dynamics of H. gammarus and C. pagurus.","JOURNAL OF MARINE SCIENCE AND ENGINEERING","journalArticle","TEMPERATURE; POTENTIAL IMPACTS; RENEWABLE ENERGY; BEHAVIOR; MARINE RENEWABLE ENERGY; LARVAE; CANCER PAGURUS; EDIBLE CRAB; ELECTROMAGNETIC FIELD; ENVIRONMENTAL STRESSOR; STATIC MAGNETIC-FIELDS; OCEAN ACIDIFICATION; SUBSEA POWER CABLES; SUBMARINE POWER-CABLES; EUROPEAN LOBSTER; HOMARUS GAMMARUS; AMERICANUS; EMBRYONIC DEVEL-OPMENT; EMBRYONIC DEVELOPMENT; EMBRYONIC-DEVELOPMENT; eppi-reviewer",NA,"2077-1312","10.3390/jmse10050564",NA,"","5","10","CARLIER Antoine","","","","","carlier","","","","","","","","Article","No - Continue","No - Continue","No - Continue","Benthic macro-invertebrates ","","Homarus gammarus; Cancer pagurus","European lobster; Edible crab",NA,NA,NA,NA,NA,"No",0,"Physical","","Input of other forms of energy","","No",NA,NA,NA,NA,"No",NA,NA,NA,"Yes","Mixed-Effect","Mixed-Effect",NA,"No-Effect",NA,NA,"No-Effect","Mixed-Effect","No",NA,NA,NA,NA,"No",NA,NA,NA,"No",NA,NA,"No",NA,"0","Fig 6 and Results' section #3.4","No","No","No","Yes","No","No","No","No","No","No","Yes","No","No","No","No","No","No","No","No","Yes","No","No",NA,NA,NA,NA,NA,NA,NA,NA,NA,"UK","54.634065, -2.353032","NORTH SEA",NA,"56.447465, 3.451353",2017,2018,0.5833,"7",NA,"No","No","Yes","No","No","No",NA,"Yes","Unsure","No","No","","No","","No","","Inlcuded",27,1,1,NA,NA,NA,NA,NA,NA,NA,NA,NA,NA,NA,NA,NA,NA,NA,NA,NA,NA,NA,NA,NA,"merged"
"212","ENKCJVNX",NA,"Harsanyi (2022)","Harsanyi P; Scott K; Easton BAA; Ortiz GD; Chapman ECN; Piper AJR; Rochas CMV; Lyndon AR",2022,"The Effects of Anthropogenic Electromagnetic Fields (EMF) on the Early Development of Two Commercially Important Crustaceans, European Lobster, Homarus gammarus (L.) and Edible Crab, Cancer pagurus (L.)","Proposed offshore windfarm sites could overlap with the brooding and spawning habitats of commercially important crustacea, including European lobster, Homarus gammarus and Edible crab, Cancer pagurus. Concerns have been raised on the biological effects of Electromagnetic Fields (EMFs) emitted from subsea power cables on the early life history of these species. In this study, ovigerous female H. gammarus and C. pagurus were exposed to static (Direct Current, DC) EMFs (2.8 mT) throughout embryonic development. Embryonic and larval parameters, deformities, and vertical swimming speed of freshly hatched stage I lobster and zoea I crab larvae were assessed. EMF did not alter embryonic development time, larval release time, or vertical swimming speed for either species. Chronic exposure to 2.8 mT EMF throughout embryonic development resulted in significant differences in stage-specific egg volume and resulted in stage I lobster and zoea I crab larvae exhibiting decreased carapace height, total length, and maximum eye diameter. An increased occurrence of larval deformities was observed in addition to reduced swimming test success rate amongst lobster larvae. These traits may ultimately affect larval mortality, recruitment and dispersal. This study increases our understanding on the effects of anthropogenic, static EMFs on crustacean developmental biology and suggests that EMF emissions from subsea power cables could have a measurable impact on the early life history and consequently the population dynamics of H. gammarus and C. pagurus.","JOURNAL OF MARINE SCIENCE AND ENGINEERING","journalArticle","TEMPERATURE; POTENTIAL IMPACTS; RENEWABLE ENERGY; BEHAVIOR; MARINE RENEWABLE ENERGY; LARVAE; CANCER PAGURUS; EDIBLE CRAB; ELECTROMAGNETIC FIELD; ENVIRONMENTAL STRESSOR; STATIC MAGNETIC-FIELDS; OCEAN ACIDIFICATION; SUBSEA POWER CABLES; SUBMARINE POWER-CABLES; EUROPEAN LOBSTER; HOMARUS GAMMARUS; AMERICANUS; EMBRYONIC DEVEL-OPMENT; EMBRYONIC DEVELOPMENT; EMBRYONIC-DEVELOPMENT; eppi-reviewer","2077-1312","10.3390/jmse10050564",NA,"5",10,"CARLIER Antoine","carlier","Benthic macro-invertebrates ",NA,"Input of other forms of energy",NA,"yes",6,"Homarus gammarus","NS","NA","larval","NS",NA,"yes","not specified","not specified","sensitivity suspected","""H. gammarus and C. pagurus are high commercial value decapod crustaceans""; ""closely related crustacean species may react differently to EMFs, with H. gammarus exhibiting an increased amount of time spent in EMF exposed shelters [15] whilst H. americanus have shown increased exploratory behaviours around subsea cables [8], and juvenile lobsters showed no difference in shelter finding and exploratory behaviour""","DC","NS","NA","NS","NA","NS","Helmholtz coils were powered using a variable DC power supply (Elektro-Automatik EA-PSI 8360-15)","DC","2.8E-3","NS","p4, section 2.2","NA","NA","NA","NA","NA","NA","NA","NA","0","88","days","88","chronical","continuous","steady","water-sediment interface,  water column",NA,"49.96","NA","no","yes","Cumulative effects of MRED related stressors on marine invertebrates, such as current alterations around wind turbines, increased sea temperature around cables and substations, and operational underwater sound must be investigated in the future on all life stages of inhabiting organisms. The effect of temperature is particularly important, as ovigerous female lobsters move offshore to reduce thermal variability during nursing periods [85]. Previous studies showed, that ovigerous C. pagurus will likely be attracted to EMF emitted from subsea power cables [15].","organ or sense","NA","quantitative","early life-stages development","larval body form","length-height-diameter","mixed","yes","unknown","Figs 6a, c, e","direct",NA,"NA","NA","NA","NA","NA","NA","NA","NA","6","1","YES","Yes",NA,NA,"ENKCJVNX","","Harsanyi (2022)","Harsanyi P; Scott K; Easton BAA; Ortiz GD; Chapman ECN; Piper AJR; Rochas CMV; Lyndon AR",2022,"The Effects of Anthropogenic Electromagnetic Fields (EMF) on the Early Development of Two Commercially Important Crustaceans, European Lobster, Homarus gammarus (L.) and Edible Crab, Cancer pagurus (L.)","Proposed offshore windfarm sites could overlap with the brooding and spawning habitats of commercially important crustacea, including European lobster, Homarus gammarus and Edible crab, Cancer pagurus. Concerns have been raised on the biological effects of Electromagnetic Fields (EMFs) emitted from subsea power cables on the early life history of these species. In this study, ovigerous female H. gammarus and C. pagurus were exposed to static (Direct Current, DC) EMFs (2.8 mT) throughout embryonic development. Embryonic and larval parameters, deformities, and vertical swimming speed of freshly hatched stage I lobster and zoea I crab larvae were assessed. EMF did not alter embryonic development time, larval release time, or vertical swimming speed for either species. Chronic exposure to 2.8 mT EMF throughout embryonic development resulted in significant differences in stage-specific egg volume and resulted in stage I lobster and zoea I crab larvae exhibiting decreased carapace height, total length, and maximum eye diameter. An increased occurrence of larval deformities was observed in addition to reduced swimming test success rate amongst lobster larvae. These traits may ultimately affect larval mortality, recruitment and dispersal. This study increases our understanding on the effects of anthropogenic, static EMFs on crustacean developmental biology and suggests that EMF emissions from subsea power cables could have a measurable impact on the early life history and consequently the population dynamics of H. gammarus and C. pagurus.","JOURNAL OF MARINE SCIENCE AND ENGINEERING","journalArticle","TEMPERATURE; POTENTIAL IMPACTS; RENEWABLE ENERGY; BEHAVIOR; MARINE RENEWABLE ENERGY; LARVAE; CANCER PAGURUS; EDIBLE CRAB; ELECTROMAGNETIC FIELD; ENVIRONMENTAL STRESSOR; STATIC MAGNETIC-FIELDS; OCEAN ACIDIFICATION; SUBSEA POWER CABLES; SUBMARINE POWER-CABLES; EUROPEAN LOBSTER; HOMARUS GAMMARUS; AMERICANUS; EMBRYONIC DEVEL-OPMENT; EMBRYONIC DEVELOPMENT; EMBRYONIC-DEVELOPMENT; eppi-reviewer",NA,"2077-1312","10.3390/jmse10050564",NA,"","5","10","CARLIER Antoine","","","","","carlier","","","","","","","","Article","No - Continue","No - Continue","No - Continue","Benthic macro-invertebrates ","","Homarus gammarus; Cancer pagurus","European lobster; Edible crab",NA,NA,NA,NA,NA,"No",0,"Physical","","Input of other forms of energy","","No",NA,NA,NA,NA,"No",NA,NA,NA,"Yes","Mixed-Effect","Mixed-Effect",NA,"No-Effect",NA,NA,"No-Effect","Mixed-Effect","No",NA,NA,NA,NA,"No",NA,NA,NA,"No",NA,NA,"No",NA,"0","Fig 6 and Results' section #3.4","No","No","No","Yes","No","No","No","No","No","No","Yes","No","No","No","No","No","No","No","No","Yes","No","No",NA,NA,NA,NA,NA,NA,NA,NA,NA,"UK","54.634065, -2.353032","NORTH SEA",NA,"56.447465, 3.451353",2017,2018,0.5833,"7",NA,"No","No","Yes","No","No","No",NA,"Yes","Unsure","No","No","","No","","No","","Inlcuded",28,1,1,NA,NA,NA,NA,NA,NA,NA,NA,NA,NA,NA,NA,NA,NA,NA,NA,NA,NA,NA,NA,NA,"merged"
"212","ENKCJVNX",NA,"Harsanyi (2022)","Harsanyi P; Scott K; Easton BAA; Ortiz GD; Chapman ECN; Piper AJR; Rochas CMV; Lyndon AR",2022,"The Effects of Anthropogenic Electromagnetic Fields (EMF) on the Early Development of Two Commercially Important Crustaceans, European Lobster, Homarus gammarus (L.) and Edible Crab, Cancer pagurus (L.)","Proposed offshore windfarm sites could overlap with the brooding and spawning habitats of commercially important crustacea, including European lobster, Homarus gammarus and Edible crab, Cancer pagurus. Concerns have been raised on the biological effects of Electromagnetic Fields (EMFs) emitted from subsea power cables on the early life history of these species. In this study, ovigerous female H. gammarus and C. pagurus were exposed to static (Direct Current, DC) EMFs (2.8 mT) throughout embryonic development. Embryonic and larval parameters, deformities, and vertical swimming speed of freshly hatched stage I lobster and zoea I crab larvae were assessed. EMF did not alter embryonic development time, larval release time, or vertical swimming speed for either species. Chronic exposure to 2.8 mT EMF throughout embryonic development resulted in significant differences in stage-specific egg volume and resulted in stage I lobster and zoea I crab larvae exhibiting decreased carapace height, total length, and maximum eye diameter. An increased occurrence of larval deformities was observed in addition to reduced swimming test success rate amongst lobster larvae. These traits may ultimately affect larval mortality, recruitment and dispersal. This study increases our understanding on the effects of anthropogenic, static EMFs on crustacean developmental biology and suggests that EMF emissions from subsea power cables could have a measurable impact on the early life history and consequently the population dynamics of H. gammarus and C. pagurus.","JOURNAL OF MARINE SCIENCE AND ENGINEERING","journalArticle","TEMPERATURE; POTENTIAL IMPACTS; RENEWABLE ENERGY; BEHAVIOR; MARINE RENEWABLE ENERGY; LARVAE; CANCER PAGURUS; EDIBLE CRAB; ELECTROMAGNETIC FIELD; ENVIRONMENTAL STRESSOR; STATIC MAGNETIC-FIELDS; OCEAN ACIDIFICATION; SUBSEA POWER CABLES; SUBMARINE POWER-CABLES; EUROPEAN LOBSTER; HOMARUS GAMMARUS; AMERICANUS; EMBRYONIC DEVEL-OPMENT; EMBRYONIC DEVELOPMENT; EMBRYONIC-DEVELOPMENT; eppi-reviewer","2077-1312","10.3390/jmse10050564",NA,"5",10,"CARLIER Antoine","carlier","Benthic macro-invertebrates ",NA,"Input of other forms of energy",NA,"yes",7,"Homarus gammarus","NS","NA","larval","NS",NA,"yes","not specified","not specified","sensitivity suspected","""H. gammarus and C. pagurus are high commercial value decapod crustaceans""; ""closely related crustacean species may react differently to EMFs, with H. gammarus exhibiting an increased amount of time spent in EMF exposed shelters [15] whilst H. americanus have shown increased exploratory behaviours around subsea cables [8], and juvenile lobsters showed no difference in shelter finding and exploratory behaviour""","DC","NS","NA","NS","NA","NS","Helmholtz coils were powered using a variable DC power supply (Elektro-Automatik EA-PSI 8360-15)","DC","2.8E-3","NS","p4, section 2.2","NA","NA","NA","NA","NA","NA","NA","NA","0","88","days","88","chronical","continuous","steady","water-sediment interface,  water column",NA,"49.96","NA","no","yes","Cumulative effects of MRED related stressors on marine invertebrates, such as current alterations around wind turbines, increased sea temperature around cables and substations, and operational underwater sound must be investigated in the future on all life stages of inhabiting organisms. The effect of temperature is particularly important, as ovigerous female lobsters move offshore to reduce thermal variability during nursing periods [85]. Previous studies showed, that ovigerous C. pagurus will likely be attracted to EMF emitted from subsea power cables [15].","NA","other","quantitative","swimming behaviour","vertical swimming speed","cm.sec-1","no impact/negligible","no","unknown","""The mean vertical swimming speeds did not differ significantly between EMF exposed larvae (2.22  0.3 cm s-1) and the control group (2.39  0.4 cm s-1).""","direct",NA,"NA","NA","NA","NA","NA","NA","NA","NA","6","1","YES","Yes",NA,NA,"ENKCJVNX","","Harsanyi (2022)","Harsanyi P; Scott K; Easton BAA; Ortiz GD; Chapman ECN; Piper AJR; Rochas CMV; Lyndon AR",2022,"The Effects of Anthropogenic Electromagnetic Fields (EMF) on the Early Development of Two Commercially Important Crustaceans, European Lobster, Homarus gammarus (L.) and Edible Crab, Cancer pagurus (L.)","Proposed offshore windfarm sites could overlap with the brooding and spawning habitats of commercially important crustacea, including European lobster, Homarus gammarus and Edible crab, Cancer pagurus. Concerns have been raised on the biological effects of Electromagnetic Fields (EMFs) emitted from subsea power cables on the early life history of these species. In this study, ovigerous female H. gammarus and C. pagurus were exposed to static (Direct Current, DC) EMFs (2.8 mT) throughout embryonic development. Embryonic and larval parameters, deformities, and vertical swimming speed of freshly hatched stage I lobster and zoea I crab larvae were assessed. EMF did not alter embryonic development time, larval release time, or vertical swimming speed for either species. Chronic exposure to 2.8 mT EMF throughout embryonic development resulted in significant differences in stage-specific egg volume and resulted in stage I lobster and zoea I crab larvae exhibiting decreased carapace height, total length, and maximum eye diameter. An increased occurrence of larval deformities was observed in addition to reduced swimming test success rate amongst lobster larvae. These traits may ultimately affect larval mortality, recruitment and dispersal. This study increases our understanding on the effects of anthropogenic, static EMFs on crustacean developmental biology and suggests that EMF emissions from subsea power cables could have a measurable impact on the early life history and consequently the population dynamics of H. gammarus and C. pagurus.","JOURNAL OF MARINE SCIENCE AND ENGINEERING","journalArticle","TEMPERATURE; POTENTIAL IMPACTS; RENEWABLE ENERGY; BEHAVIOR; MARINE RENEWABLE ENERGY; LARVAE; CANCER PAGURUS; EDIBLE CRAB; ELECTROMAGNETIC FIELD; ENVIRONMENTAL STRESSOR; STATIC MAGNETIC-FIELDS; OCEAN ACIDIFICATION; SUBSEA POWER CABLES; SUBMARINE POWER-CABLES; EUROPEAN LOBSTER; HOMARUS GAMMARUS; AMERICANUS; EMBRYONIC DEVEL-OPMENT; EMBRYONIC DEVELOPMENT; EMBRYONIC-DEVELOPMENT; eppi-reviewer",NA,"2077-1312","10.3390/jmse10050564",NA,"","5","10","CARLIER Antoine","","","","","carlier","","","","","","","","Article","No - Continue","No - Continue","No - Continue","Benthic macro-invertebrates ","","Homarus gammarus; Cancer pagurus","European lobster; Edible crab",NA,NA,NA,NA,NA,"No",0,"Physical","","Input of other forms of energy","","No",NA,NA,NA,NA,"No",NA,NA,NA,"Yes","Mixed-Effect","Mixed-Effect",NA,"No-Effect",NA,NA,"No-Effect","Mixed-Effect","No",NA,NA,NA,NA,"No",NA,NA,NA,"No",NA,NA,"No",NA,"0","Fig 6 and Results' section #3.4","No","No","No","Yes","No","No","No","No","No","No","Yes","No","No","No","No","No","No","No","No","Yes","No","No",NA,NA,NA,NA,NA,NA,NA,NA,NA,"UK","54.634065, -2.353032","NORTH SEA",NA,"56.447465, 3.451353",2017,2018,0.5833,"7",NA,"No","No","Yes","No","No","No",NA,"Yes","Unsure","No","No","","No","","No","","Inlcuded",29,1,1,NA,NA,NA,NA,NA,NA,NA,NA,NA,NA,NA,NA,NA,NA,NA,NA,NA,NA,NA,NA,NA,"merged"
"212","ENKCJVNX",NA,"Harsanyi (2022)","Harsanyi P; Scott K; Easton BAA; Ortiz GD; Chapman ECN; Piper AJR; Rochas CMV; Lyndon AR",2022,"The Effects of Anthropogenic Electromagnetic Fields (EMF) on the Early Development of Two Commercially Important Crustaceans, European Lobster, Homarus gammarus (L.) and Edible Crab, Cancer pagurus (L.)","Proposed offshore windfarm sites could overlap with the brooding and spawning habitats of commercially important crustacea, including European lobster, Homarus gammarus and Edible crab, Cancer pagurus. Concerns have been raised on the biological effects of Electromagnetic Fields (EMFs) emitted from subsea power cables on the early life history of these species. In this study, ovigerous female H. gammarus and C. pagurus were exposed to static (Direct Current, DC) EMFs (2.8 mT) throughout embryonic development. Embryonic and larval parameters, deformities, and vertical swimming speed of freshly hatched stage I lobster and zoea I crab larvae were assessed. EMF did not alter embryonic development time, larval release time, or vertical swimming speed for either species. Chronic exposure to 2.8 mT EMF throughout embryonic development resulted in significant differences in stage-specific egg volume and resulted in stage I lobster and zoea I crab larvae exhibiting decreased carapace height, total length, and maximum eye diameter. An increased occurrence of larval deformities was observed in addition to reduced swimming test success rate amongst lobster larvae. These traits may ultimately affect larval mortality, recruitment and dispersal. This study increases our understanding on the effects of anthropogenic, static EMFs on crustacean developmental biology and suggests that EMF emissions from subsea power cables could have a measurable impact on the early life history and consequently the population dynamics of H. gammarus and C. pagurus.","JOURNAL OF MARINE SCIENCE AND ENGINEERING","journalArticle","TEMPERATURE; POTENTIAL IMPACTS; RENEWABLE ENERGY; BEHAVIOR; MARINE RENEWABLE ENERGY; LARVAE; CANCER PAGURUS; EDIBLE CRAB; ELECTROMAGNETIC FIELD; ENVIRONMENTAL STRESSOR; STATIC MAGNETIC-FIELDS; OCEAN ACIDIFICATION; SUBSEA POWER CABLES; SUBMARINE POWER-CABLES; EUROPEAN LOBSTER; HOMARUS GAMMARUS; AMERICANUS; EMBRYONIC DEVEL-OPMENT; EMBRYONIC DEVELOPMENT; EMBRYONIC-DEVELOPMENT; eppi-reviewer","2077-1312","10.3390/jmse10050564",NA,"5",10,"CARLIER Antoine","carlier","Benthic macro-invertebrates ",NA,"Input of other forms of energy",NA,"yes",8,"Cancer pagurus","NS","NA","larval","NS",NA,"yes","not specified","not specified","sensitivity suspected","""H. gammarus and C. pagurus are high commercial value decapod crustaceans""; ""closely related crustacean species may react differently to EMFs, with H. gammarus exhibiting an increased amount of time spent in EMF exposed shelters [15] whilst H. americanus have shown increased exploratory behaviours around subsea cables [8], and juvenile lobsters showed no difference in shelter finding and exploratory behaviour""","DC","NS","NA","NS","NA","NS","Helmholtz coils were powered using a variable DC power supply (Elektro-Automatik EA-PSI 8360-15)","DC","2.8E-3","NS","p4, section 2.2","NA","NA","NA","NA","NA","NA","NA","NA","0","124","days","124","chronical","continuous","steady","water-sediment interface,  water column",NA,"49.96","NA","no","yes","Cumulative effects of MRED related stressors on marine invertebrates, such as current alterations around wind turbines, increased sea temperature around cables and substations, and operational underwater sound must be investigated in the future on all life stages of inhabiting organisms. The effect of temperature is particularly important, as ovigerous female lobsters move offshore to reduce thermal variability during nursing periods [85]. Previous studies showed, that ovigerous C. pagurus will likely be attracted to EMF emitted from subsea power cables [15].","organ or sense","NA","quantitative","early life-stages development","embryonic development","days","no impact/negligible","no","unknown","""The total time of embryonic development, from stage 1 to hatching did not differ significantly between EMF exposed (124 ± 7 days) and control crabs (113 ± 5 days) (Table 1).""","direct",NA,"NA","NA","NA","NA","NA","NA","NA","NA","6","1","YES","Yes",NA,NA,"ENKCJVNX","","Harsanyi (2022)","Harsanyi P; Scott K; Easton BAA; Ortiz GD; Chapman ECN; Piper AJR; Rochas CMV; Lyndon AR",2022,"The Effects of Anthropogenic Electromagnetic Fields (EMF) on the Early Development of Two Commercially Important Crustaceans, European Lobster, Homarus gammarus (L.) and Edible Crab, Cancer pagurus (L.)","Proposed offshore windfarm sites could overlap with the brooding and spawning habitats of commercially important crustacea, including European lobster, Homarus gammarus and Edible crab, Cancer pagurus. Concerns have been raised on the biological effects of Electromagnetic Fields (EMFs) emitted from subsea power cables on the early life history of these species. In this study, ovigerous female H. gammarus and C. pagurus were exposed to static (Direct Current, DC) EMFs (2.8 mT) throughout embryonic development. Embryonic and larval parameters, deformities, and vertical swimming speed of freshly hatched stage I lobster and zoea I crab larvae were assessed. EMF did not alter embryonic development time, larval release time, or vertical swimming speed for either species. Chronic exposure to 2.8 mT EMF throughout embryonic development resulted in significant differences in stage-specific egg volume and resulted in stage I lobster and zoea I crab larvae exhibiting decreased carapace height, total length, and maximum eye diameter. An increased occurrence of larval deformities was observed in addition to reduced swimming test success rate amongst lobster larvae. These traits may ultimately affect larval mortality, recruitment and dispersal. This study increases our understanding on the effects of anthropogenic, static EMFs on crustacean developmental biology and suggests that EMF emissions from subsea power cables could have a measurable impact on the early life history and consequently the population dynamics of H. gammarus and C. pagurus.","JOURNAL OF MARINE SCIENCE AND ENGINEERING","journalArticle","TEMPERATURE; POTENTIAL IMPACTS; RENEWABLE ENERGY; BEHAVIOR; MARINE RENEWABLE ENERGY; LARVAE; CANCER PAGURUS; EDIBLE CRAB; ELECTROMAGNETIC FIELD; ENVIRONMENTAL STRESSOR; STATIC MAGNETIC-FIELDS; OCEAN ACIDIFICATION; SUBSEA POWER CABLES; SUBMARINE POWER-CABLES; EUROPEAN LOBSTER; HOMARUS GAMMARUS; AMERICANUS; EMBRYONIC DEVEL-OPMENT; EMBRYONIC DEVELOPMENT; EMBRYONIC-DEVELOPMENT; eppi-reviewer",NA,"2077-1312","10.3390/jmse10050564",NA,"","5","10","CARLIER Antoine","","","","","carlier","","","","","","","","Article","No - Continue","No - Continue","No - Continue","Benthic macro-invertebrates ","","Homarus gammarus; Cancer pagurus","European lobster; Edible crab",NA,NA,NA,NA,NA,"No",0,"Physical","","Input of other forms of energy","","No",NA,NA,NA,NA,"No",NA,NA,NA,"Yes","Mixed-Effect","Mixed-Effect",NA,"No-Effect",NA,NA,"No-Effect","Mixed-Effect","No",NA,NA,NA,NA,"No",NA,NA,NA,"No",NA,NA,"No",NA,"0","Fig 6 and Results' section #3.4","No","No","No","Yes","No","No","No","No","No","No","Yes","No","No","No","No","No","No","No","No","Yes","No","No",NA,NA,NA,NA,NA,NA,NA,NA,NA,"UK","54.634065, -2.353032","NORTH SEA",NA,"56.447465, 3.451353",2017,2018,0.5833,"7",NA,"No","No","Yes","No","No","No",NA,"Yes","Unsure","No","No","","No","","No","","Inlcuded",30,1,1,NA,NA,NA,NA,NA,NA,NA,NA,NA,NA,NA,NA,NA,NA,NA,NA,NA,NA,NA,NA,NA,"merged"
"212","ENKCJVNX",NA,"Harsanyi (2022)","Harsanyi P; Scott K; Easton BAA; Ortiz GD; Chapman ECN; Piper AJR; Rochas CMV; Lyndon AR",2022,"The Effects of Anthropogenic Electromagnetic Fields (EMF) on the Early Development of Two Commercially Important Crustaceans, European Lobster, Homarus gammarus (L.) and Edible Crab, Cancer pagurus (L.)","Proposed offshore windfarm sites could overlap with the brooding and spawning habitats of commercially important crustacea, including European lobster, Homarus gammarus and Edible crab, Cancer pagurus. Concerns have been raised on the biological effects of Electromagnetic Fields (EMFs) emitted from subsea power cables on the early life history of these species. In this study, ovigerous female H. gammarus and C. pagurus were exposed to static (Direct Current, DC) EMFs (2.8 mT) throughout embryonic development. Embryonic and larval parameters, deformities, and vertical swimming speed of freshly hatched stage I lobster and zoea I crab larvae were assessed. EMF did not alter embryonic development time, larval release time, or vertical swimming speed for either species. Chronic exposure to 2.8 mT EMF throughout embryonic development resulted in significant differences in stage-specific egg volume and resulted in stage I lobster and zoea I crab larvae exhibiting decreased carapace height, total length, and maximum eye diameter. An increased occurrence of larval deformities was observed in addition to reduced swimming test success rate amongst lobster larvae. These traits may ultimately affect larval mortality, recruitment and dispersal. This study increases our understanding on the effects of anthropogenic, static EMFs on crustacean developmental biology and suggests that EMF emissions from subsea power cables could have a measurable impact on the early life history and consequently the population dynamics of H. gammarus and C. pagurus.","JOURNAL OF MARINE SCIENCE AND ENGINEERING","journalArticle","TEMPERATURE; POTENTIAL IMPACTS; RENEWABLE ENERGY; BEHAVIOR; MARINE RENEWABLE ENERGY; LARVAE; CANCER PAGURUS; EDIBLE CRAB; ELECTROMAGNETIC FIELD; ENVIRONMENTAL STRESSOR; STATIC MAGNETIC-FIELDS; OCEAN ACIDIFICATION; SUBSEA POWER CABLES; SUBMARINE POWER-CABLES; EUROPEAN LOBSTER; HOMARUS GAMMARUS; AMERICANUS; EMBRYONIC DEVEL-OPMENT; EMBRYONIC DEVELOPMENT; EMBRYONIC-DEVELOPMENT; eppi-reviewer","2077-1312","10.3390/jmse10050564",NA,"5",10,"CARLIER Antoine","carlier","Benthic macro-invertebrates ",NA,"Input of other forms of energy",NA,"yes",9,"Cancer pagurus","NS","NA","larval","other","embryonic stage","yes","not specified","not specified","sensitivity suspected","""H. gammarus and C. pagurus are high commercial value decapod crustaceans""; ""closely related crustacean species may react differently to EMFs, with H. gammarus exhibiting an increased amount of time spent in EMF exposed shelters [15] whilst H. americanus have shown increased exploratory behaviours around subsea cables [8], and juvenile lobsters showed no difference in shelter finding and exploratory behaviour""","DC","NS","NA","NS","NA","NS","Helmholtz coils were powered using a variable DC power supply (Elektro-Automatik EA-PSI 8360-15)","DC","2.8E-3","NS","p4, section 2.2","NA","NA","NA","NA","NA","NA","NA","NA","0","124","days","124","chronical","continuous","steady","water-sediment interface,  water column",NA,"49.96","NA","no","yes","Cumulative effects of MRED related stressors on marine invertebrates, such as current alterations around wind turbines, increased sea temperature around cables and substations, and operational underwater sound must be investigated in the future on all life stages of inhabiting organisms. The effect of temperature is particularly important, as ovigerous female lobsters move offshore to reduce thermal variability during nursing periods [85]. Previous studies showed, that ovigerous C. pagurus will likely be attracted to EMF emitted from subsea power cables [15].","individual","NA","quantitative","early life-stages development","egg volume","mm3","increase","yes","unknown","Fig 4","direct",NA,"NA","NA","NA","NA","NA","NA","NA","NA","6","1","YES","Yes",NA,NA,"ENKCJVNX","","Harsanyi (2022)","Harsanyi P; Scott K; Easton BAA; Ortiz GD; Chapman ECN; Piper AJR; Rochas CMV; Lyndon AR",2022,"The Effects of Anthropogenic Electromagnetic Fields (EMF) on the Early Development of Two Commercially Important Crustaceans, European Lobster, Homarus gammarus (L.) and Edible Crab, Cancer pagurus (L.)","Proposed offshore windfarm sites could overlap with the brooding and spawning habitats of commercially important crustacea, including European lobster, Homarus gammarus and Edible crab, Cancer pagurus. Concerns have been raised on the biological effects of Electromagnetic Fields (EMFs) emitted from subsea power cables on the early life history of these species. In this study, ovigerous female H. gammarus and C. pagurus were exposed to static (Direct Current, DC) EMFs (2.8 mT) throughout embryonic development. Embryonic and larval parameters, deformities, and vertical swimming speed of freshly hatched stage I lobster and zoea I crab larvae were assessed. EMF did not alter embryonic development time, larval release time, or vertical swimming speed for either species. Chronic exposure to 2.8 mT EMF throughout embryonic development resulted in significant differences in stage-specific egg volume and resulted in stage I lobster and zoea I crab larvae exhibiting decreased carapace height, total length, and maximum eye diameter. An increased occurrence of larval deformities was observed in addition to reduced swimming test success rate amongst lobster larvae. These traits may ultimately affect larval mortality, recruitment and dispersal. This study increases our understanding on the effects of anthropogenic, static EMFs on crustacean developmental biology and suggests that EMF emissions from subsea power cables could have a measurable impact on the early life history and consequently the population dynamics of H. gammarus and C. pagurus.","JOURNAL OF MARINE SCIENCE AND ENGINEERING","journalArticle","TEMPERATURE; POTENTIAL IMPACTS; RENEWABLE ENERGY; BEHAVIOR; MARINE RENEWABLE ENERGY; LARVAE; CANCER PAGURUS; EDIBLE CRAB; ELECTROMAGNETIC FIELD; ENVIRONMENTAL STRESSOR; STATIC MAGNETIC-FIELDS; OCEAN ACIDIFICATION; SUBSEA POWER CABLES; SUBMARINE POWER-CABLES; EUROPEAN LOBSTER; HOMARUS GAMMARUS; AMERICANUS; EMBRYONIC DEVEL-OPMENT; EMBRYONIC DEVELOPMENT; EMBRYONIC-DEVELOPMENT; eppi-reviewer",NA,"2077-1312","10.3390/jmse10050564",NA,"","5","10","CARLIER Antoine","","","","","carlier","","","","","","","","Article","No - Continue","No - Continue","No - Continue","Benthic macro-invertebrates ","","Homarus gammarus; Cancer pagurus","European lobster; Edible crab",NA,NA,NA,NA,NA,"No",0,"Physical","","Input of other forms of energy","","No",NA,NA,NA,NA,"No",NA,NA,NA,"Yes","Mixed-Effect","Mixed-Effect",NA,"No-Effect",NA,NA,"No-Effect","Mixed-Effect","No",NA,NA,NA,NA,"No",NA,NA,NA,"No",NA,NA,"No",NA,"0","Fig 6 and Results' section #3.4","No","No","No","Yes","No","No","No","No","No","No","Yes","No","No","No","No","No","No","No","No","Yes","No","No",NA,NA,NA,NA,NA,NA,NA,NA,NA,"UK","54.634065, -2.353032","NORTH SEA",NA,"56.447465, 3.451353",2017,2018,0.5833,"7",NA,"No","No","Yes","No","No","No",NA,"Yes","Unsure","No","No","","No","","No","","Inlcuded",31,1,1,NA,NA,NA,NA,NA,NA,NA,NA,NA,NA,NA,NA,NA,NA,NA,NA,NA,NA,NA,NA,NA,"merged"
"212","ENKCJVNX",NA,"Harsanyi (2022)","Harsanyi P; Scott K; Easton BAA; Ortiz GD; Chapman ECN; Piper AJR; Rochas CMV; Lyndon AR",2022,"The Effects of Anthropogenic Electromagnetic Fields (EMF) on the Early Development of Two Commercially Important Crustaceans, European Lobster, Homarus gammarus (L.) and Edible Crab, Cancer pagurus (L.)","Proposed offshore windfarm sites could overlap with the brooding and spawning habitats of commercially important crustacea, including European lobster, Homarus gammarus and Edible crab, Cancer pagurus. Concerns have been raised on the biological effects of Electromagnetic Fields (EMFs) emitted from subsea power cables on the early life history of these species. In this study, ovigerous female H. gammarus and C. pagurus were exposed to static (Direct Current, DC) EMFs (2.8 mT) throughout embryonic development. Embryonic and larval parameters, deformities, and vertical swimming speed of freshly hatched stage I lobster and zoea I crab larvae were assessed. EMF did not alter embryonic development time, larval release time, or vertical swimming speed for either species. Chronic exposure to 2.8 mT EMF throughout embryonic development resulted in significant differences in stage-specific egg volume and resulted in stage I lobster and zoea I crab larvae exhibiting decreased carapace height, total length, and maximum eye diameter. An increased occurrence of larval deformities was observed in addition to reduced swimming test success rate amongst lobster larvae. These traits may ultimately affect larval mortality, recruitment and dispersal. This study increases our understanding on the effects of anthropogenic, static EMFs on crustacean developmental biology and suggests that EMF emissions from subsea power cables could have a measurable impact on the early life history and consequently the population dynamics of H. gammarus and C. pagurus.","JOURNAL OF MARINE SCIENCE AND ENGINEERING","journalArticle","TEMPERATURE; POTENTIAL IMPACTS; RENEWABLE ENERGY; BEHAVIOR; MARINE RENEWABLE ENERGY; LARVAE; CANCER PAGURUS; EDIBLE CRAB; ELECTROMAGNETIC FIELD; ENVIRONMENTAL STRESSOR; STATIC MAGNETIC-FIELDS; OCEAN ACIDIFICATION; SUBSEA POWER CABLES; SUBMARINE POWER-CABLES; EUROPEAN LOBSTER; HOMARUS GAMMARUS; AMERICANUS; EMBRYONIC DEVEL-OPMENT; EMBRYONIC DEVELOPMENT; EMBRYONIC-DEVELOPMENT; eppi-reviewer","2077-1312","10.3390/jmse10050564",NA,"5",10,"CARLIER Antoine","carlier","Benthic macro-invertebrates ",NA,"Input of other forms of energy",NA,"yes",10,"Cancer pagurus","NS","NA","larval","other","embryonic stage","yes","not specified","not specified","sensitivity suspected","""H. gammarus and C. pagurus are high commercial value decapod crustaceans""; ""closely related crustacean species may react differently to EMFs, with H. gammarus exhibiting an increased amount of time spent in EMF exposed shelters [15] whilst H. americanus have shown increased exploratory behaviours around subsea cables [8], and juvenile lobsters showed no difference in shelter finding and exploratory behaviour""","DC","NS","NA","NS","NA","NS","Helmholtz coils were powered using a variable DC power supply (Elektro-Automatik EA-PSI 8360-15)","DC","2.8E-3","NS","p4, section 2.2","NA","NA","NA","NA","NA","NA","NA","NA","0","133","days","133","chronical","continuous","steady","water-sediment interface,  water column",NA,"49.96","NA","no","yes","Cumulative effects of MRED related stressors on marine invertebrates, such as current alterations around wind turbines, increased sea temperature around cables and substations, and operational underwater sound must be investigated in the future on all life stages of inhabiting organisms. The effect of temperature is particularly important, as ovigerous female lobsters move offshore to reduce thermal variability during nursing periods [85]. Previous studies showed, that ovigerous C. pagurus will likely be attracted to EMF emitted from subsea power cables [15].","individual","NA","quantitative","early life-stages development","hatching duration","days","no impact/negligible","no","unknown","""There were no significant differences between the mean total number of days taken from first hatch to final release of larvae in EMF exposed crabs (8.8  1.4 days), compared to crabs kept in control conditions (8.3  1.2 days).""","direct",NA,"NA","NA","NA","NA","NA","NA","NA","NA","6","1","YES","Yes",NA,NA,"ENKCJVNX","","Harsanyi (2022)","Harsanyi P; Scott K; Easton BAA; Ortiz GD; Chapman ECN; Piper AJR; Rochas CMV; Lyndon AR",2022,"The Effects of Anthropogenic Electromagnetic Fields (EMF) on the Early Development of Two Commercially Important Crustaceans, European Lobster, Homarus gammarus (L.) and Edible Crab, Cancer pagurus (L.)","Proposed offshore windfarm sites could overlap with the brooding and spawning habitats of commercially important crustacea, including European lobster, Homarus gammarus and Edible crab, Cancer pagurus. Concerns have been raised on the biological effects of Electromagnetic Fields (EMFs) emitted from subsea power cables on the early life history of these species. In this study, ovigerous female H. gammarus and C. pagurus were exposed to static (Direct Current, DC) EMFs (2.8 mT) throughout embryonic development. Embryonic and larval parameters, deformities, and vertical swimming speed of freshly hatched stage I lobster and zoea I crab larvae were assessed. EMF did not alter embryonic development time, larval release time, or vertical swimming speed for either species. Chronic exposure to 2.8 mT EMF throughout embryonic development resulted in significant differences in stage-specific egg volume and resulted in stage I lobster and zoea I crab larvae exhibiting decreased carapace height, total length, and maximum eye diameter. An increased occurrence of larval deformities was observed in addition to reduced swimming test success rate amongst lobster larvae. These traits may ultimately affect larval mortality, recruitment and dispersal. This study increases our understanding on the effects of anthropogenic, static EMFs on crustacean developmental biology and suggests that EMF emissions from subsea power cables could have a measurable impact on the early life history and consequently the population dynamics of H. gammarus and C. pagurus.","JOURNAL OF MARINE SCIENCE AND ENGINEERING","journalArticle","TEMPERATURE; POTENTIAL IMPACTS; RENEWABLE ENERGY; BEHAVIOR; MARINE RENEWABLE ENERGY; LARVAE; CANCER PAGURUS; EDIBLE CRAB; ELECTROMAGNETIC FIELD; ENVIRONMENTAL STRESSOR; STATIC MAGNETIC-FIELDS; OCEAN ACIDIFICATION; SUBSEA POWER CABLES; SUBMARINE POWER-CABLES; EUROPEAN LOBSTER; HOMARUS GAMMARUS; AMERICANUS; EMBRYONIC DEVEL-OPMENT; EMBRYONIC DEVELOPMENT; EMBRYONIC-DEVELOPMENT; eppi-reviewer",NA,"2077-1312","10.3390/jmse10050564",NA,"","5","10","CARLIER Antoine","","","","","carlier","","","","","","","","Article","No - Continue","No - Continue","No - Continue","Benthic macro-invertebrates ","","Homarus gammarus; Cancer pagurus","European lobster; Edible crab",NA,NA,NA,NA,NA,"No",0,"Physical","","Input of other forms of energy","","No",NA,NA,NA,NA,"No",NA,NA,NA,"Yes","Mixed-Effect","Mixed-Effect",NA,"No-Effect",NA,NA,"No-Effect","Mixed-Effect","No",NA,NA,NA,NA,"No",NA,NA,NA,"No",NA,NA,"No",NA,"0","Fig 6 and Results' section #3.4","No","No","No","Yes","No","No","No","No","No","No","Yes","No","No","No","No","No","No","No","No","Yes","No","No",NA,NA,NA,NA,NA,NA,NA,NA,NA,"UK","54.634065, -2.353032","NORTH SEA",NA,"56.447465, 3.451353",2017,2018,0.5833,"7",NA,"No","No","Yes","No","No","No",NA,"Yes","Unsure","No","No","","No","","No","","Inlcuded",32,1,1,NA,NA,NA,NA,NA,NA,NA,NA,NA,NA,NA,NA,NA,NA,NA,NA,NA,NA,NA,NA,NA,"merged"
"212","ENKCJVNX",NA,"Harsanyi (2022)","Harsanyi P; Scott K; Easton BAA; Ortiz GD; Chapman ECN; Piper AJR; Rochas CMV; Lyndon AR",2022,"The Effects of Anthropogenic Electromagnetic Fields (EMF) on the Early Development of Two Commercially Important Crustaceans, European Lobster, Homarus gammarus (L.) and Edible Crab, Cancer pagurus (L.)","Proposed offshore windfarm sites could overlap with the brooding and spawning habitats of commercially important crustacea, including European lobster, Homarus gammarus and Edible crab, Cancer pagurus. Concerns have been raised on the biological effects of Electromagnetic Fields (EMFs) emitted from subsea power cables on the early life history of these species. In this study, ovigerous female H. gammarus and C. pagurus were exposed to static (Direct Current, DC) EMFs (2.8 mT) throughout embryonic development. Embryonic and larval parameters, deformities, and vertical swimming speed of freshly hatched stage I lobster and zoea I crab larvae were assessed. EMF did not alter embryonic development time, larval release time, or vertical swimming speed for either species. Chronic exposure to 2.8 mT EMF throughout embryonic development resulted in significant differences in stage-specific egg volume and resulted in stage I lobster and zoea I crab larvae exhibiting decreased carapace height, total length, and maximum eye diameter. An increased occurrence of larval deformities was observed in addition to reduced swimming test success rate amongst lobster larvae. These traits may ultimately affect larval mortality, recruitment and dispersal. This study increases our understanding on the effects of anthropogenic, static EMFs on crustacean developmental biology and suggests that EMF emissions from subsea power cables could have a measurable impact on the early life history and consequently the population dynamics of H. gammarus and C. pagurus.","JOURNAL OF MARINE SCIENCE AND ENGINEERING","journalArticle","TEMPERATURE; POTENTIAL IMPACTS; RENEWABLE ENERGY; BEHAVIOR; MARINE RENEWABLE ENERGY; LARVAE; CANCER PAGURUS; EDIBLE CRAB; ELECTROMAGNETIC FIELD; ENVIRONMENTAL STRESSOR; STATIC MAGNETIC-FIELDS; OCEAN ACIDIFICATION; SUBSEA POWER CABLES; SUBMARINE POWER-CABLES; EUROPEAN LOBSTER; HOMARUS GAMMARUS; AMERICANUS; EMBRYONIC DEVEL-OPMENT; EMBRYONIC DEVELOPMENT; EMBRYONIC-DEVELOPMENT; eppi-reviewer","2077-1312","10.3390/jmse10050564",NA,"5",10,"CARLIER Antoine","carlier","Benthic macro-invertebrates ",NA,"Input of other forms of energy",NA,"yes",11,"Cancer pagurus","NS","NA","larval","NS",NA,"yes","not specified","not specified","sensitivity suspected","""H. gammarus and C. pagurus are high commercial value decapod crustaceans""; ""closely related crustacean species may react differently to EMFs, with H. gammarus exhibiting an increased amount of time spent in EMF exposed shelters [15] whilst H. americanus have shown increased exploratory behaviours around subsea cables [8], and juvenile lobsters showed no difference in shelter finding and exploratory behaviour""","DC","NS","NA","NS","NA","NS","Helmholtz coils were powered using a variable DC power supply (Elektro-Automatik EA-PSI 8360-15)","DC","2.8E-3","NS","p4, section 2.2","NA","NA","NA","NA","NA","NA","NA","NA","0","133","days","133","chronical","continuous","steady","water-sediment interface,  water column",NA,"49.96","NA","no","yes","Cumulative effects of MRED related stressors on marine invertebrates, such as current alterations around wind turbines, increased sea temperature around cables and substations, and operational underwater sound must be investigated in the future on all life stages of inhabiting organisms. The effect of temperature is particularly important, as ovigerous female lobsters move offshore to reduce thermal variability during nursing periods [85]. Previous studies showed, that ovigerous C. pagurus will likely be attracted to EMF emitted from subsea power cables [15].","organ or sense","NA","quantitative","early life-stages development","larval body deformities","length-height-diameter","no impact/negligible","no","unknown","""3.3.2. Cancer Pagurus. A small percentage (<1%) of larval deformities were observed under both experimental conditions and did not differ significantly.""","direct",NA,"NA","NA","NA","NA","NA","NA","NA","NA","6","1","YES","Yes",NA,NA,"ENKCJVNX","","Harsanyi (2022)","Harsanyi P; Scott K; Easton BAA; Ortiz GD; Chapman ECN; Piper AJR; Rochas CMV; Lyndon AR",2022,"The Effects of Anthropogenic Electromagnetic Fields (EMF) on the Early Development of Two Commercially Important Crustaceans, European Lobster, Homarus gammarus (L.) and Edible Crab, Cancer pagurus (L.)","Proposed offshore windfarm sites could overlap with the brooding and spawning habitats of commercially important crustacea, including European lobster, Homarus gammarus and Edible crab, Cancer pagurus. Concerns have been raised on the biological effects of Electromagnetic Fields (EMFs) emitted from subsea power cables on the early life history of these species. In this study, ovigerous female H. gammarus and C. pagurus were exposed to static (Direct Current, DC) EMFs (2.8 mT) throughout embryonic development. Embryonic and larval parameters, deformities, and vertical swimming speed of freshly hatched stage I lobster and zoea I crab larvae were assessed. EMF did not alter embryonic development time, larval release time, or vertical swimming speed for either species. Chronic exposure to 2.8 mT EMF throughout embryonic development resulted in significant differences in stage-specific egg volume and resulted in stage I lobster and zoea I crab larvae exhibiting decreased carapace height, total length, and maximum eye diameter. An increased occurrence of larval deformities was observed in addition to reduced swimming test success rate amongst lobster larvae. These traits may ultimately affect larval mortality, recruitment and dispersal. This study increases our understanding on the effects of anthropogenic, static EMFs on crustacean developmental biology and suggests that EMF emissions from subsea power cables could have a measurable impact on the early life history and consequently the population dynamics of H. gammarus and C. pagurus.","JOURNAL OF MARINE SCIENCE AND ENGINEERING","journalArticle","TEMPERATURE; POTENTIAL IMPACTS; RENEWABLE ENERGY; BEHAVIOR; MARINE RENEWABLE ENERGY; LARVAE; CANCER PAGURUS; EDIBLE CRAB; ELECTROMAGNETIC FIELD; ENVIRONMENTAL STRESSOR; STATIC MAGNETIC-FIELDS; OCEAN ACIDIFICATION; SUBSEA POWER CABLES; SUBMARINE POWER-CABLES; EUROPEAN LOBSTER; HOMARUS GAMMARUS; AMERICANUS; EMBRYONIC DEVEL-OPMENT; EMBRYONIC DEVELOPMENT; EMBRYONIC-DEVELOPMENT; eppi-reviewer",NA,"2077-1312","10.3390/jmse10050564",NA,"","5","10","CARLIER Antoine","","","","","carlier","","","","","","","","Article","No - Continue","No - Continue","No - Continue","Benthic macro-invertebrates ","","Homarus gammarus; Cancer pagurus","European lobster; Edible crab",NA,NA,NA,NA,NA,"No",0,"Physical","","Input of other forms of energy","","No",NA,NA,NA,NA,"No",NA,NA,NA,"Yes","Mixed-Effect","Mixed-Effect",NA,"No-Effect",NA,NA,"No-Effect","Mixed-Effect","No",NA,NA,NA,NA,"No",NA,NA,NA,"No",NA,NA,"No",NA,"0","Fig 6 and Results' section #3.4","No","No","No","Yes","No","No","No","No","No","No","Yes","No","No","No","No","No","No","No","No","Yes","No","No",NA,NA,NA,NA,NA,NA,NA,NA,NA,"UK","54.634065, -2.353032","NORTH SEA",NA,"56.447465, 3.451353",2017,2018,0.5833,"7",NA,"No","No","Yes","No","No","No",NA,"Yes","Unsure","No","No","","No","","No","","Inlcuded",33,1,1,NA,NA,NA,NA,NA,NA,NA,NA,NA,NA,NA,NA,NA,NA,NA,NA,NA,NA,NA,NA,NA,"merged"
"212","ENKCJVNX",NA,"Harsanyi (2022)","Harsanyi P; Scott K; Easton BAA; Ortiz GD; Chapman ECN; Piper AJR; Rochas CMV; Lyndon AR",2022,"The Effects of Anthropogenic Electromagnetic Fields (EMF) on the Early Development of Two Commercially Important Crustaceans, European Lobster, Homarus gammarus (L.) and Edible Crab, Cancer pagurus (L.)","Proposed offshore windfarm sites could overlap with the brooding and spawning habitats of commercially important crustacea, including European lobster, Homarus gammarus and Edible crab, Cancer pagurus. Concerns have been raised on the biological effects of Electromagnetic Fields (EMFs) emitted from subsea power cables on the early life history of these species. In this study, ovigerous female H. gammarus and C. pagurus were exposed to static (Direct Current, DC) EMFs (2.8 mT) throughout embryonic development. Embryonic and larval parameters, deformities, and vertical swimming speed of freshly hatched stage I lobster and zoea I crab larvae were assessed. EMF did not alter embryonic development time, larval release time, or vertical swimming speed for either species. Chronic exposure to 2.8 mT EMF throughout embryonic development resulted in significant differences in stage-specific egg volume and resulted in stage I lobster and zoea I crab larvae exhibiting decreased carapace height, total length, and maximum eye diameter. An increased occurrence of larval deformities was observed in addition to reduced swimming test success rate amongst lobster larvae. These traits may ultimately affect larval mortality, recruitment and dispersal. This study increases our understanding on the effects of anthropogenic, static EMFs on crustacean developmental biology and suggests that EMF emissions from subsea power cables could have a measurable impact on the early life history and consequently the population dynamics of H. gammarus and C. pagurus.","JOURNAL OF MARINE SCIENCE AND ENGINEERING","journalArticle","TEMPERATURE; POTENTIAL IMPACTS; RENEWABLE ENERGY; BEHAVIOR; MARINE RENEWABLE ENERGY; LARVAE; CANCER PAGURUS; EDIBLE CRAB; ELECTROMAGNETIC FIELD; ENVIRONMENTAL STRESSOR; STATIC MAGNETIC-FIELDS; OCEAN ACIDIFICATION; SUBSEA POWER CABLES; SUBMARINE POWER-CABLES; EUROPEAN LOBSTER; HOMARUS GAMMARUS; AMERICANUS; EMBRYONIC DEVEL-OPMENT; EMBRYONIC DEVELOPMENT; EMBRYONIC-DEVELOPMENT; eppi-reviewer","2077-1312","10.3390/jmse10050564",NA,"5",10,"CARLIER Antoine","carlier","Benthic macro-invertebrates ",NA,"Input of other forms of energy",NA,"yes",12,"Cancer pagurus","NS","NA","larval","NS",NA,"yes","not specified","not specified","sensitivity suspected","""H. gammarus and C. pagurus are high commercial value decapod crustaceans""; ""closely related crustacean species may react differently to EMFs, with H. gammarus exhibiting an increased amount of time spent in EMF exposed shelters [15] whilst H. americanus have shown increased exploratory behaviours around subsea cables [8], and juvenile lobsters showed no difference in shelter finding and exploratory behaviour""","DC","NS","NA","NS","NA","NS","Helmholtz coils were powered using a variable DC power supply (Elektro-Automatik EA-PSI 8360-15)","DC","2.8E-3","NS","p4, section 2.2","NA","NA","NA","NA","NA","NA","NA","NA","0","133","days","133","chronical","continuous","steady","water-sediment interface,  water column",NA,"49.96","NA","no","yes","Cumulative effects of MRED related stressors on marine invertebrates, such as current alterations around wind turbines, increased sea temperature around cables and substations, and operational underwater sound must be investigated in the future on all life stages of inhabiting organisms. The effect of temperature is particularly important, as ovigerous female lobsters move offshore to reduce thermal variability during nursing periods [85]. Previous studies showed, that ovigerous C. pagurus will likely be attracted to EMF emitted from subsea power cables [15].","organ or sense","NA","quantitative","early life-stages development","larval body form","length-height-diameter","decrease","yes","unknown","Figs 6b, d, f","direct",NA,"NA","NA","NA","NA","NA","NA","NA","NA","6","1","YES","Yes",NA,NA,"ENKCJVNX","","Harsanyi (2022)","Harsanyi P; Scott K; Easton BAA; Ortiz GD; Chapman ECN; Piper AJR; Rochas CMV; Lyndon AR",2022,"The Effects of Anthropogenic Electromagnetic Fields (EMF) on the Early Development of Two Commercially Important Crustaceans, European Lobster, Homarus gammarus (L.) and Edible Crab, Cancer pagurus (L.)","Proposed offshore windfarm sites could overlap with the brooding and spawning habitats of commercially important crustacea, including European lobster, Homarus gammarus and Edible crab, Cancer pagurus. Concerns have been raised on the biological effects of Electromagnetic Fields (EMFs) emitted from subsea power cables on the early life history of these species. In this study, ovigerous female H. gammarus and C. pagurus were exposed to static (Direct Current, DC) EMFs (2.8 mT) throughout embryonic development. Embryonic and larval parameters, deformities, and vertical swimming speed of freshly hatched stage I lobster and zoea I crab larvae were assessed. EMF did not alter embryonic development time, larval release time, or vertical swimming speed for either species. Chronic exposure to 2.8 mT EMF throughout embryonic development resulted in significant differences in stage-specific egg volume and resulted in stage I lobster and zoea I crab larvae exhibiting decreased carapace height, total length, and maximum eye diameter. An increased occurrence of larval deformities was observed in addition to reduced swimming test success rate amongst lobster larvae. These traits may ultimately affect larval mortality, recruitment and dispersal. This study increases our understanding on the effects of anthropogenic, static EMFs on crustacean developmental biology and suggests that EMF emissions from subsea power cables could have a measurable impact on the early life history and consequently the population dynamics of H. gammarus and C. pagurus.","JOURNAL OF MARINE SCIENCE AND ENGINEERING","journalArticle","TEMPERATURE; POTENTIAL IMPACTS; RENEWABLE ENERGY; BEHAVIOR; MARINE RENEWABLE ENERGY; LARVAE; CANCER PAGURUS; EDIBLE CRAB; ELECTROMAGNETIC FIELD; ENVIRONMENTAL STRESSOR; STATIC MAGNETIC-FIELDS; OCEAN ACIDIFICATION; SUBSEA POWER CABLES; SUBMARINE POWER-CABLES; EUROPEAN LOBSTER; HOMARUS GAMMARUS; AMERICANUS; EMBRYONIC DEVEL-OPMENT; EMBRYONIC DEVELOPMENT; EMBRYONIC-DEVELOPMENT; eppi-reviewer",NA,"2077-1312","10.3390/jmse10050564",NA,"","5","10","CARLIER Antoine","","","","","carlier","","","","","","","","Article","No - Continue","No - Continue","No - Continue","Benthic macro-invertebrates ","","Homarus gammarus; Cancer pagurus","European lobster; Edible crab",NA,NA,NA,NA,NA,"No",0,"Physical","","Input of other forms of energy","","No",NA,NA,NA,NA,"No",NA,NA,NA,"Yes","Mixed-Effect","Mixed-Effect",NA,"No-Effect",NA,NA,"No-Effect","Mixed-Effect","No",NA,NA,NA,NA,"No",NA,NA,NA,"No",NA,NA,"No",NA,"0","Fig 6 and Results' section #3.4","No","No","No","Yes","No","No","No","No","No","No","Yes","No","No","No","No","No","No","No","No","Yes","No","No",NA,NA,NA,NA,NA,NA,NA,NA,NA,"UK","54.634065, -2.353032","NORTH SEA",NA,"56.447465, 3.451353",2017,2018,0.5833,"7",NA,"No","No","Yes","No","No","No",NA,"Yes","Unsure","No","No","","No","","No","","Inlcuded",34,1,1,NA,NA,NA,NA,NA,NA,NA,NA,NA,NA,NA,NA,NA,NA,NA,NA,NA,NA,NA,NA,NA,"merged"
"212","ENKCJVNX",NA,"Harsanyi (2022)","Harsanyi P; Scott K; Easton BAA; Ortiz GD; Chapman ECN; Piper AJR; Rochas CMV; Lyndon AR",2022,"The Effects of Anthropogenic Electromagnetic Fields (EMF) on the Early Development of Two Commercially Important Crustaceans, European Lobster, Homarus gammarus (L.) and Edible Crab, Cancer pagurus (L.)","Proposed offshore windfarm sites could overlap with the brooding and spawning habitats of commercially important crustacea, including European lobster, Homarus gammarus and Edible crab, Cancer pagurus. Concerns have been raised on the biological effects of Electromagnetic Fields (EMFs) emitted from subsea power cables on the early life history of these species. In this study, ovigerous female H. gammarus and C. pagurus were exposed to static (Direct Current, DC) EMFs (2.8 mT) throughout embryonic development. Embryonic and larval parameters, deformities, and vertical swimming speed of freshly hatched stage I lobster and zoea I crab larvae were assessed. EMF did not alter embryonic development time, larval release time, or vertical swimming speed for either species. Chronic exposure to 2.8 mT EMF throughout embryonic development resulted in significant differences in stage-specific egg volume and resulted in stage I lobster and zoea I crab larvae exhibiting decreased carapace height, total length, and maximum eye diameter. An increased occurrence of larval deformities was observed in addition to reduced swimming test success rate amongst lobster larvae. These traits may ultimately affect larval mortality, recruitment and dispersal. This study increases our understanding on the effects of anthropogenic, static EMFs on crustacean developmental biology and suggests that EMF emissions from subsea power cables could have a measurable impact on the early life history and consequently the population dynamics of H. gammarus and C. pagurus.","JOURNAL OF MARINE SCIENCE AND ENGINEERING","journalArticle","TEMPERATURE; POTENTIAL IMPACTS; RENEWABLE ENERGY; BEHAVIOR; MARINE RENEWABLE ENERGY; LARVAE; CANCER PAGURUS; EDIBLE CRAB; ELECTROMAGNETIC FIELD; ENVIRONMENTAL STRESSOR; STATIC MAGNETIC-FIELDS; OCEAN ACIDIFICATION; SUBSEA POWER CABLES; SUBMARINE POWER-CABLES; EUROPEAN LOBSTER; HOMARUS GAMMARUS; AMERICANUS; EMBRYONIC DEVEL-OPMENT; EMBRYONIC DEVELOPMENT; EMBRYONIC-DEVELOPMENT; eppi-reviewer","2077-1312","10.3390/jmse10050564",NA,"5",10,"CARLIER Antoine","carlier","Benthic macro-invertebrates ",NA,"Input of other forms of energy",NA,"yes",13,"Cancer pagurus","NS","NA","larval","NS",NA,"yes","not specified","not specified","sensitivity suspected","""H. gammarus and C. pagurus are high commercial value decapod crustaceans""; ""closely related crustacean species may react differently to EMFs, with H. gammarus exhibiting an increased amount of time spent in EMF exposed shelters [15] whilst H. americanus have shown increased exploratory behaviours around subsea cables [8], and juvenile lobsters showed no difference in shelter finding and exploratory behaviour""","DC","NS","NA","NS","NA","NS","Helmholtz coils were powered using a variable DC power supply (Elektro-Automatik EA-PSI 8360-15)","DC","2.8E-3","NS","p4, section 2.2","NA","NA","NA","NA","NA","NA","NA","NA","0","133","days","133","chronical","continuous","steady","water-sediment interface,  water column",NA,"49.96","NA","no","yes","Cumulative effects of MRED related stressors on marine invertebrates, such as current alterations around wind turbines, increased sea temperature around cables and substations, and operational underwater sound must be investigated in the future on all life stages of inhabiting organisms. The effect of temperature is particularly important, as ovigerous female lobsters move offshore to reduce thermal variability during nursing periods [85]. Previous studies showed, that ovigerous C. pagurus will likely be attracted to EMF emitted from subsea power cables [15].","NA","other","quantitative","swimming behaviour","vertical swimming speed","cm.sec-1","no impact/negligible","no","unknown","""Swimming speed of freshly hatched larvae with an average of 3.3  0.5 mm s-1 in the EMF exposed group and 1.6  0.4 mm s-1 in the control group was not significantly affected by embryonic EMF exposure.""","direct",NA,"NA","NA","NA","NA","NA","NA","NA","NA","6","1","YES","Yes",NA,NA,"ENKCJVNX","","Harsanyi (2022)","Harsanyi P; Scott K; Easton BAA; Ortiz GD; Chapman ECN; Piper AJR; Rochas CMV; Lyndon AR",2022,"The Effects of Anthropogenic Electromagnetic Fields (EMF) on the Early Development of Two Commercially Important Crustaceans, European Lobster, Homarus gammarus (L.) and Edible Crab, Cancer pagurus (L.)","Proposed offshore windfarm sites could overlap with the brooding and spawning habitats of commercially important crustacea, including European lobster, Homarus gammarus and Edible crab, Cancer pagurus. Concerns have been raised on the biological effects of Electromagnetic Fields (EMFs) emitted from subsea power cables on the early life history of these species. In this study, ovigerous female H. gammarus and C. pagurus were exposed to static (Direct Current, DC) EMFs (2.8 mT) throughout embryonic development. Embryonic and larval parameters, deformities, and vertical swimming speed of freshly hatched stage I lobster and zoea I crab larvae were assessed. EMF did not alter embryonic development time, larval release time, or vertical swimming speed for either species. Chronic exposure to 2.8 mT EMF throughout embryonic development resulted in significant differences in stage-specific egg volume and resulted in stage I lobster and zoea I crab larvae exhibiting decreased carapace height, total length, and maximum eye diameter. An increased occurrence of larval deformities was observed in addition to reduced swimming test success rate amongst lobster larvae. These traits may ultimately affect larval mortality, recruitment and dispersal. This study increases our understanding on the effects of anthropogenic, static EMFs on crustacean developmental biology and suggests that EMF emissions from subsea power cables could have a measurable impact on the early life history and consequently the population dynamics of H. gammarus and C. pagurus.","JOURNAL OF MARINE SCIENCE AND ENGINEERING","journalArticle","TEMPERATURE; POTENTIAL IMPACTS; RENEWABLE ENERGY; BEHAVIOR; MARINE RENEWABLE ENERGY; LARVAE; CANCER PAGURUS; EDIBLE CRAB; ELECTROMAGNETIC FIELD; ENVIRONMENTAL STRESSOR; STATIC MAGNETIC-FIELDS; OCEAN ACIDIFICATION; SUBSEA POWER CABLES; SUBMARINE POWER-CABLES; EUROPEAN LOBSTER; HOMARUS GAMMARUS; AMERICANUS; EMBRYONIC DEVEL-OPMENT; EMBRYONIC DEVELOPMENT; EMBRYONIC-DEVELOPMENT; eppi-reviewer",NA,"2077-1312","10.3390/jmse10050564",NA,"","5","10","CARLIER Antoine","","","","","carlier","","","","","","","","Article","No - Continue","No - Continue","No - Continue","Benthic macro-invertebrates ","","Homarus gammarus; Cancer pagurus","European lobster; Edible crab",NA,NA,NA,NA,NA,"No",0,"Physical","","Input of other forms of energy","","No",NA,NA,NA,NA,"No",NA,NA,NA,"Yes","Mixed-Effect","Mixed-Effect",NA,"No-Effect",NA,NA,"No-Effect","Mixed-Effect","No",NA,NA,NA,NA,"No",NA,NA,NA,"No",NA,NA,"No",NA,"0","Fig 6 and Results' section #3.4","No","No","No","Yes","No","No","No","No","No","No","Yes","No","No","No","No","No","No","No","No","Yes","No","No",NA,NA,NA,NA,NA,NA,NA,NA,NA,"UK","54.634065, -2.353032","NORTH SEA",NA,"56.447465, 3.451353",2017,2018,0.5833,"7",NA,"No","No","Yes","No","No","No",NA,"Yes","Unsure","No","No","","No","","No","","Inlcuded",35,1,1,NA,NA,NA,NA,NA,NA,NA,NA,NA,NA,NA,NA,NA,NA,NA,NA,NA,NA,NA,NA,NA,"merged"
"221","CM5IERDR","EPPI-Reviewer ID: 97354113","Hermans (2024)","Hermans A; Winter H V; Gill A B; Murk A J",2024,"Do electromagnetic fields from subsea power cables effect benthic elasmobranch behaviour? A risk-based approach for the Dutch Continental Shelf","Subsea power cables cause electromagnetic fields (EMFs) into the marine environment. Elasmobranchs (rays, skates, sharks) are particularly sensitive to EMFs as they use electromagnetic-receptive sensory systems for orientation, navigation, and locating conspecifics or buried prey. Cables may intersect with egg laying sites, mating, pupping, and nursery grounds, foraging habitat and migration routes of elasmobranchs and the effects of encountering EMFs on species of elasmobranchs are largely unknown. Demonstrated behavioural effects are attraction, disturbance and indifference, depending on EMF characteristics, exposed life stage, exposure level and duration. We estimated exposure levels of elasmobranchs to subsea power cable EMFs, based on modelled magnetic fields in the Dutch Continental Shelf and compared these to reported elasmobranch sensory sensitivity ranges and experimental effect levels. We conclude that the risk from subsea power cables has a large uncertainty and varies per life stage and species ecology. Based on estimated no-observed effect levels (from 10?3 to 10?1 ?T) we discuss what will probably be the most affected species and life stage for six common benthic elasmobranchs in the Southern North Sea. We then identify critical knowledge gaps for reducing the uncertainty in the risk assessments for EMFs effects on benthic elasmobranchs.   2024 The Authors","ENVIRONMENTAL POLLUTION","journalArticle","ATLANTIC OCEAN; NORTH SEA; CONTINENTAL SHELF; OFFSHORE WIND FARMS; OFFSHORE OIL WELL PRODUCTION; RISK ASSESSMENT; SENSITIVITY ANALYSIS; MARINE ENVIRONMENT; ECOLOGY; UNCERTAINTY; ELECTROMAGNETIC FIELD; LIFE STAGES; ESTIMATION METHOD; ELECTROMAGNETIC FIELDS; CONTINENTAL SHELFS; BEHAVIORAL EFFECTS; BEHAVIOURAL EFFECTS; BENTHIC ELASMOBRANCH; BENTHIC ELASMOBRANCHS; ECOLOGICAL APPROACH; ECOLOGICAL RISK ASSESSMENT; ELECTROMAGNETIC SURVEY; EXPOSURE LEVEL; RISK-BASED APPROACH; SUBSEA POWER CABLES; TELECOMMUNICATION CABLES","0269-7491","10.1016/j.envpol.2024.123570",NA,NA,346,"SENTCHEV Alexeï","sentchev","Fish",NA,"Input of other forms of energy","Excluded - review","yes",1,"Elasmobranchs (rays, skates, sharks)",NA,"LITERATURE review",NA,NA,NA,NA,NA,NA,NA,NA,NA,NA,NA,NA,NA,NA,NA,NA,NA,NA,NA,NA,NA,NA,NA,NA,NA,NA,NA,NA,NA,NA,NA,NA,NA,NA,NA,NA,NA,NA,NA,NA,NA,NA,NA,NA,NA,NA,NA,NA,NA,NA,NA,NA,NA,NA,NA,NA,NA,NA,NA,NA,NA,NA,NA,NA,NA,NA,"LITERATURE REVIEW. Could be useful for Intro to Ch5",NA,NA,NA,NA,NA,NA,NA,NA,NA,NA,NA,NA,NA,NA,NA,NA,NA,NA,NA,NA,NA,NA,NA,NA,NA,NA,NA,NA,NA,NA,NA,NA,NA,NA,NA,NA,NA,NA,NA,NA,NA,NA,NA,NA,NA,NA,NA,NA,NA,NA,NA,NA,NA,NA,NA,NA,NA,NA,NA,NA,NA,NA,NA,NA,NA,NA,NA,NA,NA,NA,NA,NA,NA,NA,NA,NA,NA,NA,NA,NA,NA,NA,NA,NA,NA,NA,NA,NA,NA,NA,NA,NA,NA,NA,NA,NA,NA,NA,NA,NA,NA,NA,NA,NA,NA,NA,NA,NA,NA,NA,NA,NA,NA,NA,NA,NA,NA,NA,NA,NA,NA,NA,NA,NA,NA,NA,NA,NA,NA,NA,NA,NA,NA,NA,NA,NA,NA,NA,NA,NA,NA,36,1,1,NA,NA,NA,NA,NA,NA,NA,NA,NA,NA,NA,NA,NA,NA,NA,NA,NA,NA,NA,NA,NA,"exclude"
"241","XBRPISMX","EPPI-Reviewer ID: 97840234","Hutchison (2020)","Hutchison ZL; Gill AB; Sigray P; He HB; King JW",2020,"Anthropogenic electromagnetic fields (EMF) influence the behaviour of bottom-dwelling marine species","Many marine animals have evolved sensory abilities to use electric and magnetic cues in essential aspects of life history, such as to detect prey, predators and mates as well as to orientate and migrate. Potential disruption of vital cues by human activities must be understood in order to mitigate potential negative influences. Cable deployments in coastal waters are increasing worldwide, in capacity and number, owing to growing demands for electrical power and telecommunications. Increasingly, the local electromagnetic environment used by electro- and magneto-sensitive species will be altered. We quantified biologically relevant behavioural responses of the presumed, magneto-receptive American lobster and the electro-sensitive Little skate to electromagnetic field (EMF) emissions of a subsea high voltage direct current (HVDC) transmission cable for domestic electricity supply. We demonstrate a striking increase in exploratory/foraging behaviour in skates in response to EMF and a more subtle exploratory response in lobsters. In addition, by directly measuring both the magnetic and electric field components of the EMF emitted by HVDC cables we found that there were DC and unexpectedly AC components. Modelling, restricted to the DC component, showed good agreement with measured results. Our cross-disciplinary study highlights the need to integrate an understanding of the natural and anthropogenic EMF environment together with the responses of sensitive animals when planning future cable deployments and predicting their environmental effects.","SCIENTIFIC REPORTS","journalArticle","NOISE; RENEWABLE ENERGY; LOCOMOTION; FORAGING BEHAVIOR; LOBSTER; OCEAN; MAGNETIC ORIENTATION; ELASMOBRANCH; MODE; SKATE","2045-2322","10.1038/s41598-020-60793-x",NA,"1",10,"CARLIER Antoine","carlier","Benthic macro-invertebrates ",NA,"Input of other forms of energy",NA,"yes",1,"Homarus americanus","NS","NA","adult","NS",NA,"yes","yes","yes","sensitivity suspected","""Homarus americanus, is a commercially valuable species and is thought, due to its home range, coastal movement and onshore/offshore seasonal migration33,34, to potentially have magneto-sensory abilities similar to the Caribbean Spiny lobster, Panulirus argus""","DC","0.97","mV/m","NS","NA","NA","Table 4","DC","6.5300000000000002E-5","NA","""The maximal magnetic fields on the seabed in the treatment enclosure at these power levels were 51.6, 55.3 and 65.3 μT, respectively, which is a maximal positive deviation of 0.3, 4.0 and 14 μT from the Earth’s magnetic field (51.3 μT). The power in the cable during the lobster study was constant at 330 MW (1175 A, max 65.3 μT).""","NA","NA","NA","NA","NA","NA","NA","NA","3.7","21","hours","0.875","ponctual","continuous","steady","water-sediment interface","""The power in the cable during the lobster study was constant at 330 MW (1175 A, max 65.3 μT).""","51.3","NA","no","no","NA","NA","attraction, repulsion, other","quantitative","spatial distribution","spatial distribution","coordinates","mixed","yes","reversible","Table 3","direct",NA,"NA","NA","NA","NA","NA","330000","burried","no protection","13","5","YES","Yes","impacts on lobsters are subtle","In situ experimental study, with realistic conditions (except presence of enclosures)","XBRPISMX","EPPI-Reviewer ID: 97840234","Hutchison (2020)","Hutchison ZL; Gill AB; Sigray P; He HB; King JW",2020,"Anthropogenic electromagnetic fields (EMF) influence the behaviour of bottom-dwelling marine species","Many marine animals have evolved sensory abilities to use electric and magnetic cues in essential aspects of life history, such as to detect prey, predators and mates as well as to orientate and migrate. Potential disruption of vital cues by human activities must be understood in order to mitigate potential negative influences. Cable deployments in coastal waters are increasing worldwide, in capacity and number, owing to growing demands for electrical power and telecommunications. Increasingly, the local electromagnetic environment used by electro- and magneto-sensitive species will be altered. We quantified biologically relevant behavioural responses of the presumed, magneto-receptive American lobster and the electro-sensitive Little skate to electromagnetic field (EMF) emissions of a subsea high voltage direct current (HVDC) transmission cable for domestic electricity supply. We demonstrate a striking increase in exploratory/foraging behaviour in skates in response to EMF and a more subtle exploratory response in lobsters. In addition, by directly measuring both the magnetic and electric field components of the EMF emitted by HVDC cables we found that there were DC and unexpectedly AC components. Modelling, restricted to the DC component, showed good agreement with measured results. Our cross-disciplinary study highlights the need to integrate an understanding of the natural and anthropogenic EMF environment together with the responses of sensitive animals when planning future cable deployments and predicting their environmental effects.","SCIENTIFIC REPORTS","journalArticle","NOISE; RENEWABLE ENERGY; LOCOMOTION; FORAGING BEHAVIOR; LOBSTER; OCEAN; MAGNETIC ORIENTATION; ELASMOBRANCH; MODE; SKATE",NA,"2045-2322","10.1038/s41598-020-60793-x",NA,"","1","10","CARLIER Antoine","","","","","carlier","","","X","","","","","Article","No - Continue","No - Continue","No - Continue","Benthic macro-invertebrates ","","Homarus americanus","American lobster",NA,NA,NA,NA,NA,"No",0,"Physical","","Input of other forms of energy","","No",NA,NA,NA,NA,"No",NA,NA,NA,"Yes",NA,NA,NA,NA,NA,"Effect",NA,NA,"No",NA,NA,NA,NA,"No",NA,NA,NA,"No",NA,NA,"No",NA,NA,"Tables 1, 3; Fig 2","No","No","No","Yes","No","No","No","No","No","Yes","No","No","No","No","No","No","No","No","No","Yes","No","No",NA,NA,NA,NA,NA,NA,NA,NA,NA,"USA","39.172676, -100.749271","ATLANTIC OCEAN - North",NA,"49.336908, -36.372865",2016,2016,0.1666,"2",NA,"Yes","No","No","No","No","No",NA,"Yes","Unsure","No","No","","No","","No","","Inlcuded",37,1,1,NA,NA,NA,NA,NA,NA,NA,NA,NA,NA,NA,NA,NA,NA,NA,NA,NA,NA,NA,NA,NA,"merged"
"241","XBRPISMX","EPPI-Reviewer ID: 97840234","Hutchison (2020)","Hutchison ZL; Gill AB; Sigray P; He HB; King JW",2020,"Anthropogenic electromagnetic fields (EMF) influence the behaviour of bottom-dwelling marine species","Many marine animals have evolved sensory abilities to use electric and magnetic cues in essential aspects of life history, such as to detect prey, predators and mates as well as to orientate and migrate. Potential disruption of vital cues by human activities must be understood in order to mitigate potential negative influences. Cable deployments in coastal waters are increasing worldwide, in capacity and number, owing to growing demands for electrical power and telecommunications. Increasingly, the local electromagnetic environment used by electro- and magneto-sensitive species will be altered. We quantified biologically relevant behavioural responses of the presumed, magneto-receptive American lobster and the electro-sensitive Little skate to electromagnetic field (EMF) emissions of a subsea high voltage direct current (HVDC) transmission cable for domestic electricity supply. We demonstrate a striking increase in exploratory/foraging behaviour in skates in response to EMF and a more subtle exploratory response in lobsters. In addition, by directly measuring both the magnetic and electric field components of the EMF emitted by HVDC cables we found that there were DC and unexpectedly AC components. Modelling, restricted to the DC component, showed good agreement with measured results. Our cross-disciplinary study highlights the need to integrate an understanding of the natural and anthropogenic EMF environment together with the responses of sensitive animals when planning future cable deployments and predicting their environmental effects.","SCIENTIFIC REPORTS","journalArticle","NOISE; RENEWABLE ENERGY; LOCOMOTION; FORAGING BEHAVIOR; LOBSTER; OCEAN; MAGNETIC ORIENTATION; ELASMOBRANCH; MODE; SKATE","2045-2322","10.1038/s41598-020-60793-x",NA,"1",10,"CARLIER Antoine","carlier","Benthic macro-invertebrates ",NA,"Input of other forms of energy",NA,"yes",2,"Homarus americanus","NS","NA","adult","NS",NA,"yes","yes","yes","sensitivity suspected","""Homarus americanus, is a commercially valuable species and is thought, due to its home range, coastal movement and onshore/offshore seasonal migration33,34, to potentially have magneto-sensory abilities similar to the Caribbean Spiny lobster, Panulirus argus""","DC","0.97","mV/m","NS","NA","NA","Table 4","DC","6.5300000000000002E-5","NA","""The maximal magnetic fields on the seabed in the treatment enclosure at these power levels were 51.6, 55.3 and 65.3 μT, respectively, which is a maximal positive deviation of 0.3, 4.0 and 14 μT from the Earth’s magnetic field (51.3 μT). The power in the cable during the lobster study was constant at 330 MW (1175 A, max 65.3 μT).""","NA","NA","NA","NA","NA","NA","NA","NA","3.7","21","hours","0.875","ponctual","continuous","steady","water-sediment interface","""The power in the cable during the lobster study was constant at 330 MW (1175 A, max 65.3 μT).""","51.3","NA","no","no","NA","NA","other","quantitative","activity","distance travelled","km","no impact/negligible","no","reversible","Tables 1, 3","direct",NA,"NA","NA","NA","NA","NA","330000","burried","no protection","13","5","YES","Yes","impacts on lobsters are subtle","In situ experimental study, with realistic conditions (except presence of enclosures)","XBRPISMX","EPPI-Reviewer ID: 97840234","Hutchison (2020)","Hutchison ZL; Gill AB; Sigray P; He HB; King JW",2020,"Anthropogenic electromagnetic fields (EMF) influence the behaviour of bottom-dwelling marine species","Many marine animals have evolved sensory abilities to use electric and magnetic cues in essential aspects of life history, such as to detect prey, predators and mates as well as to orientate and migrate. Potential disruption of vital cues by human activities must be understood in order to mitigate potential negative influences. Cable deployments in coastal waters are increasing worldwide, in capacity and number, owing to growing demands for electrical power and telecommunications. Increasingly, the local electromagnetic environment used by electro- and magneto-sensitive species will be altered. We quantified biologically relevant behavioural responses of the presumed, magneto-receptive American lobster and the electro-sensitive Little skate to electromagnetic field (EMF) emissions of a subsea high voltage direct current (HVDC) transmission cable for domestic electricity supply. We demonstrate a striking increase in exploratory/foraging behaviour in skates in response to EMF and a more subtle exploratory response in lobsters. In addition, by directly measuring both the magnetic and electric field components of the EMF emitted by HVDC cables we found that there were DC and unexpectedly AC components. Modelling, restricted to the DC component, showed good agreement with measured results. Our cross-disciplinary study highlights the need to integrate an understanding of the natural and anthropogenic EMF environment together with the responses of sensitive animals when planning future cable deployments and predicting their environmental effects.","SCIENTIFIC REPORTS","journalArticle","NOISE; RENEWABLE ENERGY; LOCOMOTION; FORAGING BEHAVIOR; LOBSTER; OCEAN; MAGNETIC ORIENTATION; ELASMOBRANCH; MODE; SKATE",NA,"2045-2322","10.1038/s41598-020-60793-x",NA,"","1","10","CARLIER Antoine","","","","","carlier","","","X","","","","","Article","No - Continue","No - Continue","No - Continue","Benthic macro-invertebrates ","","Homarus americanus","American lobster",NA,NA,NA,NA,NA,"No",0,"Physical","","Input of other forms of energy","","No",NA,NA,NA,NA,"No",NA,NA,NA,"Yes",NA,NA,NA,NA,NA,"Effect",NA,NA,"No",NA,NA,NA,NA,"No",NA,NA,NA,"No",NA,NA,"No",NA,NA,"Tables 1, 3; Fig 2","No","No","No","Yes","No","No","No","No","No","Yes","No","No","No","No","No","No","No","No","No","Yes","No","No",NA,NA,NA,NA,NA,NA,NA,NA,NA,"USA","39.172676, -100.749271","ATLANTIC OCEAN - North",NA,"49.336908, -36.372865",2016,2016,0.1666,"2",NA,"Yes","No","No","No","No","No",NA,"Yes","Unsure","No","No","","No","","No","","Inlcuded",38,1,1,NA,NA,NA,NA,NA,NA,NA,NA,NA,NA,NA,NA,NA,NA,NA,NA,NA,NA,NA,NA,NA,"merged"
"241","XBRPISMX","EPPI-Reviewer ID: 97840234","Hutchison (2020)","Hutchison ZL; Gill AB; Sigray P; He HB; King JW",2020,"Anthropogenic electromagnetic fields (EMF) influence the behaviour of bottom-dwelling marine species","Many marine animals have evolved sensory abilities to use electric and magnetic cues in essential aspects of life history, such as to detect prey, predators and mates as well as to orientate and migrate. Potential disruption of vital cues by human activities must be understood in order to mitigate potential negative influences. Cable deployments in coastal waters are increasing worldwide, in capacity and number, owing to growing demands for electrical power and telecommunications. Increasingly, the local electromagnetic environment used by electro- and magneto-sensitive species will be altered. We quantified biologically relevant behavioural responses of the presumed, magneto-receptive American lobster and the electro-sensitive Little skate to electromagnetic field (EMF) emissions of a subsea high voltage direct current (HVDC) transmission cable for domestic electricity supply. We demonstrate a striking increase in exploratory/foraging behaviour in skates in response to EMF and a more subtle exploratory response in lobsters. In addition, by directly measuring both the magnetic and electric field components of the EMF emitted by HVDC cables we found that there were DC and unexpectedly AC components. Modelling, restricted to the DC component, showed good agreement with measured results. Our cross-disciplinary study highlights the need to integrate an understanding of the natural and anthropogenic EMF environment together with the responses of sensitive animals when planning future cable deployments and predicting their environmental effects.","SCIENTIFIC REPORTS","journalArticle","NOISE; RENEWABLE ENERGY; LOCOMOTION; FORAGING BEHAVIOR; LOBSTER; OCEAN; MAGNETIC ORIENTATION; ELASMOBRANCH; MODE; SKATE","2045-2322","10.1038/s41598-020-60793-x",NA,"1",10,"CARLIER Antoine","carlier","Benthic macro-invertebrates ",NA,"Input of other forms of energy",NA,"yes",3,"Homarus americanus","NS","NA","adult","NS",NA,"yes","yes","yes","sensitivity suspected","""Homarus americanus, is a commercially valuable species and is thought, due to its home range, coastal movement and onshore/offshore seasonal migration33,34, to potentially have magneto-sensory abilities similar to the Caribbean Spiny lobster, Panulirus argus""","DC","0.97","mV/m","NS","NA","NA","Table 4","DC","6.5300000000000002E-5","NA","""The maximal magnetic fields on the seabed in the treatment enclosure at these power levels were 51.6, 55.3 and 65.3 μT, respectively, which is a maximal positive deviation of 0.3, 4.0 and 14 μT from the Earth’s magnetic field (51.3 μT). The power in the cable during the lobster study was constant at 330 MW (1175 A, max 65.3 μT).""","NA","NA","NA","NA","NA","NA","NA","NA","3.7","21","hours","0.875","ponctual","continuous","steady","water-sediment interface","""The power in the cable during the lobster study was constant at 330 MW (1175 A, max 65.3 μT).""","51.3","NA","no","no","NA","NA","other","quantitative","swimming behaviour","movement speed","cm/s","no impact/negligible","no","reversible","Tables 1, 3","direct",NA,"NA","NA","NA","NA","NA","330000","burried","no protection","13","5","YES","Yes","impacts on lobsters are subtle","In situ experimental study, with realistic conditions (except presence of enclosures)","XBRPISMX","EPPI-Reviewer ID: 97840234","Hutchison (2020)","Hutchison ZL; Gill AB; Sigray P; He HB; King JW",2020,"Anthropogenic electromagnetic fields (EMF) influence the behaviour of bottom-dwelling marine species","Many marine animals have evolved sensory abilities to use electric and magnetic cues in essential aspects of life history, such as to detect prey, predators and mates as well as to orientate and migrate. Potential disruption of vital cues by human activities must be understood in order to mitigate potential negative influences. Cable deployments in coastal waters are increasing worldwide, in capacity and number, owing to growing demands for electrical power and telecommunications. Increasingly, the local electromagnetic environment used by electro- and magneto-sensitive species will be altered. We quantified biologically relevant behavioural responses of the presumed, magneto-receptive American lobster and the electro-sensitive Little skate to electromagnetic field (EMF) emissions of a subsea high voltage direct current (HVDC) transmission cable for domestic electricity supply. We demonstrate a striking increase in exploratory/foraging behaviour in skates in response to EMF and a more subtle exploratory response in lobsters. In addition, by directly measuring both the magnetic and electric field components of the EMF emitted by HVDC cables we found that there were DC and unexpectedly AC components. Modelling, restricted to the DC component, showed good agreement with measured results. Our cross-disciplinary study highlights the need to integrate an understanding of the natural and anthropogenic EMF environment together with the responses of sensitive animals when planning future cable deployments and predicting their environmental effects.","SCIENTIFIC REPORTS","journalArticle","NOISE; RENEWABLE ENERGY; LOCOMOTION; FORAGING BEHAVIOR; LOBSTER; OCEAN; MAGNETIC ORIENTATION; ELASMOBRANCH; MODE; SKATE",NA,"2045-2322","10.1038/s41598-020-60793-x",NA,"","1","10","CARLIER Antoine","","","","","carlier","","","X","","","","","Article","No - Continue","No - Continue","No - Continue","Benthic macro-invertebrates ","","Homarus americanus","American lobster",NA,NA,NA,NA,NA,"No",0,"Physical","","Input of other forms of energy","","No",NA,NA,NA,NA,"No",NA,NA,NA,"Yes",NA,NA,NA,NA,NA,"Effect",NA,NA,"No",NA,NA,NA,NA,"No",NA,NA,NA,"No",NA,NA,"No",NA,NA,"Tables 1, 3; Fig 2","No","No","No","Yes","No","No","No","No","No","Yes","No","No","No","No","No","No","No","No","No","Yes","No","No",NA,NA,NA,NA,NA,NA,NA,NA,NA,"USA","39.172676, -100.749271","ATLANTIC OCEAN - North",NA,"49.336908, -36.372865",2016,2016,0.1666,"2",NA,"Yes","No","No","No","No","No",NA,"Yes","Unsure","No","No","","No","","No","","Inlcuded",39,1,1,NA,NA,NA,NA,NA,NA,NA,NA,NA,NA,NA,NA,NA,NA,NA,NA,NA,NA,NA,NA,NA,"merged"
"241","XBRPISMX","EPPI-Reviewer ID: 97840234","Hutchison (2020)","Hutchison ZL; Gill AB; Sigray P; He HB; King JW",2020,"Anthropogenic electromagnetic fields (EMF) influence the behaviour of bottom-dwelling marine species","Many marine animals have evolved sensory abilities to use electric and magnetic cues in essential aspects of life history, such as to detect prey, predators and mates as well as to orientate and migrate. Potential disruption of vital cues by human activities must be understood in order to mitigate potential negative influences. Cable deployments in coastal waters are increasing worldwide, in capacity and number, owing to growing demands for electrical power and telecommunications. Increasingly, the local electromagnetic environment used by electro- and magneto-sensitive species will be altered. We quantified biologically relevant behavioural responses of the presumed, magneto-receptive American lobster and the electro-sensitive Little skate to electromagnetic field (EMF) emissions of a subsea high voltage direct current (HVDC) transmission cable for domestic electricity supply. We demonstrate a striking increase in exploratory/foraging behaviour in skates in response to EMF and a more subtle exploratory response in lobsters. In addition, by directly measuring both the magnetic and electric field components of the EMF emitted by HVDC cables we found that there were DC and unexpectedly AC components. Modelling, restricted to the DC component, showed good agreement with measured results. Our cross-disciplinary study highlights the need to integrate an understanding of the natural and anthropogenic EMF environment together with the responses of sensitive animals when planning future cable deployments and predicting their environmental effects.","SCIENTIFIC REPORTS","journalArticle","NOISE; RENEWABLE ENERGY; LOCOMOTION; FORAGING BEHAVIOR; LOBSTER; OCEAN; MAGNETIC ORIENTATION; ELASMOBRANCH; MODE; SKATE","2045-2322","10.1038/s41598-020-60793-x",NA,"1",10,"CARLIER Antoine","carlier","Benthic macro-invertebrates ",NA,"Input of other forms of energy",NA,"yes",4,"Homarus americanus","NS","NA","adult","NS",NA,"yes","yes","yes","sensitivity suspected","""Homarus americanus, is a commercially valuable species and is thought, due to its home range, coastal movement and onshore/offshore seasonal migration33,34, to potentially have magneto-sensory abilities similar to the Caribbean Spiny lobster, Panulirus argus""","DC","0.97","mV/m","NS","NA","NA","Table 4","DC","6.5300000000000002E-5","NA","""The maximal magnetic fields on the seabed in the treatment enclosure at these power levels were 51.6, 55.3 and 65.3 μT, respectively, which is a maximal positive deviation of 0.3, 4.0 and 14 μT from the Earth’s magnetic field (51.3 μT). The power in the cable during the lobster study was constant at 330 MW (1175 A, max 65.3 μT).""","NA","NA","NA","NA","NA","NA","NA","NA","3.7","21","hours","0.875","ponctual","continuous","steady","water-sediment interface","""The power in the cable during the lobster study was constant at 330 MW (1175 A, max 65.3 μT).""","51.3","NA","no","no","NA","NA","other","quantitative","activity","proportion of turns","%","increase","no","reversible","Table 3, Fig 2a","direct",NA,"NA","NA","NA","NA","NA","330000","burried","no protection","13","5","YES","Yes","impacts on lobsters are subtle","In situ experimental study, with realistic conditions (except presence of enclosures)","XBRPISMX","EPPI-Reviewer ID: 97840234","Hutchison (2020)","Hutchison ZL; Gill AB; Sigray P; He HB; King JW",2020,"Anthropogenic electromagnetic fields (EMF) influence the behaviour of bottom-dwelling marine species","Many marine animals have evolved sensory abilities to use electric and magnetic cues in essential aspects of life history, such as to detect prey, predators and mates as well as to orientate and migrate. Potential disruption of vital cues by human activities must be understood in order to mitigate potential negative influences. Cable deployments in coastal waters are increasing worldwide, in capacity and number, owing to growing demands for electrical power and telecommunications. Increasingly, the local electromagnetic environment used by electro- and magneto-sensitive species will be altered. We quantified biologically relevant behavioural responses of the presumed, magneto-receptive American lobster and the electro-sensitive Little skate to electromagnetic field (EMF) emissions of a subsea high voltage direct current (HVDC) transmission cable for domestic electricity supply. We demonstrate a striking increase in exploratory/foraging behaviour in skates in response to EMF and a more subtle exploratory response in lobsters. In addition, by directly measuring both the magnetic and electric field components of the EMF emitted by HVDC cables we found that there were DC and unexpectedly AC components. Modelling, restricted to the DC component, showed good agreement with measured results. Our cross-disciplinary study highlights the need to integrate an understanding of the natural and anthropogenic EMF environment together with the responses of sensitive animals when planning future cable deployments and predicting their environmental effects.","SCIENTIFIC REPORTS","journalArticle","NOISE; RENEWABLE ENERGY; LOCOMOTION; FORAGING BEHAVIOR; LOBSTER; OCEAN; MAGNETIC ORIENTATION; ELASMOBRANCH; MODE; SKATE",NA,"2045-2322","10.1038/s41598-020-60793-x",NA,"","1","10","CARLIER Antoine","","","","","carlier","","","X","","","","","Article","No - Continue","No - Continue","No - Continue","Benthic macro-invertebrates ","","Homarus americanus","American lobster",NA,NA,NA,NA,NA,"No",0,"Physical","","Input of other forms of energy","","No",NA,NA,NA,NA,"No",NA,NA,NA,"Yes",NA,NA,NA,NA,NA,"Effect",NA,NA,"No",NA,NA,NA,NA,"No",NA,NA,NA,"No",NA,NA,"No",NA,NA,"Tables 1, 3; Fig 2","No","No","No","Yes","No","No","No","No","No","Yes","No","No","No","No","No","No","No","No","No","Yes","No","No",NA,NA,NA,NA,NA,NA,NA,NA,NA,"USA","39.172676, -100.749271","ATLANTIC OCEAN - North",NA,"49.336908, -36.372865",2016,2016,0.1666,"2",NA,"Yes","No","No","No","No","No",NA,"Yes","Unsure","No","No","","No","","No","","Inlcuded",40,1,1,NA,NA,NA,NA,NA,NA,NA,NA,NA,NA,NA,NA,NA,NA,NA,NA,NA,NA,NA,NA,NA,"merged"
"241","XBRPISMX","EPPI-Reviewer ID: 97840234","Hutchison (2020)","Hutchison ZL; Gill AB; Sigray P; He HB; King JW",2020,"Anthropogenic electromagnetic fields (EMF) influence the behaviour of bottom-dwelling marine species","Many marine animals have evolved sensory abilities to use electric and magnetic cues in essential aspects of life history, such as to detect prey, predators and mates as well as to orientate and migrate. Potential disruption of vital cues by human activities must be understood in order to mitigate potential negative influences. Cable deployments in coastal waters are increasing worldwide, in capacity and number, owing to growing demands for electrical power and telecommunications. Increasingly, the local electromagnetic environment used by electro- and magneto-sensitive species will be altered. We quantified biologically relevant behavioural responses of the presumed, magneto-receptive American lobster and the electro-sensitive Little skate to electromagnetic field (EMF) emissions of a subsea high voltage direct current (HVDC) transmission cable for domestic electricity supply. We demonstrate a striking increase in exploratory/foraging behaviour in skates in response to EMF and a more subtle exploratory response in lobsters. In addition, by directly measuring both the magnetic and electric field components of the EMF emitted by HVDC cables we found that there were DC and unexpectedly AC components. Modelling, restricted to the DC component, showed good agreement with measured results. Our cross-disciplinary study highlights the need to integrate an understanding of the natural and anthropogenic EMF environment together with the responses of sensitive animals when planning future cable deployments and predicting their environmental effects.","SCIENTIFIC REPORTS","journalArticle","NOISE; RENEWABLE ENERGY; LOCOMOTION; FORAGING BEHAVIOR; LOBSTER; OCEAN; MAGNETIC ORIENTATION; ELASMOBRANCH; MODE; SKATE","2045-2322","10.1038/s41598-020-60793-x",NA,"1",10,"CARLIER Antoine","carlier","Benthic macro-invertebrates ",NA,"Input of other forms of energy",NA,"yes",5,"Homarus americanus","NS","NA","adult","NS",NA,"yes","yes","yes","sensitivity suspected","""Homarus americanus, is a commercially valuable species and is thought, due to its home range, coastal movement and onshore/offshore seasonal migration33,34, to potentially have magneto-sensory abilities similar to the Caribbean Spiny lobster, Panulirus argus""","DC","0.97","mV/m","NS","NA","NA","Table 4","DC","6.5300000000000002E-5","NA","""The maximal magnetic fields on the seabed in the treatment enclosure at these power levels were 51.6, 55.3 and 65.3 μT, respectively, which is a maximal positive deviation of 0.3, 4.0 and 14 μT from the Earth’s magnetic field (51.3 μT). The power in the cable during the lobster study was constant at 330 MW (1175 A, max 65.3 μT).""","NA","NA","NA","NA","NA","NA","NA","NA","3.7","21","hours","0.875","ponctual","continuous","steady","water-sediment interface","""The power in the cable during the lobster study was constant at 330 MW (1175 A, max 65.3 μT).""","51.3","NA","no","no","NA","NA","attraction, repulsion, other","quantitative","spatial distribution","height from seabed","cm","decrease","yes","reversible","Table 3, Fig 2b","direct",NA,"NA","NA","NA","NA","NA","330000","burried","no protection","13","5","YES","Yes","impacts on lobsters are subtle","In situ experimental study, with realistic conditions (except presence of enclosures)","XBRPISMX","EPPI-Reviewer ID: 97840234","Hutchison (2020)","Hutchison ZL; Gill AB; Sigray P; He HB; King JW",2020,"Anthropogenic electromagnetic fields (EMF) influence the behaviour of bottom-dwelling marine species","Many marine animals have evolved sensory abilities to use electric and magnetic cues in essential aspects of life history, such as to detect prey, predators and mates as well as to orientate and migrate. Potential disruption of vital cues by human activities must be understood in order to mitigate potential negative influences. Cable deployments in coastal waters are increasing worldwide, in capacity and number, owing to growing demands for electrical power and telecommunications. Increasingly, the local electromagnetic environment used by electro- and magneto-sensitive species will be altered. We quantified biologically relevant behavioural responses of the presumed, magneto-receptive American lobster and the electro-sensitive Little skate to electromagnetic field (EMF) emissions of a subsea high voltage direct current (HVDC) transmission cable for domestic electricity supply. We demonstrate a striking increase in exploratory/foraging behaviour in skates in response to EMF and a more subtle exploratory response in lobsters. In addition, by directly measuring both the magnetic and electric field components of the EMF emitted by HVDC cables we found that there were DC and unexpectedly AC components. Modelling, restricted to the DC component, showed good agreement with measured results. Our cross-disciplinary study highlights the need to integrate an understanding of the natural and anthropogenic EMF environment together with the responses of sensitive animals when planning future cable deployments and predicting their environmental effects.","SCIENTIFIC REPORTS","journalArticle","NOISE; RENEWABLE ENERGY; LOCOMOTION; FORAGING BEHAVIOR; LOBSTER; OCEAN; MAGNETIC ORIENTATION; ELASMOBRANCH; MODE; SKATE",NA,"2045-2322","10.1038/s41598-020-60793-x",NA,"","1","10","CARLIER Antoine","","","","","carlier","","","X","","","","","Article","No - Continue","No - Continue","No - Continue","Benthic macro-invertebrates ","","Homarus americanus","American lobster",NA,NA,NA,NA,NA,"No",0,"Physical","","Input of other forms of energy","","No",NA,NA,NA,NA,"No",NA,NA,NA,"Yes",NA,NA,NA,NA,NA,"Effect",NA,NA,"No",NA,NA,NA,NA,"No",NA,NA,NA,"No",NA,NA,"No",NA,NA,"Tables 1, 3; Fig 2","No","No","No","Yes","No","No","No","No","No","Yes","No","No","No","No","No","No","No","No","No","Yes","No","No",NA,NA,NA,NA,NA,NA,NA,NA,NA,"USA","39.172676, -100.749271","ATLANTIC OCEAN - North",NA,"49.336908, -36.372865",2016,2016,0.1666,"2",NA,"Yes","No","No","No","No","No",NA,"Yes","Unsure","No","No","","No","","No","","Inlcuded",41,1,1,NA,NA,NA,NA,NA,NA,NA,NA,NA,NA,NA,NA,NA,NA,NA,NA,NA,NA,NA,NA,NA,"merged"
"241","XBRPISMX","EPPI-Reviewer ID: 97840234","Hutchison (2020)","Hutchison ZL; Gill AB; Sigray P; He HB; King JW",2020,"Anthropogenic electromagnetic fields (EMF) influence the behaviour of bottom-dwelling marine species","Many marine animals have evolved sensory abilities to use electric and magnetic cues in essential aspects of life history, such as to detect prey, predators and mates as well as to orientate and migrate. Potential disruption of vital cues by human activities must be understood in order to mitigate potential negative influences. Cable deployments in coastal waters are increasing worldwide, in capacity and number, owing to growing demands for electrical power and telecommunications. Increasingly, the local electromagnetic environment used by electro- and magneto-sensitive species will be altered. We quantified biologically relevant behavioural responses of the presumed, magneto-receptive American lobster and the electro-sensitive Little skate to electromagnetic field (EMF) emissions of a subsea high voltage direct current (HVDC) transmission cable for domestic electricity supply. We demonstrate a striking increase in exploratory/foraging behaviour in skates in response to EMF and a more subtle exploratory response in lobsters. In addition, by directly measuring both the magnetic and electric field components of the EMF emitted by HVDC cables we found that there were DC and unexpectedly AC components. Modelling, restricted to the DC component, showed good agreement with measured results. Our cross-disciplinary study highlights the need to integrate an understanding of the natural and anthropogenic EMF environment together with the responses of sensitive animals when planning future cable deployments and predicting their environmental effects.","SCIENTIFIC REPORTS","journalArticle","NOISE; RENEWABLE ENERGY; LOCOMOTION; FORAGING BEHAVIOR; LOBSTER; OCEAN; MAGNETIC ORIENTATION; ELASMOBRANCH; MODE; SKATE","2045-2322","10.1038/s41598-020-60793-x",NA,"1",10,"CARLIER Antoine","carlier","Fish",NA,"Input of other forms of energy",NA,"yes",6,"Leucoraja erinacea","NS","NA","adult","NS",NA,"not specified","yes","yes","sensitivity known","""Since bottom-dwelling EM-sensitive organisms are most likely to encounter the EMF of subsea buried cables25, we focused on two benthic species of ecological and commercial importance. The Little skate, Leucoraja erinacea, is a good model organism for the electro-sensitive elasmobranchs, with a well-understood sensory system used when foraging26–30 and that exhibits short distance onshore/offshore seasonal migrations31""","DC","0.97","mV/m","NS","NA","NA","Table 4","DC","6.5300000000000002E-5","NA","""The maximal magnetic fields on the seabed in the treatment enclosure at these power levels were 51.6, 55.3 and 65.3 μT, respectively, which is a maximal positive deviation of 0.3, 4.0 and 14 μT from the Earth’s magnetic field (51.3 μT). The power in the cable during the lobster study was constant at 330 MW (1175 A, max 65.3 μT).""","NA","NA","NA","NA","NA","NA","NA","NA","3.7","21","hours","0.875","ponctual","continuous","variable","water-sediment interface","""In total, during the skate study, the cable was powered (i.e. >0 MW) for 62.4% of the time with the mean power level during the exposure period being 118 MW (sd = 94.32). The electrical power varied between 0 and a maximum of 330 MW; 0 (37.5% of the time), 100 (28.6%) and 330 MW (15.2%), corresponding to electrical currents of 16, 345, and 1175 Amps. The maximal magnetic fields on the seabed in the treatment enclosure at these power levels were 51.6, 55.3 and 65.3 μT, respectively, which is a maximal positive deviation of 0.3, 4.0 and 14 μT from the Earth’s magnetic field (51.3 μT).""","51.3","NA","no","no","NA","NA","attraction, repulsion, other","quantitative","spatial distribution","spatial distribution","coordinates","mixed","yes","reversible","Tables 1, 2","direct","Skate behaviour. There were significant differences in the total distance travelled by skates, their speed of movement, proportion of large turns and their height from seabed when compared between the behaviour in the control and treatment enclosure.","NA","NA","NA","NA","NA","118000","burried","no protection","8","5","YES","Yes","impacts on skate are more evident (distance travelled)","In situ experimental study, with realistic conditions (except presence of enclosures)","XBRPISMX","EPPI-Reviewer ID: 97840234","Hutchison (2020)","Hutchison ZL; Gill AB; Sigray P; He HB; King JW",2020,"Anthropogenic electromagnetic fields (EMF) influence the behaviour of bottom-dwelling marine species","Many marine animals have evolved sensory abilities to use electric and magnetic cues in essential aspects of life history, such as to detect prey, predators and mates as well as to orientate and migrate. Potential disruption of vital cues by human activities must be understood in order to mitigate potential negative influences. Cable deployments in coastal waters are increasing worldwide, in capacity and number, owing to growing demands for electrical power and telecommunications. Increasingly, the local electromagnetic environment used by electro- and magneto-sensitive species will be altered. We quantified biologically relevant behavioural responses of the presumed, magneto-receptive American lobster and the electro-sensitive Little skate to electromagnetic field (EMF) emissions of a subsea high voltage direct current (HVDC) transmission cable for domestic electricity supply. We demonstrate a striking increase in exploratory/foraging behaviour in skates in response to EMF and a more subtle exploratory response in lobsters. In addition, by directly measuring both the magnetic and electric field components of the EMF emitted by HVDC cables we found that there were DC and unexpectedly AC components. Modelling, restricted to the DC component, showed good agreement with measured results. Our cross-disciplinary study highlights the need to integrate an understanding of the natural and anthropogenic EMF environment together with the responses of sensitive animals when planning future cable deployments and predicting their environmental effects.","SCIENTIFIC REPORTS","journalArticle","NOISE; RENEWABLE ENERGY; LOCOMOTION; FORAGING BEHAVIOR; LOBSTER; OCEAN; MAGNETIC ORIENTATION; ELASMOBRANCH; MODE; SKATE",NA,"2045-2322","10.1038/s41598-020-60793-x",NA,"","1","10","CARLIER Antoine","","","","","carlier","","","X","","","","","Study","No - Continue","No - Continue","No - Continue","Fish","","Leucoraja erinacea","Little skate",NA,NA,NA,NA,NA,"No",0,"Physical","","Input of other forms of energy","","No",NA,NA,NA,NA,"No",NA,NA,NA,"Yes",NA,NA,NA,NA,NA,"Effect","Effect",NA,"No",NA,NA,NA,NA,"No",NA,NA,NA,"No",NA,NA,"No",NA,NA,"Tables 1, 2; Fig 1","No","No","No","Yes","No","No","No","No","No","Yes","No","No","No","No","No","No","No","No","No","Yes","No","No",NA,NA,NA,NA,NA,NA,NA,NA,NA,"USA","39.172676, -100.749271","ATLANTIC OCEAN - North",NA,"49.336908, -36.372865",2016,2016,0.1666,"2",NA,"Yes","No","No","No","No","No",NA,"Yes","Unsure","No","No","","No","","No","","Inlcuded",42,1,1,NA,NA,NA,NA,NA,NA,NA,NA,NA,NA,NA,NA,NA,NA,NA,NA,NA,NA,NA,NA,NA,"merged"
"241","XBRPISMX","EPPI-Reviewer ID: 97840234","Hutchison (2020)","Hutchison ZL; Gill AB; Sigray P; He HB; King JW",2020,"Anthropogenic electromagnetic fields (EMF) influence the behaviour of bottom-dwelling marine species","Many marine animals have evolved sensory abilities to use electric and magnetic cues in essential aspects of life history, such as to detect prey, predators and mates as well as to orientate and migrate. Potential disruption of vital cues by human activities must be understood in order to mitigate potential negative influences. Cable deployments in coastal waters are increasing worldwide, in capacity and number, owing to growing demands for electrical power and telecommunications. Increasingly, the local electromagnetic environment used by electro- and magneto-sensitive species will be altered. We quantified biologically relevant behavioural responses of the presumed, magneto-receptive American lobster and the electro-sensitive Little skate to electromagnetic field (EMF) emissions of a subsea high voltage direct current (HVDC) transmission cable for domestic electricity supply. We demonstrate a striking increase in exploratory/foraging behaviour in skates in response to EMF and a more subtle exploratory response in lobsters. In addition, by directly measuring both the magnetic and electric field components of the EMF emitted by HVDC cables we found that there were DC and unexpectedly AC components. Modelling, restricted to the DC component, showed good agreement with measured results. Our cross-disciplinary study highlights the need to integrate an understanding of the natural and anthropogenic EMF environment together with the responses of sensitive animals when planning future cable deployments and predicting their environmental effects.","SCIENTIFIC REPORTS","journalArticle","NOISE; RENEWABLE ENERGY; LOCOMOTION; FORAGING BEHAVIOR; LOBSTER; OCEAN; MAGNETIC ORIENTATION; ELASMOBRANCH; MODE; SKATE","2045-2322","10.1038/s41598-020-60793-x",NA,"1",10,"CARLIER Antoine","carlier","Fish",NA,"Input of other forms of energy",NA,"yes",7,"Leucoraja erinacea","NS","NA","adult","NS",NA,"not specified","yes","yes","sensitivity known","""Since bottom-dwelling EM-sensitive organisms are most likely to encounter the EMF of subsea buried cables25, we focused on two benthic species of ecological and commercial importance. The Little skate, Leucoraja erinacea, is a good model organism for the electro-sensitive elasmobranchs, with a well-understood sensory system used when foraging26–30 and that exhibits short distance onshore/offshore seasonal migrations31""","DC","0.97","mV/m","NS","NA","NA","Table 4","DC","6.5300000000000002E-5","NA","""The maximal magnetic fields on the seabed in the treatment enclosure at these power levels were 51.6, 55.3 and 65.3 μT, respectively, which is a maximal positive deviation of 0.3, 4.0 and 14 μT from the Earth’s magnetic field (51.3 μT). The power in the cable during the lobster study was constant at 330 MW (1175 A, max 65.3 μT).""","NA","NA","NA","NA","NA","NA","NA","NA","3.7","21","hours","0.875","ponctual","continuous","variable","water-sediment interface","""In total, during the skate study, the cable was powered (i.e. >0 MW) for 62.4% of the time with the mean power level during the exposure period being 118 MW (sd = 94.32). The electrical power varied between 0 and a maximum of 330 MW; 0 (37.5% of the time), 100 (28.6%) and 330 MW (15.2%), corresponding to electrical currents of 16, 345, and 1175 Amps. The maximal magnetic fields on the seabed in the treatment enclosure at these power levels were 51.6, 55.3 and 65.3 μT, respectively, which is a maximal positive deviation of 0.3, 4.0 and 14 μT from the Earth’s magnetic field (51.3 μT).""","51.3","NA","no","no","NA","NA","other","quantitative","activity","distance travelled","km","increase","yes","reversible","Table 1, Fig 1a","direct","Skate behaviour. There were significant differences in the total distance travelled by skates, their speed of movement, proportion of large turns and their height from seabed when compared between the behaviour in the control and treatment enclosure.","NA","NA","NA","NA","NA","118000","burried","no protection","8","5","YES","Yes","impacts on skate are more evident (distance travelled)","In situ experimental study, with realistic conditions (except presence of enclosures)","XBRPISMX","EPPI-Reviewer ID: 97840234","Hutchison (2020)","Hutchison ZL; Gill AB; Sigray P; He HB; King JW",2020,"Anthropogenic electromagnetic fields (EMF) influence the behaviour of bottom-dwelling marine species","Many marine animals have evolved sensory abilities to use electric and magnetic cues in essential aspects of life history, such as to detect prey, predators and mates as well as to orientate and migrate. Potential disruption of vital cues by human activities must be understood in order to mitigate potential negative influences. Cable deployments in coastal waters are increasing worldwide, in capacity and number, owing to growing demands for electrical power and telecommunications. Increasingly, the local electromagnetic environment used by electro- and magneto-sensitive species will be altered. We quantified biologically relevant behavioural responses of the presumed, magneto-receptive American lobster and the electro-sensitive Little skate to electromagnetic field (EMF) emissions of a subsea high voltage direct current (HVDC) transmission cable for domestic electricity supply. We demonstrate a striking increase in exploratory/foraging behaviour in skates in response to EMF and a more subtle exploratory response in lobsters. In addition, by directly measuring both the magnetic and electric field components of the EMF emitted by HVDC cables we found that there were DC and unexpectedly AC components. Modelling, restricted to the DC component, showed good agreement with measured results. Our cross-disciplinary study highlights the need to integrate an understanding of the natural and anthropogenic EMF environment together with the responses of sensitive animals when planning future cable deployments and predicting their environmental effects.","SCIENTIFIC REPORTS","journalArticle","NOISE; RENEWABLE ENERGY; LOCOMOTION; FORAGING BEHAVIOR; LOBSTER; OCEAN; MAGNETIC ORIENTATION; ELASMOBRANCH; MODE; SKATE",NA,"2045-2322","10.1038/s41598-020-60793-x",NA,"","1","10","CARLIER Antoine","","","","","carlier","","","X","","","","","Study","No - Continue","No - Continue","No - Continue","Fish","","Leucoraja erinacea","Little skate",NA,NA,NA,NA,NA,"No",0,"Physical","","Input of other forms of energy","","No",NA,NA,NA,NA,"No",NA,NA,NA,"Yes",NA,NA,NA,NA,NA,"Effect","Effect",NA,"No",NA,NA,NA,NA,"No",NA,NA,NA,"No",NA,NA,"No",NA,NA,"Tables 1, 2; Fig 1","No","No","No","Yes","No","No","No","No","No","Yes","No","No","No","No","No","No","No","No","No","Yes","No","No",NA,NA,NA,NA,NA,NA,NA,NA,NA,"USA","39.172676, -100.749271","ATLANTIC OCEAN - North",NA,"49.336908, -36.372865",2016,2016,0.1666,"2",NA,"Yes","No","No","No","No","No",NA,"Yes","Unsure","No","No","","No","","No","","Inlcuded",43,1,1,NA,NA,NA,NA,NA,NA,NA,NA,NA,NA,NA,NA,NA,NA,NA,NA,NA,NA,NA,NA,NA,"merged"
"241","XBRPISMX","EPPI-Reviewer ID: 97840234","Hutchison (2020)","Hutchison ZL; Gill AB; Sigray P; He HB; King JW",2020,"Anthropogenic electromagnetic fields (EMF) influence the behaviour of bottom-dwelling marine species","Many marine animals have evolved sensory abilities to use electric and magnetic cues in essential aspects of life history, such as to detect prey, predators and mates as well as to orientate and migrate. Potential disruption of vital cues by human activities must be understood in order to mitigate potential negative influences. Cable deployments in coastal waters are increasing worldwide, in capacity and number, owing to growing demands for electrical power and telecommunications. Increasingly, the local electromagnetic environment used by electro- and magneto-sensitive species will be altered. We quantified biologically relevant behavioural responses of the presumed, magneto-receptive American lobster and the electro-sensitive Little skate to electromagnetic field (EMF) emissions of a subsea high voltage direct current (HVDC) transmission cable for domestic electricity supply. We demonstrate a striking increase in exploratory/foraging behaviour in skates in response to EMF and a more subtle exploratory response in lobsters. In addition, by directly measuring both the magnetic and electric field components of the EMF emitted by HVDC cables we found that there were DC and unexpectedly AC components. Modelling, restricted to the DC component, showed good agreement with measured results. Our cross-disciplinary study highlights the need to integrate an understanding of the natural and anthropogenic EMF environment together with the responses of sensitive animals when planning future cable deployments and predicting their environmental effects.","SCIENTIFIC REPORTS","journalArticle","NOISE; RENEWABLE ENERGY; LOCOMOTION; FORAGING BEHAVIOR; LOBSTER; OCEAN; MAGNETIC ORIENTATION; ELASMOBRANCH; MODE; SKATE","2045-2322","10.1038/s41598-020-60793-x",NA,"1",10,"CARLIER Antoine","carlier","Fish",NA,"Input of other forms of energy",NA,"yes",8,"Leucoraja erinacea","NS","NA","adult","NS",NA,"not specified","yes","yes","sensitivity known","""Since bottom-dwelling EM-sensitive organisms are most likely to encounter the EMF of subsea buried cables25, we focused on two benthic species of ecological and commercial importance. The Little skate, Leucoraja erinacea, is a good model organism for the electro-sensitive elasmobranchs, with a well-understood sensory system used when foraging26–30 and that exhibits short distance onshore/offshore seasonal migrations31""","DC","0.97","mV/m","NS","NA","NA","Table 4","DC","6.5300000000000002E-5","NA","""The maximal magnetic fields on the seabed in the treatment enclosure at these power levels were 51.6, 55.3 and 65.3 μT, respectively, which is a maximal positive deviation of 0.3, 4.0 and 14 μT from the Earth’s magnetic field (51.3 μT). The power in the cable during the lobster study was constant at 330 MW (1175 A, max 65.3 μT).""","NA","NA","NA","NA","NA","NA","NA","NA","3.7","21","hours","0.875","ponctual","continuous","variable","water-sediment interface","""In total, during the skate study, the cable was powered (i.e. >0 MW) for 62.4% of the time with the mean power level during the exposure period being 118 MW (sd = 94.32). The electrical power varied between 0 and a maximum of 330 MW; 0 (37.5% of the time), 100 (28.6%) and 330 MW (15.2%), corresponding to electrical currents of 16, 345, and 1175 Amps. The maximal magnetic fields on the seabed in the treatment enclosure at these power levels were 51.6, 55.3 and 65.3 μT, respectively, which is a maximal positive deviation of 0.3, 4.0 and 14 μT from the Earth’s magnetic field (51.3 μT).""","51.3","NA","no","no","NA","NA","other","quantitative","swimming behaviour","swimming speed","cm/s","no impact/negligible","no","reversible","Fig 1b, Tables 2","direct","Skate behaviour. There were significant differences in the total distance travelled by skates, their speed of movement, proportion of large turns and their height from seabed when compared between the behaviour in the control and treatment enclosure.","NA","NA","NA","NA","NA","118000","burried","no protection","8","5","YES","Yes","impacts on skate are more evident (distance travelled)","In situ experimental study, with realistic conditions (except presence of enclosures)","XBRPISMX","EPPI-Reviewer ID: 97840234","Hutchison (2020)","Hutchison ZL; Gill AB; Sigray P; He HB; King JW",2020,"Anthropogenic electromagnetic fields (EMF) influence the behaviour of bottom-dwelling marine species","Many marine animals have evolved sensory abilities to use electric and magnetic cues in essential aspects of life history, such as to detect prey, predators and mates as well as to orientate and migrate. Potential disruption of vital cues by human activities must be understood in order to mitigate potential negative influences. Cable deployments in coastal waters are increasing worldwide, in capacity and number, owing to growing demands for electrical power and telecommunications. Increasingly, the local electromagnetic environment used by electro- and magneto-sensitive species will be altered. We quantified biologically relevant behavioural responses of the presumed, magneto-receptive American lobster and the electro-sensitive Little skate to electromagnetic field (EMF) emissions of a subsea high voltage direct current (HVDC) transmission cable for domestic electricity supply. We demonstrate a striking increase in exploratory/foraging behaviour in skates in response to EMF and a more subtle exploratory response in lobsters. In addition, by directly measuring both the magnetic and electric field components of the EMF emitted by HVDC cables we found that there were DC and unexpectedly AC components. Modelling, restricted to the DC component, showed good agreement with measured results. Our cross-disciplinary study highlights the need to integrate an understanding of the natural and anthropogenic EMF environment together with the responses of sensitive animals when planning future cable deployments and predicting their environmental effects.","SCIENTIFIC REPORTS","journalArticle","NOISE; RENEWABLE ENERGY; LOCOMOTION; FORAGING BEHAVIOR; LOBSTER; OCEAN; MAGNETIC ORIENTATION; ELASMOBRANCH; MODE; SKATE",NA,"2045-2322","10.1038/s41598-020-60793-x",NA,"","1","10","CARLIER Antoine","","","","","carlier","","","X","","","","","Study","No - Continue","No - Continue","No - Continue","Fish","","Leucoraja erinacea","Little skate",NA,NA,NA,NA,NA,"No",0,"Physical","","Input of other forms of energy","","No",NA,NA,NA,NA,"No",NA,NA,NA,"Yes",NA,NA,NA,NA,NA,"Effect","Effect",NA,"No",NA,NA,NA,NA,"No",NA,NA,NA,"No",NA,NA,"No",NA,NA,"Tables 1, 2; Fig 1","No","No","No","Yes","No","No","No","No","No","Yes","No","No","No","No","No","No","No","No","No","Yes","No","No",NA,NA,NA,NA,NA,NA,NA,NA,NA,"USA","39.172676, -100.749271","ATLANTIC OCEAN - North",NA,"49.336908, -36.372865",2016,2016,0.1666,"2",NA,"Yes","No","No","No","No","No",NA,"Yes","Unsure","No","No","","No","","No","","Inlcuded",44,1,1,NA,NA,NA,NA,NA,NA,NA,NA,NA,NA,NA,NA,NA,NA,NA,NA,NA,NA,NA,NA,NA,"merged"
"241","XBRPISMX","EPPI-Reviewer ID: 97840234","Hutchison (2020)","Hutchison ZL; Gill AB; Sigray P; He HB; King JW",2020,"Anthropogenic electromagnetic fields (EMF) influence the behaviour of bottom-dwelling marine species","Many marine animals have evolved sensory abilities to use electric and magnetic cues in essential aspects of life history, such as to detect prey, predators and mates as well as to orientate and migrate. Potential disruption of vital cues by human activities must be understood in order to mitigate potential negative influences. Cable deployments in coastal waters are increasing worldwide, in capacity and number, owing to growing demands for electrical power and telecommunications. Increasingly, the local electromagnetic environment used by electro- and magneto-sensitive species will be altered. We quantified biologically relevant behavioural responses of the presumed, magneto-receptive American lobster and the electro-sensitive Little skate to electromagnetic field (EMF) emissions of a subsea high voltage direct current (HVDC) transmission cable for domestic electricity supply. We demonstrate a striking increase in exploratory/foraging behaviour in skates in response to EMF and a more subtle exploratory response in lobsters. In addition, by directly measuring both the magnetic and electric field components of the EMF emitted by HVDC cables we found that there were DC and unexpectedly AC components. Modelling, restricted to the DC component, showed good agreement with measured results. Our cross-disciplinary study highlights the need to integrate an understanding of the natural and anthropogenic EMF environment together with the responses of sensitive animals when planning future cable deployments and predicting their environmental effects.","SCIENTIFIC REPORTS","journalArticle","NOISE; RENEWABLE ENERGY; LOCOMOTION; FORAGING BEHAVIOR; LOBSTER; OCEAN; MAGNETIC ORIENTATION; ELASMOBRANCH; MODE; SKATE","2045-2322","10.1038/s41598-020-60793-x",NA,"1",10,"CARLIER Antoine","carlier","Fish",NA,"Input of other forms of energy",NA,"yes",9,"Leucoraja erinacea","NS","NA","adult","NS",NA,"not specified","yes","yes","sensitivity known","""Since bottom-dwelling EM-sensitive organisms are most likely to encounter the EMF of subsea buried cables25, we focused on two benthic species of ecological and commercial importance. The Little skate, Leucoraja erinacea, is a good model organism for the electro-sensitive elasmobranchs, with a well-understood sensory system used when foraging26–30 and that exhibits short distance onshore/offshore seasonal migrations31""","DC","0.97","mV/m","NS","NA","NA","Table 4","DC","6.5300000000000002E-5","NA","""The maximal magnetic fields on the seabed in the treatment enclosure at these power levels were 51.6, 55.3 and 65.3 μT, respectively, which is a maximal positive deviation of 0.3, 4.0 and 14 μT from the Earth’s magnetic field (51.3 μT). The power in the cable during the lobster study was constant at 330 MW (1175 A, max 65.3 μT).""","NA","NA","NA","NA","NA","NA","NA","NA","3.7","21","hours","0.875","ponctual","continuous","variable","water-sediment interface","""In total, during the skate study, the cable was powered (i.e. >0 MW) for 62.4% of the time with the mean power level during the exposure period being 118 MW (sd = 94.32). The electrical power varied between 0 and a maximum of 330 MW; 0 (37.5% of the time), 100 (28.6%) and 330 MW (15.2%), corresponding to electrical currents of 16, 345, and 1175 Amps. The maximal magnetic fields on the seabed in the treatment enclosure at these power levels were 51.6, 55.3 and 65.3 μT, respectively, which is a maximal positive deviation of 0.3, 4.0 and 14 μT from the Earth’s magnetic field (51.3 μT).""","51.3","NA","no","no","NA","NA","other","quantitative","activity","proportion of turns","%","increase","yes","reversible","Fig 1c","direct","Skate behaviour. There were significant differences in the total distance travelled by skates, their speed of movement, proportion of large turns and their height from seabed when compared between the behaviour in the control and treatment enclosure.","NA","NA","NA","NA","NA","118000","burried","no protection","8","5","YES","Yes","impacts on skate are more evident (distance travelled)","In situ experimental study, with realistic conditions (except presence of enclosures)","XBRPISMX","EPPI-Reviewer ID: 97840234","Hutchison (2020)","Hutchison ZL; Gill AB; Sigray P; He HB; King JW",2020,"Anthropogenic electromagnetic fields (EMF) influence the behaviour of bottom-dwelling marine species","Many marine animals have evolved sensory abilities to use electric and magnetic cues in essential aspects of life history, such as to detect prey, predators and mates as well as to orientate and migrate. Potential disruption of vital cues by human activities must be understood in order to mitigate potential negative influences. Cable deployments in coastal waters are increasing worldwide, in capacity and number, owing to growing demands for electrical power and telecommunications. Increasingly, the local electromagnetic environment used by electro- and magneto-sensitive species will be altered. We quantified biologically relevant behavioural responses of the presumed, magneto-receptive American lobster and the electro-sensitive Little skate to electromagnetic field (EMF) emissions of a subsea high voltage direct current (HVDC) transmission cable for domestic electricity supply. We demonstrate a striking increase in exploratory/foraging behaviour in skates in response to EMF and a more subtle exploratory response in lobsters. In addition, by directly measuring both the magnetic and electric field components of the EMF emitted by HVDC cables we found that there were DC and unexpectedly AC components. Modelling, restricted to the DC component, showed good agreement with measured results. Our cross-disciplinary study highlights the need to integrate an understanding of the natural and anthropogenic EMF environment together with the responses of sensitive animals when planning future cable deployments and predicting their environmental effects.","SCIENTIFIC REPORTS","journalArticle","NOISE; RENEWABLE ENERGY; LOCOMOTION; FORAGING BEHAVIOR; LOBSTER; OCEAN; MAGNETIC ORIENTATION; ELASMOBRANCH; MODE; SKATE",NA,"2045-2322","10.1038/s41598-020-60793-x",NA,"","1","10","CARLIER Antoine","","","","","carlier","","","X","","","","","Study","No - Continue","No - Continue","No - Continue","Fish","","Leucoraja erinacea","Little skate",NA,NA,NA,NA,NA,"No",0,"Physical","","Input of other forms of energy","","No",NA,NA,NA,NA,"No",NA,NA,NA,"Yes",NA,NA,NA,NA,NA,"Effect","Effect",NA,"No",NA,NA,NA,NA,"No",NA,NA,NA,"No",NA,NA,"No",NA,NA,"Tables 1, 2; Fig 1","No","No","No","Yes","No","No","No","No","No","Yes","No","No","No","No","No","No","No","No","No","Yes","No","No",NA,NA,NA,NA,NA,NA,NA,NA,NA,"USA","39.172676, -100.749271","ATLANTIC OCEAN - North",NA,"49.336908, -36.372865",2016,2016,0.1666,"2",NA,"Yes","No","No","No","No","No",NA,"Yes","Unsure","No","No","","No","","No","","Inlcuded",45,1,1,NA,NA,NA,NA,NA,NA,NA,NA,NA,NA,NA,NA,NA,NA,NA,NA,NA,NA,NA,NA,NA,"merged"
"241","XBRPISMX","EPPI-Reviewer ID: 97840234","Hutchison (2020)","Hutchison ZL; Gill AB; Sigray P; He HB; King JW",2020,"Anthropogenic electromagnetic fields (EMF) influence the behaviour of bottom-dwelling marine species","Many marine animals have evolved sensory abilities to use electric and magnetic cues in essential aspects of life history, such as to detect prey, predators and mates as well as to orientate and migrate. Potential disruption of vital cues by human activities must be understood in order to mitigate potential negative influences. Cable deployments in coastal waters are increasing worldwide, in capacity and number, owing to growing demands for electrical power and telecommunications. Increasingly, the local electromagnetic environment used by electro- and magneto-sensitive species will be altered. We quantified biologically relevant behavioural responses of the presumed, magneto-receptive American lobster and the electro-sensitive Little skate to electromagnetic field (EMF) emissions of a subsea high voltage direct current (HVDC) transmission cable for domestic electricity supply. We demonstrate a striking increase in exploratory/foraging behaviour in skates in response to EMF and a more subtle exploratory response in lobsters. In addition, by directly measuring both the magnetic and electric field components of the EMF emitted by HVDC cables we found that there were DC and unexpectedly AC components. Modelling, restricted to the DC component, showed good agreement with measured results. Our cross-disciplinary study highlights the need to integrate an understanding of the natural and anthropogenic EMF environment together with the responses of sensitive animals when planning future cable deployments and predicting their environmental effects.","SCIENTIFIC REPORTS","journalArticle","NOISE; RENEWABLE ENERGY; LOCOMOTION; FORAGING BEHAVIOR; LOBSTER; OCEAN; MAGNETIC ORIENTATION; ELASMOBRANCH; MODE; SKATE","2045-2322","10.1038/s41598-020-60793-x",NA,"1",10,"CARLIER Antoine","carlier","Fish",NA,"Input of other forms of energy",NA,"yes",10,"Leucoraja erinacea","NS","NA","adult","NS",NA,"not specified","yes","yes","sensitivity known","""Since bottom-dwelling EM-sensitive organisms are most likely to encounter the EMF of subsea buried cables25, we focused on two benthic species of ecological and commercial importance. The Little skate, Leucoraja erinacea, is a good model organism for the electro-sensitive elasmobranchs, with a well-understood sensory system used when foraging26–30 and that exhibits short distance onshore/offshore seasonal migrations31""","DC","0.97","mV/m","NS","NA","NA","Table 4","DC","6.5300000000000002E-5","NA","""The maximal magnetic fields on the seabed in the treatment enclosure at these power levels were 51.6, 55.3 and 65.3 μT, respectively, which is a maximal positive deviation of 0.3, 4.0 and 14 μT from the Earth’s magnetic field (51.3 μT). The power in the cable during the lobster study was constant at 330 MW (1175 A, max 65.3 μT).""","NA","NA","NA","NA","NA","NA","NA","NA","3.7","21","hours","0.875","ponctual","continuous","variable","water-sediment interface","""In total, during the skate study, the cable was powered (i.e. >0 MW) for 62.4% of the time with the mean power level during the exposure period being 118 MW (sd = 94.32). The electrical power varied between 0 and a maximum of 330 MW; 0 (37.5% of the time), 100 (28.6%) and 330 MW (15.2%), corresponding to electrical currents of 16, 345, and 1175 Amps. The maximal magnetic fields on the seabed in the treatment enclosure at these power levels were 51.6, 55.3 and 65.3 μT, respectively, which is a maximal positive deviation of 0.3, 4.0 and 14 μT from the Earth’s magnetic field (51.3 μT).""","51.3","NA","no","no","NA","NA","attraction, repulsion, other","quantitative","spatial distribution","height from seabed","cm","decrease","yes","reversible","Fig 1e","direct","Skate behaviour. There were significant differences in the total distance travelled by skates, their speed of movement, proportion of large turns and their height from seabed when compared between the behaviour in the control and treatment enclosure.","NA","NA","NA","NA","NA","118000","burried","no protection","8","5","YES","Yes","impacts on skate are more evident (distance travelled)","In situ experimental study, with realistic conditions (except presence of enclosures)","XBRPISMX","EPPI-Reviewer ID: 97840234","Hutchison (2020)","Hutchison ZL; Gill AB; Sigray P; He HB; King JW",2020,"Anthropogenic electromagnetic fields (EMF) influence the behaviour of bottom-dwelling marine species","Many marine animals have evolved sensory abilities to use electric and magnetic cues in essential aspects of life history, such as to detect prey, predators and mates as well as to orientate and migrate. Potential disruption of vital cues by human activities must be understood in order to mitigate potential negative influences. Cable deployments in coastal waters are increasing worldwide, in capacity and number, owing to growing demands for electrical power and telecommunications. Increasingly, the local electromagnetic environment used by electro- and magneto-sensitive species will be altered. We quantified biologically relevant behavioural responses of the presumed, magneto-receptive American lobster and the electro-sensitive Little skate to electromagnetic field (EMF) emissions of a subsea high voltage direct current (HVDC) transmission cable for domestic electricity supply. We demonstrate a striking increase in exploratory/foraging behaviour in skates in response to EMF and a more subtle exploratory response in lobsters. In addition, by directly measuring both the magnetic and electric field components of the EMF emitted by HVDC cables we found that there were DC and unexpectedly AC components. Modelling, restricted to the DC component, showed good agreement with measured results. Our cross-disciplinary study highlights the need to integrate an understanding of the natural and anthropogenic EMF environment together with the responses of sensitive animals when planning future cable deployments and predicting their environmental effects.","SCIENTIFIC REPORTS","journalArticle","NOISE; RENEWABLE ENERGY; LOCOMOTION; FORAGING BEHAVIOR; LOBSTER; OCEAN; MAGNETIC ORIENTATION; ELASMOBRANCH; MODE; SKATE",NA,"2045-2322","10.1038/s41598-020-60793-x",NA,"","1","10","CARLIER Antoine","","","","","carlier","","","X","","","","","Study","No - Continue","No - Continue","No - Continue","Fish","","Leucoraja erinacea","Little skate",NA,NA,NA,NA,NA,"No",0,"Physical","","Input of other forms of energy","","No",NA,NA,NA,NA,"No",NA,NA,NA,"Yes",NA,NA,NA,NA,NA,"Effect","Effect",NA,"No",NA,NA,NA,NA,"No",NA,NA,NA,"No",NA,NA,"No",NA,NA,"Tables 1, 2; Fig 1","No","No","No","Yes","No","No","No","No","No","Yes","No","No","No","No","No","No","No","No","No","Yes","No","No",NA,NA,NA,NA,NA,NA,NA,NA,NA,"USA","39.172676, -100.749271","ATLANTIC OCEAN - North",NA,"49.336908, -36.372865",2016,2016,0.1666,"2",NA,"Yes","No","No","No","No","No",NA,"Yes","Unsure","No","No","","No","","No","","Inlcuded",46,1,1,NA,NA,NA,NA,NA,NA,NA,NA,NA,NA,NA,NA,NA,NA,NA,NA,NA,NA,NA,NA,NA,"merged"
"246","NF4E3NV3","EPPI-Reviewer ID: 97355655","Jakubowska (2021)","Jakubowska M; Greszkiewicz M; Fey DP; Otremba Z; Urban-Malinga B; Andrulewicz E",2021,"Effects of magnetic fields related to submarine power cables on the behaviour of larval rainbow trout ( Oncorhynchus mykiss )","The aim of this study was to determine the effects of artificial magnetic fields on the behaviour of rainbow trout (Oncorhynchus mykiss) larvae. Individuals (from the eyed egg stage) were exposed to a static magnetic field (SMF) of 10 mT or a low-frequency alternating (electromagnetic) field (EMF) of 1 mT, whereas larvae in the control treatment were reared under a natural geomagnetic field (GMF). After 40 days exposure, larvae were tested for 46 h for their attraction to or avoidance of magnetic fields. None of the groups of larvae avoided either the static or alternating field. By contrast, a mean of 54-60% of individuals was recorded in magnetic fields. Moreover, larvae exposed to SMF or EMF were more attracted to their respective magnetic field than individuals reared under a natural GMF. In addition, no stress response (i.e. a change in the oxygen consumption rate) was recorded for O. mykiss larvae exposed to magnetic fields. These results suggest, for the first time, that early life stages of rainbow trout can detect and are attracted to artificial magnetic fields of a magnitude recorded in the vicinity of submarine cables, with no visible signs of stress (i.e. increased oxygen consumption).","MARINE AND FRESHWATER RESEARCH","journalArticle","FISH; LARVA; OFFSHORE WIND FARMS; ELECTROMAGNETIC-FIELDS; RENEWABLE ENERGY; EMBRYOS; MAGNETIC FIELD; RESPIRATION; SOCKEYE-SALMON; MAGNETORECEPTION; ORIENTATION; CABLE; SUBMARINE CABLES; LARVAL DEVELOPMENT; ONCORHYNCHUS MYKISS; SALMON SALMO-SALAR; SALMONID; SALMONIDAE; SALMONIDS; STRESS-RESPONSE","1448-6059","10.1071/mf20236","1196-1207","8",72,"SENTCHEV Alexeï","sentchev","Fish",NA,"Input of other forms of energy",NA,"yes",1,"Oncorhynchus mykiss","other","freshwater salmonid","larval","NS",NA,"not specified","not specified","not specified","sensitivity known","""The acquisition of the ability to distinguish between the presence and absence of an artificial magnetic field during exposure is not entirely surprising, because it was previously observed in juvenile O. mykiss specially trained for that discrimination (Walker et al. 1997; Haugh and Walker 1998). The magnetoreception in rainbow trout has also been confirmed by Chew and Brown (1989), who indicated that the absence of a natural magnetic field results in the loss of directional orientation of this species, and by Hellinger and Hoffmann (2009, 2012), who demonstrated that rainbow trout can detect field intensity, direction and inclination. It was also documented that a distorted SMF (in terms of value and inclination angle) negatively affected the orientation of the juvenile steelhead trout, an anadromous form of O. mykiss (Putman et al. 2014b).""","DC","NS","NA","30","A","NA","""The electric current in the coils (up to 30 A) required to generate SMF is provided by two laboratory switching mode power supplies (HCS-3602, Manson, Hong Kong, PR China). To produce EMF, the generator is powered by AC by the encased regulating autotransformer (KIEA 15, Breve Tufvassons, Ło´dz´, Poland) and two isolation transformers (PFS60, Breve Tufvassons). The generator is equipped with a teslameter (13610-93, Phywe, Gottingen, Germany) and gaussmeter (GM-2, AlphaLab, Salt Lake City, UT, USA), allowing us to adjust and continuously monitor the value of the magnetic induction of both SMF and EMF. The generator produces a stable, spatially uniform SMF with magnetic induction values of 0–15 mT and an EMF with a frequency of 50 Hz and induction values of 0–1 mT.""","DC","0.01","NA","""The electric current in the coils (up to 30 A) required to generate SMF is provided by two laboratory switching mode power supplies (HCS-3602, Manson, Hong Kong, PR China). To produce EMF, the generator is powered by AC by the encased regulating autotransformer (KIEA 15, Breve Tufvassons, Ło´dz´, Poland) and two isolation transformers (PFS60, Breve Tufvassons). The generator is equipped with a teslameter (13610-93, Phywe, Gottingen, Germany) and gaussmeter (GM-2, AlphaLab, Salt Lake City, UT, USA), allowing us to adjust and continuously monitor the value of the magnetic induction of both SMF and EMF. The generator produces a stable, spatially uniform SMF with magnetic induction values of 0–15 mT and an EMF with a frequency of 50 Hz and induction values of 0–1 mT.""","NA","NA","NA","NA","NA","NA","NA","NA","0","40","days","40","chronical","continuous","steady","water-sediment interface","""Before the behavioural experiments and the measurement of respiration rate, rainbow trout embryos were exposed to artificial magnetic fields, either an SMF of 10mTor anEMF of 1 mT. In each of these two independent (and in subsequent) experiments, 1500 O. mykiss individuals (eggs and, after hatching, larvae) were exposed for 40 days to either SMF or EMF in the experimental aquaria (Fig. 1a) and another 1500 eggs were exposed to the natural GMF (Fig. 1b), which served as a control.""","50","NA","no","no","NA","NA","NA","quantitative","mortality","survival rate","% of alive individual after 40 days of exposition","no impact/negligible","NA","NA","""The survival rates of embryos and of hatched larvae were high (.90% in all treatments) and not affected by SMF or EMF. The effects of magnetic fields on the growth of larval O. mykiss have been described by Fey et al. (2019b). All larvae were swimming after 31–33 days of exposure, depending on the treatment.""","direct","NA","NA","NA","NA","NA","NA","NA","NA","NA","3","500","YES","Yes","Experimental lab study . The results suggest that early life stages of rainbow trout can detect and are attracted to artificial magnetic fields of a magnitude recorded in the vicinity of submarine cables, with no visible signs of stress (i.e. increased oxygen consumption).",NA,"NF4E3NV3","EPPI-Reviewer ID: 97355655","Jakubowska (2021)","Jakubowska M; Greszkiewicz M; Fey DP; Otremba Z; Urban-Malinga B; Andrulewicz E",2021,"Effects of magnetic fields related to submarine power cables on the behaviour of larval rainbow trout ( Oncorhynchus mykiss )","The aim of this study was to determine the effects of artificial magnetic fields on the behaviour of rainbow trout (Oncorhynchus mykiss) larvae. Individuals (from the eyed egg stage) were exposed to a static magnetic field (SMF) of 10 mT or a low-frequency alternating (electromagnetic) field (EMF) of 1 mT, whereas larvae in the control treatment were reared under a natural geomagnetic field (GMF). After 40 days exposure, larvae were tested for 46 h for their attraction to or avoidance of magnetic fields. None of the groups of larvae avoided either the static or alternating field. By contrast, a mean of 54-60% of individuals was recorded in magnetic fields. Moreover, larvae exposed to SMF or EMF were more attracted to their respective magnetic field than individuals reared under a natural GMF. In addition, no stress response (i.e. a change in the oxygen consumption rate) was recorded for O. mykiss larvae exposed to magnetic fields. These results suggest, for the first time, that early life stages of rainbow trout can detect and are attracted to artificial magnetic fields of a magnitude recorded in the vicinity of submarine cables, with no visible signs of stress (i.e. increased oxygen consumption).","MARINE AND FRESHWATER RESEARCH","journalArticle","FISH; LARVA; OFFSHORE WIND FARMS; ELECTROMAGNETIC-FIELDS; RENEWABLE ENERGY; EMBRYOS; MAGNETIC FIELD; RESPIRATION; SOCKEYE-SALMON; MAGNETORECEPTION; ORIENTATION; CABLE; SUBMARINE CABLES; LARVAL DEVELOPMENT; ONCORHYNCHUS MYKISS; SALMON SALMO-SALAR; SALMONID; SALMONIDAE; SALMONIDS; STRESS-RESPONSE",NA,"1448-6059","10.1071/mf20236",NA,"1196-1207","8","72","SENTCHEV Alexeï","","","","","sentchev","","","","","","Reviewd by EP","","Article","No - Continue","No - Continue","No - Continue","Fish","","Oncorhynchus mykiss","rainbow trout",NA,NA,NA,NA,NA,"No",0,"Physical","","Input of other forms of energy","","No",NA,NA,NA,NA,"No",NA,NA,NA,"Yes",NA,NA,"No-Effect",NA,NA,"Mixed-Effect",NA,NA,"No",NA,NA,NA,NA,"No",NA,NA,NA,"No",NA,NA,"No",NA,NA,"Lab. experimenations in control conditions provided tThe first results concerning the effect of both static and alternating magnetic fields on the behaviour and respiration of early life stages of rainbow trout. It may be concluded that neither SMF nor EMF induces an energetically expensive stress response because no detectable changes in metabolic rate(O2 consumption) were observed. Both types of magnetic field caused a slight attraction of larvae, especially those formerly reared and hatched under SMF and EMF conditions.","No","No","Yes","No","No","No","No","No","No","No","Yes","No","No","No","No","No","No","No","No","Yes","No","No",NA,NA,NA,NA,NA,NA,NA,NA,NA,NA,"4.907255, 25.567434",NA,NA,"4.907255, 25.567434",NA,NA,0.0833,"1",NA,"No","No","Yes","No","No","No",NA,"Yes","No","No","No","","No","","No","Alexei: The first results, from Lab experiments,  demonstrated that the effect of both static and alternating magnetic fields on the behaviour and respiration of early life stages of rainbow trout is negligible.  No detectable changes in metabolic rate (O2 consumption) were observed. 
Comment added: Actually there is an attraction of larvae to areas with EMF and SMF (2 different types of magnetic fields). But there is no effect on the respiration rate, and no change in attraction behaviour due to previous rearing under EMF or SMF fields","Inlcuded",47,1,1,NA,NA,NA,NA,NA,NA,NA,NA,NA,NA,NA,NA,NA,NA,NA,NA,NA,NA,NA,NA,NA,"merged"
"246","NF4E3NV3","EPPI-Reviewer ID: 97355655","Jakubowska (2021)","Jakubowska M; Greszkiewicz M; Fey DP; Otremba Z; Urban-Malinga B; Andrulewicz E",2021,"Effects of magnetic fields related to submarine power cables on the behaviour of larval rainbow trout ( Oncorhynchus mykiss )","The aim of this study was to determine the effects of artificial magnetic fields on the behaviour of rainbow trout (Oncorhynchus mykiss) larvae. Individuals (from the eyed egg stage) were exposed to a static magnetic field (SMF) of 10 mT or a low-frequency alternating (electromagnetic) field (EMF) of 1 mT, whereas larvae in the control treatment were reared under a natural geomagnetic field (GMF). After 40 days exposure, larvae were tested for 46 h for their attraction to or avoidance of magnetic fields. None of the groups of larvae avoided either the static or alternating field. By contrast, a mean of 54-60% of individuals was recorded in magnetic fields. Moreover, larvae exposed to SMF or EMF were more attracted to their respective magnetic field than individuals reared under a natural GMF. In addition, no stress response (i.e. a change in the oxygen consumption rate) was recorded for O. mykiss larvae exposed to magnetic fields. These results suggest, for the first time, that early life stages of rainbow trout can detect and are attracted to artificial magnetic fields of a magnitude recorded in the vicinity of submarine cables, with no visible signs of stress (i.e. increased oxygen consumption).","MARINE AND FRESHWATER RESEARCH","journalArticle","FISH; LARVA; OFFSHORE WIND FARMS; ELECTROMAGNETIC-FIELDS; RENEWABLE ENERGY; EMBRYOS; MAGNETIC FIELD; RESPIRATION; SOCKEYE-SALMON; MAGNETORECEPTION; ORIENTATION; CABLE; SUBMARINE CABLES; LARVAL DEVELOPMENT; ONCORHYNCHUS MYKISS; SALMON SALMO-SALAR; SALMONID; SALMONIDAE; SALMONIDS; STRESS-RESPONSE","1448-6059","10.1071/mf20236","1196-1207","8",72,"SENTCHEV Alexeï","sentchev","Fish",NA,"Input of other forms of energy",NA,"yes",2,"Oncorhynchus mykiss","other","freshwater salmonid","larval","NS",NA,"not specified","not specified","not specified","sensitivity known","""The acquisition of the ability to distinguish between the presence and absence of an artificial magnetic field during exposure is not entirely surprising, because it was previously observed in juvenile O. mykiss specially trained for that discrimination (Walker et al. 1997; Haugh and Walker 1998). The magnetoreception in rainbow trout has also been confirmed by Chew and Brown (1989), who indicated that the absence of a natural magnetic field results in the loss of directional orientation of this species, and by Hellinger and Hoffmann (2009, 2012), who demonstrated that rainbow trout can detect field intensity, direction and inclination. It was also documented that a distorted SMF (in terms of value and inclination angle) negatively affected the orientation of the juvenile steelhead trout, an anadromous form of O. mykiss (Putman et al. 2014b).""","DC","NS","NA","30","A","NA","""The electric current in the coils (up to 30 A) required to generate SMF is provided by two laboratory switching mode power supplies (HCS-3602, Manson, Hong Kong, PR China). To produce EMF, the generator is powered by AC by the encased regulating autotransformer (KIEA 15, Breve Tufvassons, Ło´dz´, Poland) and two isolation transformers (PFS60, Breve Tufvassons). The generator is equipped with a teslameter (13610-93, Phywe, Gottingen, Germany) and gaussmeter (GM-2, AlphaLab, Salt Lake City, UT, USA), allowing us to adjust and continuously monitor the value of the magnetic induction of both SMF and EMF. The generator produces a stable, spatially uniform SMF with magnetic induction values of 0–15 mT and an EMF with a frequency of 50 Hz and induction values of 0–1 mT.""","DC","0.01","NA","""The electric current in the coils (up to 30 A) required to generate SMF is provided by two laboratory switching mode power supplies (HCS-3602, Manson, Hong Kong, PR China). To produce EMF, the generator is powered by AC by the encased regulating autotransformer (KIEA 15, Breve Tufvassons, Ło´dz´, Poland) and two isolation transformers (PFS60, Breve Tufvassons). The generator is equipped with a teslameter (13610-93, Phywe, Gottingen, Germany) and gaussmeter (GM-2, AlphaLab, Salt Lake City, UT, USA), allowing us to adjust and continuously monitor the value of the magnetic induction of both SMF and EMF. The generator produces a stable, spatially uniform SMF with magnetic induction values of 0–15 mT and an EMF with a frequency of 50 Hz and induction values of 0–1 mT.""","NA","NA","NA","NA","NA","NA","NA","NA","0.45","42","days","42","chronical","continuous","steady","water-sediment interface","""Before the behavioural experiments and the measurement of respiration rate, rainbow trout embryos were exposed to artificial magnetic fields, either an SMF of 10mTor anEMF of 1 mT. In each of these two independent (and in subsequent) experiments, 1500 O. mykiss individuals (eggs and, after hatching, larvae) were exposed for 40 days to either SMF or EMF in the experimental aquaria (Fig. 1a) and another 1500 eggs were exposed to the natural GMF (Fig. 1b), which served as a control.""","50","NA","no","no","NA","NA","attraction","quantitative","spatial distribution","spatial distribution","% of individual in exposed side of aquaria","no impact/negligible","no","NA","""The difference in the proportion of individuals recorded in the SMF or EMF section between fish previously exposed to the respective magnetic fields and relevant controls was not statistically significant for either the SMF or EMF experiments (difference between two proportions test, P . 0.05). The difference in the proportion of individuals recorded in the aquarium section situated in the SMF (59.45%) and that recorded in this section (inside the generator) in the control experiment (50.06%) was statistically significant (difference between two proportions test, P ¼ 0.035). In addition, the proportion of fish recorded in the EMF section (60.62%) was significantly different compared with the control experiment (difference between two proportions test, P ¼ 0.015).""","direct","NA","NA","NA","NA","NA","NA","NA","NA","NA","1","35","YES","Yes","Experimental lab study . The results suggest that early life stages of rainbow trout can detect and are attracted to artificial magnetic fields of a magnitude recorded in the vicinity of submarine cables, with no visible signs of stress (i.e. increased oxygen consumption).",NA,"NF4E3NV3","EPPI-Reviewer ID: 97355655","Jakubowska (2021)","Jakubowska M; Greszkiewicz M; Fey DP; Otremba Z; Urban-Malinga B; Andrulewicz E",2021,"Effects of magnetic fields related to submarine power cables on the behaviour of larval rainbow trout ( Oncorhynchus mykiss )","The aim of this study was to determine the effects of artificial magnetic fields on the behaviour of rainbow trout (Oncorhynchus mykiss) larvae. Individuals (from the eyed egg stage) were exposed to a static magnetic field (SMF) of 10 mT or a low-frequency alternating (electromagnetic) field (EMF) of 1 mT, whereas larvae in the control treatment were reared under a natural geomagnetic field (GMF). After 40 days exposure, larvae were tested for 46 h for their attraction to or avoidance of magnetic fields. None of the groups of larvae avoided either the static or alternating field. By contrast, a mean of 54-60% of individuals was recorded in magnetic fields. Moreover, larvae exposed to SMF or EMF were more attracted to their respective magnetic field than individuals reared under a natural GMF. In addition, no stress response (i.e. a change in the oxygen consumption rate) was recorded for O. mykiss larvae exposed to magnetic fields. These results suggest, for the first time, that early life stages of rainbow trout can detect and are attracted to artificial magnetic fields of a magnitude recorded in the vicinity of submarine cables, with no visible signs of stress (i.e. increased oxygen consumption).","MARINE AND FRESHWATER RESEARCH","journalArticle","FISH; LARVA; OFFSHORE WIND FARMS; ELECTROMAGNETIC-FIELDS; RENEWABLE ENERGY; EMBRYOS; MAGNETIC FIELD; RESPIRATION; SOCKEYE-SALMON; MAGNETORECEPTION; ORIENTATION; CABLE; SUBMARINE CABLES; LARVAL DEVELOPMENT; ONCORHYNCHUS MYKISS; SALMON SALMO-SALAR; SALMONID; SALMONIDAE; SALMONIDS; STRESS-RESPONSE",NA,"1448-6059","10.1071/mf20236",NA,"1196-1207","8","72","SENTCHEV Alexeï","","","","","sentchev","","","","","","Reviewd by EP","","Article","No - Continue","No - Continue","No - Continue","Fish","","Oncorhynchus mykiss","rainbow trout",NA,NA,NA,NA,NA,"No",0,"Physical","","Input of other forms of energy","","No",NA,NA,NA,NA,"No",NA,NA,NA,"Yes",NA,NA,"No-Effect",NA,NA,"Mixed-Effect",NA,NA,"No",NA,NA,NA,NA,"No",NA,NA,NA,"No",NA,NA,"No",NA,NA,"Lab. experimenations in control conditions provided tThe first results concerning the effect of both static and alternating magnetic fields on the behaviour and respiration of early life stages of rainbow trout. It may be concluded that neither SMF nor EMF induces an energetically expensive stress response because no detectable changes in metabolic rate(O2 consumption) were observed. Both types of magnetic field caused a slight attraction of larvae, especially those formerly reared and hatched under SMF and EMF conditions.","No","No","Yes","No","No","No","No","No","No","No","Yes","No","No","No","No","No","No","No","No","Yes","No","No",NA,NA,NA,NA,NA,NA,NA,NA,NA,NA,"4.907255, 25.567434",NA,NA,"4.907255, 25.567434",NA,NA,0.0833,"1",NA,"No","No","Yes","No","No","No",NA,"Yes","No","No","No","","No","","No","Alexei: The first results, from Lab experiments,  demonstrated that the effect of both static and alternating magnetic fields on the behaviour and respiration of early life stages of rainbow trout is negligible.  No detectable changes in metabolic rate (O2 consumption) were observed. 
Comment added: Actually there is an attraction of larvae to areas with EMF and SMF (2 different types of magnetic fields). But there is no effect on the respiration rate, and no change in attraction behaviour due to previous rearing under EMF or SMF fields","Inlcuded",48,1,1,NA,NA,NA,NA,NA,NA,NA,NA,NA,NA,NA,NA,NA,NA,NA,NA,NA,NA,NA,NA,NA,"merged"
"246","NF4E3NV3","EPPI-Reviewer ID: 97355655","Jakubowska (2021)","Jakubowska M; Greszkiewicz M; Fey DP; Otremba Z; Urban-Malinga B; Andrulewicz E",2021,"Effects of magnetic fields related to submarine power cables on the behaviour of larval rainbow trout ( Oncorhynchus mykiss )","The aim of this study was to determine the effects of artificial magnetic fields on the behaviour of rainbow trout (Oncorhynchus mykiss) larvae. Individuals (from the eyed egg stage) were exposed to a static magnetic field (SMF) of 10 mT or a low-frequency alternating (electromagnetic) field (EMF) of 1 mT, whereas larvae in the control treatment were reared under a natural geomagnetic field (GMF). After 40 days exposure, larvae were tested for 46 h for their attraction to or avoidance of magnetic fields. None of the groups of larvae avoided either the static or alternating field. By contrast, a mean of 54-60% of individuals was recorded in magnetic fields. Moreover, larvae exposed to SMF or EMF were more attracted to their respective magnetic field than individuals reared under a natural GMF. In addition, no stress response (i.e. a change in the oxygen consumption rate) was recorded for O. mykiss larvae exposed to magnetic fields. These results suggest, for the first time, that early life stages of rainbow trout can detect and are attracted to artificial magnetic fields of a magnitude recorded in the vicinity of submarine cables, with no visible signs of stress (i.e. increased oxygen consumption).","MARINE AND FRESHWATER RESEARCH","journalArticle","FISH; LARVA; OFFSHORE WIND FARMS; ELECTROMAGNETIC-FIELDS; RENEWABLE ENERGY; EMBRYOS; MAGNETIC FIELD; RESPIRATION; SOCKEYE-SALMON; MAGNETORECEPTION; ORIENTATION; CABLE; SUBMARINE CABLES; LARVAL DEVELOPMENT; ONCORHYNCHUS MYKISS; SALMON SALMO-SALAR; SALMONID; SALMONIDAE; SALMONIDS; STRESS-RESPONSE","1448-6059","10.1071/mf20236","1196-1207","8",72,"SENTCHEV Alexeï","sentchev","Fish",NA,"Input of other forms of energy",NA,"yes",3,"Oncorhynchus mykiss","other","freshwater salmonid","larval","NS",NA,"not specified","not specified","not specified","sensitivity known","""The acquisition of the ability to distinguish between the presence and absence of an artificial magnetic field during exposure is not entirely surprising, because it was previously observed in juvenile O. mykiss specially trained for that discrimination (Walker et al. 1997; Haugh and Walker 1998). The magnetoreception in rainbow trout has also been confirmed by Chew and Brown (1989), who indicated that the absence of a natural magnetic field results in the loss of directional orientation of this species, and by Hellinger and Hoffmann (2009, 2012), who demonstrated that rainbow trout can detect field intensity, direction and inclination. It was also documented that a distorted SMF (in terms of value and inclination angle) negatively affected the orientation of the juvenile steelhead trout, an anadromous form of O. mykiss (Putman et al. 2014b).""","DC","NS","NA","30","A","NA","""The electric current in the coils (up to 30 A) required to generate SMF is provided by two laboratory switching mode power supplies (HCS-3602, Manson, Hong Kong, PR China). To produce EMF, the generator is powered by AC by the encased regulating autotransformer (KIEA 15, Breve Tufvassons, Ło´dz´, Poland) and two isolation transformers (PFS60, Breve Tufvassons). The generator is equipped with a teslameter (13610-93, Phywe, Gottingen, Germany) and gaussmeter (GM-2, AlphaLab, Salt Lake City, UT, USA), allowing us to adjust and continuously monitor the value of the magnetic induction of both SMF and EMF. The generator produces a stable, spatially uniform SMF with magnetic induction values of 0–15 mT and an EMF with a frequency of 50 Hz and induction values of 0–1 mT.""","DC","0.01","NA","""The electric current in the coils (up to 30 A) required to generate SMF is provided by two laboratory switching mode power supplies (HCS-3602, Manson, Hong Kong, PR China). To produce EMF, the generator is powered by AC by the encased regulating autotransformer (KIEA 15, Breve Tufvassons, Ło´dz´, Poland) and two isolation transformers (PFS60, Breve Tufvassons). The generator is equipped with a teslameter (13610-93, Phywe, Gottingen, Germany) and gaussmeter (GM-2, AlphaLab, Salt Lake City, UT, USA), allowing us to adjust and continuously monitor the value of the magnetic induction of both SMF and EMF. The generator produces a stable, spatially uniform SMF with magnetic induction values of 0–15 mT and an EMF with a frequency of 50 Hz and induction values of 0–1 mT.""","NA","NA","NA","NA","NA","NA","NA","NA","0","40","days","40","chronical","continuous","steady","water-sediment interface","""Before the behavioural experiments and the measurement of respiration rate, rainbow trout embryos were exposed to artificial magnetic fields, either an SMF of 10mTor anEMF of 1 mT. In each of these two independent (and in subsequent) experiments, 1500 O. mykiss individuals (eggs and, after hatching, larvae) were exposed for 40 days to either SMF or EMF in the experimental aquaria (Fig. 1a) and another 1500 eggs were exposed to the natural GMF (Fig. 1b), which served as a control.""","50","NA","no","no","NA","individual","NA","quantitative","fitness","Respiration rate","mg O2 / L / h / g WW","no impact/negligible","no","NA","""The mean oxygen consumption rate of O. mykiss larvae exposed to SMF was 6.84  1.92 mg O2 L–1 h–1 g–1, and was not significantly different to that in the control treatment (7.23  1.66 mg O2 L–1 h–1 g–1; Mann–Whitney, U ¼ 41, n1 (control) ¼ 10, n2 (experimental) ¼ 9, P ¼ 0.77; Fig. 7a). Similarly, EMF had no significant effect on the mean oxygen consumption rate of O. mykiss larvae (Mann–Whitney, U ¼ 28, n1 ¼ 10, n2 ¼ 10, P ¼ 0.1). The mean respiration rate of larvae exposed to EMF reached 7.21  1.01 mg O2 L–1 h–1 g–1, compared with 6.38  1.11 mg O2 L–1 h–1 g–1 in the control (Fig. 7b).""","direct","NA","NA","NA","NA","NA","NA","NA","NA","NA","1","10","YES","Yes","Experimental lab study . The results suggest that early life stages of rainbow trout can detect and are attracted to artificial magnetic fields of a magnitude recorded in the vicinity of submarine cables, with no visible signs of stress (i.e. increased oxygen consumption).",NA,"NF4E3NV3","EPPI-Reviewer ID: 97355655","Jakubowska (2021)","Jakubowska M; Greszkiewicz M; Fey DP; Otremba Z; Urban-Malinga B; Andrulewicz E",2021,"Effects of magnetic fields related to submarine power cables on the behaviour of larval rainbow trout ( Oncorhynchus mykiss )","The aim of this study was to determine the effects of artificial magnetic fields on the behaviour of rainbow trout (Oncorhynchus mykiss) larvae. Individuals (from the eyed egg stage) were exposed to a static magnetic field (SMF) of 10 mT or a low-frequency alternating (electromagnetic) field (EMF) of 1 mT, whereas larvae in the control treatment were reared under a natural geomagnetic field (GMF). After 40 days exposure, larvae were tested for 46 h for their attraction to or avoidance of magnetic fields. None of the groups of larvae avoided either the static or alternating field. By contrast, a mean of 54-60% of individuals was recorded in magnetic fields. Moreover, larvae exposed to SMF or EMF were more attracted to their respective magnetic field than individuals reared under a natural GMF. In addition, no stress response (i.e. a change in the oxygen consumption rate) was recorded for O. mykiss larvae exposed to magnetic fields. These results suggest, for the first time, that early life stages of rainbow trout can detect and are attracted to artificial magnetic fields of a magnitude recorded in the vicinity of submarine cables, with no visible signs of stress (i.e. increased oxygen consumption).","MARINE AND FRESHWATER RESEARCH","journalArticle","FISH; LARVA; OFFSHORE WIND FARMS; ELECTROMAGNETIC-FIELDS; RENEWABLE ENERGY; EMBRYOS; MAGNETIC FIELD; RESPIRATION; SOCKEYE-SALMON; MAGNETORECEPTION; ORIENTATION; CABLE; SUBMARINE CABLES; LARVAL DEVELOPMENT; ONCORHYNCHUS MYKISS; SALMON SALMO-SALAR; SALMONID; SALMONIDAE; SALMONIDS; STRESS-RESPONSE",NA,"1448-6059","10.1071/mf20236",NA,"1196-1207","8","72","SENTCHEV Alexeï","","","","","sentchev","","","","","","Reviewd by EP","","Article","No - Continue","No - Continue","No - Continue","Fish","","Oncorhynchus mykiss","rainbow trout",NA,NA,NA,NA,NA,"No",0,"Physical","","Input of other forms of energy","","No",NA,NA,NA,NA,"No",NA,NA,NA,"Yes",NA,NA,"No-Effect",NA,NA,"Mixed-Effect",NA,NA,"No",NA,NA,NA,NA,"No",NA,NA,NA,"No",NA,NA,"No",NA,NA,"Lab. experimenations in control conditions provided tThe first results concerning the effect of both static and alternating magnetic fields on the behaviour and respiration of early life stages of rainbow trout. It may be concluded that neither SMF nor EMF induces an energetically expensive stress response because no detectable changes in metabolic rate(O2 consumption) were observed. Both types of magnetic field caused a slight attraction of larvae, especially those formerly reared and hatched under SMF and EMF conditions.","No","No","Yes","No","No","No","No","No","No","No","Yes","No","No","No","No","No","No","No","No","Yes","No","No",NA,NA,NA,NA,NA,NA,NA,NA,NA,NA,"4.907255, 25.567434",NA,NA,"4.907255, 25.567434",NA,NA,0.0833,"1",NA,"No","No","Yes","No","No","No",NA,"Yes","No","No","No","","No","","No","Alexei: The first results, from Lab experiments,  demonstrated that the effect of both static and alternating magnetic fields on the behaviour and respiration of early life stages of rainbow trout is negligible.  No detectable changes in metabolic rate (O2 consumption) were observed. 
Comment added: Actually there is an attraction of larvae to areas with EMF and SMF (2 different types of magnetic fields). But there is no effect on the respiration rate, and no change in attraction behaviour due to previous rearing under EMF or SMF fields","Inlcuded",49,1,1,NA,NA,NA,NA,NA,NA,NA,NA,NA,NA,NA,NA,NA,NA,NA,NA,NA,NA,NA,NA,NA,"merged"
"246","NF4E3NV3","EPPI-Reviewer ID: 97355655","Jakubowska (2021)","Jakubowska M; Greszkiewicz M; Fey DP; Otremba Z; Urban-Malinga B; Andrulewicz E",2021,"Effects of magnetic fields related to submarine power cables on the behaviour of larval rainbow trout ( Oncorhynchus mykiss )","The aim of this study was to determine the effects of artificial magnetic fields on the behaviour of rainbow trout (Oncorhynchus mykiss) larvae. Individuals (from the eyed egg stage) were exposed to a static magnetic field (SMF) of 10 mT or a low-frequency alternating (electromagnetic) field (EMF) of 1 mT, whereas larvae in the control treatment were reared under a natural geomagnetic field (GMF). After 40 days exposure, larvae were tested for 46 h for their attraction to or avoidance of magnetic fields. None of the groups of larvae avoided either the static or alternating field. By contrast, a mean of 54-60% of individuals was recorded in magnetic fields. Moreover, larvae exposed to SMF or EMF were more attracted to their respective magnetic field than individuals reared under a natural GMF. In addition, no stress response (i.e. a change in the oxygen consumption rate) was recorded for O. mykiss larvae exposed to magnetic fields. These results suggest, for the first time, that early life stages of rainbow trout can detect and are attracted to artificial magnetic fields of a magnitude recorded in the vicinity of submarine cables, with no visible signs of stress (i.e. increased oxygen consumption).","MARINE AND FRESHWATER RESEARCH","journalArticle","FISH; LARVA; OFFSHORE WIND FARMS; ELECTROMAGNETIC-FIELDS; RENEWABLE ENERGY; EMBRYOS; MAGNETIC FIELD; RESPIRATION; SOCKEYE-SALMON; MAGNETORECEPTION; ORIENTATION; CABLE; SUBMARINE CABLES; LARVAL DEVELOPMENT; ONCORHYNCHUS MYKISS; SALMON SALMO-SALAR; SALMONID; SALMONIDAE; SALMONIDS; STRESS-RESPONSE","1448-6059","10.1071/mf20236","1196-1207","8",72,"SENTCHEV Alexeï","sentchev","Fish",NA,"Input of other forms of energy",NA,"yes",4,"Oncorhynchus mykiss","other","freshwater salmonid","larval","NS",NA,"not specified","not specified","not specified","sensitivity known","""The acquisition of the ability to distinguish between the presence and absence of an artificial magnetic field during exposure is not entirely surprising, because it was previously observed in juvenile O. mykiss specially trained for that discrimination (Walker et al. 1997; Haugh and Walker 1998). The magnetoreception in rainbow trout has also been confirmed by Chew and Brown (1989), who indicated that the absence of a natural magnetic field results in the loss of directional orientation of this species, and by Hellinger and Hoffmann (2009, 2012), who demonstrated that rainbow trout can detect field intensity, direction and inclination. It was also documented that a distorted SMF (in terms of value and inclination angle) negatively affected the orientation of the juvenile steelhead trout, an anadromous form of O. mykiss (Putman et al. 2014b).""","AC","NS","NA","30","A","50","""The electric current in the coils (up to 30 A) required to generate SMF is provided by two laboratory switching mode power supplies (HCS-3602, Manson, Hong Kong, PR China). To produce EMF, the generator is powered by AC by the encased regulating autotransformer (KIEA 15, Breve Tufvassons, Ło´dz´, Poland) and two isolation transformers (PFS60, Breve Tufvassons). The generator is equipped with a teslameter (13610-93, Phywe, Gottingen, Germany) and gaussmeter (GM-2, AlphaLab, Salt Lake City, UT, USA), allowing us to adjust and continuously monitor the value of the magnetic induction of both SMF and EMF. The generator produces a stable, spatially uniform SMF with magnetic induction values of 0–15 mT and an EMF with a frequency of 50 Hz and induction values of 0–1 mT.""","AC","1E-3","50","""The electric current in the coils (up to 30 A) required to generate SMF is provided by two laboratory switching mode power supplies (HCS-3602, Manson, Hong Kong, PR China). To produce EMF, the generator is powered by AC by the encased regulating autotransformer (KIEA 15, Breve Tufvassons, Ło´dz´, Poland) and two isolation transformers (PFS60, Breve Tufvassons). The generator is equipped with a teslameter (13610-93, Phywe, Gottingen, Germany) and gaussmeter (GM-2, AlphaLab, Salt Lake City, UT, USA), allowing us to adjust and continuously monitor the value of the magnetic induction of both SMF and EMF. The generator produces a stable, spatially uniform SMF with magnetic induction values of 0–15 mT and an EMF with a frequency of 50 Hz and induction values of 0–1 mT.""","NA","NA","NA","NA","NA","NA","NA","NA","0","40","days","40","chronical","continuous","variable","water-sediment interface","""Before the behavioural experiments and the measurement of respiration rate, rainbow trout embryos were exposed to artificial magnetic fields, either an SMF of 10mTor anEMF of 1 mT. In each of these two independent (and in subsequent) experiments, 1500 O. mykiss individuals (eggs and, after hatching, larvae) were exposed for 40 days to either SMF or EMF in the experimental aquaria (Fig. 1a) and another 1500 eggs were exposed to the natural GMF (Fig. 1b), which served as a control.""","50","NA","no","no","NA","NA","NA","quantitative","mortality","survival rate","% of alive individual after 40 days of exposition","no impact/negligible","NA","NA","""The survival rates of embryos and of hatched larvae were high (.90% in all treatments) and not affected by SMF or EMF. The effects of magnetic fields on the growth of larval O. mykiss have been described by Fey et al. (2019b). All larvae were swimming after 31–33 days of exposure, depending on the treatment.""","direct","NA","NA","NA","NA","NA","NA","NA","NA","NA","3","500","YES","Yes","Experimental lab study . The results suggest that early life stages of rainbow trout can detect and are attracted to artificial magnetic fields of a magnitude recorded in the vicinity of submarine cables, with no visible signs of stress (i.e. increased oxygen consumption).",NA,"NF4E3NV3","EPPI-Reviewer ID: 97355655","Jakubowska (2021)","Jakubowska M; Greszkiewicz M; Fey DP; Otremba Z; Urban-Malinga B; Andrulewicz E",2021,"Effects of magnetic fields related to submarine power cables on the behaviour of larval rainbow trout ( Oncorhynchus mykiss )","The aim of this study was to determine the effects of artificial magnetic fields on the behaviour of rainbow trout (Oncorhynchus mykiss) larvae. Individuals (from the eyed egg stage) were exposed to a static magnetic field (SMF) of 10 mT or a low-frequency alternating (electromagnetic) field (EMF) of 1 mT, whereas larvae in the control treatment were reared under a natural geomagnetic field (GMF). After 40 days exposure, larvae were tested for 46 h for their attraction to or avoidance of magnetic fields. None of the groups of larvae avoided either the static or alternating field. By contrast, a mean of 54-60% of individuals was recorded in magnetic fields. Moreover, larvae exposed to SMF or EMF were more attracted to their respective magnetic field than individuals reared under a natural GMF. In addition, no stress response (i.e. a change in the oxygen consumption rate) was recorded for O. mykiss larvae exposed to magnetic fields. These results suggest, for the first time, that early life stages of rainbow trout can detect and are attracted to artificial magnetic fields of a magnitude recorded in the vicinity of submarine cables, with no visible signs of stress (i.e. increased oxygen consumption).","MARINE AND FRESHWATER RESEARCH","journalArticle","FISH; LARVA; OFFSHORE WIND FARMS; ELECTROMAGNETIC-FIELDS; RENEWABLE ENERGY; EMBRYOS; MAGNETIC FIELD; RESPIRATION; SOCKEYE-SALMON; MAGNETORECEPTION; ORIENTATION; CABLE; SUBMARINE CABLES; LARVAL DEVELOPMENT; ONCORHYNCHUS MYKISS; SALMON SALMO-SALAR; SALMONID; SALMONIDAE; SALMONIDS; STRESS-RESPONSE",NA,"1448-6059","10.1071/mf20236",NA,"1196-1207","8","72","SENTCHEV Alexeï","","","","","sentchev","","","","","","Reviewd by EP","","Article","No - Continue","No - Continue","No - Continue","Fish","","Oncorhynchus mykiss","rainbow trout",NA,NA,NA,NA,NA,"No",0,"Physical","","Input of other forms of energy","","No",NA,NA,NA,NA,"No",NA,NA,NA,"Yes",NA,NA,"No-Effect",NA,NA,"Mixed-Effect",NA,NA,"No",NA,NA,NA,NA,"No",NA,NA,NA,"No",NA,NA,"No",NA,NA,"Lab. experimenations in control conditions provided tThe first results concerning the effect of both static and alternating magnetic fields on the behaviour and respiration of early life stages of rainbow trout. It may be concluded that neither SMF nor EMF induces an energetically expensive stress response because no detectable changes in metabolic rate(O2 consumption) were observed. Both types of magnetic field caused a slight attraction of larvae, especially those formerly reared and hatched under SMF and EMF conditions.","No","No","Yes","No","No","No","No","No","No","No","Yes","No","No","No","No","No","No","No","No","Yes","No","No",NA,NA,NA,NA,NA,NA,NA,NA,NA,NA,"4.907255, 25.567434",NA,NA,"4.907255, 25.567434",NA,NA,0.0833,"1",NA,"No","No","Yes","No","No","No",NA,"Yes","No","No","No","","No","","No","Alexei: The first results, from Lab experiments,  demonstrated that the effect of both static and alternating magnetic fields on the behaviour and respiration of early life stages of rainbow trout is negligible.  No detectable changes in metabolic rate (O2 consumption) were observed. 
Comment added: Actually there is an attraction of larvae to areas with EMF and SMF (2 different types of magnetic fields). But there is no effect on the respiration rate, and no change in attraction behaviour due to previous rearing under EMF or SMF fields","Inlcuded",50,1,1,NA,NA,NA,NA,NA,NA,NA,NA,NA,NA,NA,NA,NA,NA,NA,NA,NA,NA,NA,NA,NA,"merged"
"246","NF4E3NV3","EPPI-Reviewer ID: 97355655","Jakubowska (2021)","Jakubowska M; Greszkiewicz M; Fey DP; Otremba Z; Urban-Malinga B; Andrulewicz E",2021,"Effects of magnetic fields related to submarine power cables on the behaviour of larval rainbow trout ( Oncorhynchus mykiss )","The aim of this study was to determine the effects of artificial magnetic fields on the behaviour of rainbow trout (Oncorhynchus mykiss) larvae. Individuals (from the eyed egg stage) were exposed to a static magnetic field (SMF) of 10 mT or a low-frequency alternating (electromagnetic) field (EMF) of 1 mT, whereas larvae in the control treatment were reared under a natural geomagnetic field (GMF). After 40 days exposure, larvae were tested for 46 h for their attraction to or avoidance of magnetic fields. None of the groups of larvae avoided either the static or alternating field. By contrast, a mean of 54-60% of individuals was recorded in magnetic fields. Moreover, larvae exposed to SMF or EMF were more attracted to their respective magnetic field than individuals reared under a natural GMF. In addition, no stress response (i.e. a change in the oxygen consumption rate) was recorded for O. mykiss larvae exposed to magnetic fields. These results suggest, for the first time, that early life stages of rainbow trout can detect and are attracted to artificial magnetic fields of a magnitude recorded in the vicinity of submarine cables, with no visible signs of stress (i.e. increased oxygen consumption).","MARINE AND FRESHWATER RESEARCH","journalArticle","FISH; LARVA; OFFSHORE WIND FARMS; ELECTROMAGNETIC-FIELDS; RENEWABLE ENERGY; EMBRYOS; MAGNETIC FIELD; RESPIRATION; SOCKEYE-SALMON; MAGNETORECEPTION; ORIENTATION; CABLE; SUBMARINE CABLES; LARVAL DEVELOPMENT; ONCORHYNCHUS MYKISS; SALMON SALMO-SALAR; SALMONID; SALMONIDAE; SALMONIDS; STRESS-RESPONSE","1448-6059","10.1071/mf20236","1196-1207","8",72,"SENTCHEV Alexeï","sentchev","Fish",NA,"Input of other forms of energy",NA,"yes",5,"Oncorhynchus mykiss","other","freshwater salmonid","larval","NS",NA,"not specified","not specified","not specified","sensitivity known","""The acquisition of the ability to distinguish between the presence and absence of an artificial magnetic field during exposure is not entirely surprising, because it was previously observed in juvenile O. mykiss specially trained for that discrimination (Walker et al. 1997; Haugh and Walker 1998). The magnetoreception in rainbow trout has also been confirmed by Chew and Brown (1989), who indicated that the absence of a natural magnetic field results in the loss of directional orientation of this species, and by Hellinger and Hoffmann (2009, 2012), who demonstrated that rainbow trout can detect field intensity, direction and inclination. It was also documented that a distorted SMF (in terms of value and inclination angle) negatively affected the orientation of the juvenile steelhead trout, an anadromous form of O. mykiss (Putman et al. 2014b).""","AC","NS","NA","30","A","50","""The electric current in the coils (up to 30 A) required to generate SMF is provided by two laboratory switching mode power supplies (HCS-3602, Manson, Hong Kong, PR China). To produce EMF, the generator is powered by AC by the encased regulating autotransformer (KIEA 15, Breve Tufvassons, Ło´dz´, Poland) and two isolation transformers (PFS60, Breve Tufvassons). The generator is equipped with a teslameter (13610-93, Phywe, Gottingen, Germany) and gaussmeter (GM-2, AlphaLab, Salt Lake City, UT, USA), allowing us to adjust and continuously monitor the value of the magnetic induction of both SMF and EMF. The generator produces a stable, spatially uniform SMF with magnetic induction values of 0–15 mT and an EMF with a frequency of 50 Hz and induction values of 0–1 mT.""","AC","1E-3","50","""The electric current in the coils (up to 30 A) required to generate SMF is provided by two laboratory switching mode power supplies (HCS-3602, Manson, Hong Kong, PR China). To produce EMF, the generator is powered by AC by the encased regulating autotransformer (KIEA 15, Breve Tufvassons, Ło´dz´, Poland) and two isolation transformers (PFS60, Breve Tufvassons). The generator is equipped with a teslameter (13610-93, Phywe, Gottingen, Germany) and gaussmeter (GM-2, AlphaLab, Salt Lake City, UT, USA), allowing us to adjust and continuously monitor the value of the magnetic induction of both SMF and EMF. The generator produces a stable, spatially uniform SMF with magnetic induction values of 0–15 mT and an EMF with a frequency of 50 Hz and induction values of 0–1 mT.""","NA","NA","NA","NA","NA","NA","NA","NA","0.45","42","days","42","chronical","continuous","variable","water-sediment interface","""Before the behavioural experiments and the measurement of respiration rate, rainbow trout embryos were exposed to artificial magnetic fields, either an SMF of 10mTor anEMF of 1 mT. In each of these two independent (and in subsequent) experiments, 1500 O. mykiss individuals (eggs and, after hatching, larvae) were exposed for 40 days to either SMF or EMF in the experimental aquaria (Fig. 1a) and another 1500 eggs were exposed to the natural GMF (Fig. 1b), which served as a control.""","50","NA","no","no","NA","NA","attraction","quantitative","spatial distribution","spatial distribution","% of individual in exposed side of aquaria","no impact/negligible","no","NA","""The difference in the proportion of individuals recorded in the SMF or EMF section between fish previously exposed to the respective magnetic fields and relevant controls was not statistically significant for either the SMF or EMF experiments (difference between two proportions test, P . 0.05). The difference in the proportion of individuals recorded in the aquarium section situated in the SMF (59.45%) and that recorded in this section (inside the generator) in the control experiment (50.06%) was statistically significant (difference between two proportions test, P ¼ 0.035). In addition, the proportion of fish recorded in the EMF section (60.62%) was significantly different compared with the control experiment (difference between two proportions test, P ¼ 0.015).""","direct","NA","NA","NA","NA","NA","NA","NA","NA","NA","1","35","YES","Yes","Experimental lab study . The results suggest that early life stages of rainbow trout can detect and are attracted to artificial magnetic fields of a magnitude recorded in the vicinity of submarine cables, with no visible signs of stress (i.e. increased oxygen consumption).",NA,"NF4E3NV3","EPPI-Reviewer ID: 97355655","Jakubowska (2021)","Jakubowska M; Greszkiewicz M; Fey DP; Otremba Z; Urban-Malinga B; Andrulewicz E",2021,"Effects of magnetic fields related to submarine power cables on the behaviour of larval rainbow trout ( Oncorhynchus mykiss )","The aim of this study was to determine the effects of artificial magnetic fields on the behaviour of rainbow trout (Oncorhynchus mykiss) larvae. Individuals (from the eyed egg stage) were exposed to a static magnetic field (SMF) of 10 mT or a low-frequency alternating (electromagnetic) field (EMF) of 1 mT, whereas larvae in the control treatment were reared under a natural geomagnetic field (GMF). After 40 days exposure, larvae were tested for 46 h for their attraction to or avoidance of magnetic fields. None of the groups of larvae avoided either the static or alternating field. By contrast, a mean of 54-60% of individuals was recorded in magnetic fields. Moreover, larvae exposed to SMF or EMF were more attracted to their respective magnetic field than individuals reared under a natural GMF. In addition, no stress response (i.e. a change in the oxygen consumption rate) was recorded for O. mykiss larvae exposed to magnetic fields. These results suggest, for the first time, that early life stages of rainbow trout can detect and are attracted to artificial magnetic fields of a magnitude recorded in the vicinity of submarine cables, with no visible signs of stress (i.e. increased oxygen consumption).","MARINE AND FRESHWATER RESEARCH","journalArticle","FISH; LARVA; OFFSHORE WIND FARMS; ELECTROMAGNETIC-FIELDS; RENEWABLE ENERGY; EMBRYOS; MAGNETIC FIELD; RESPIRATION; SOCKEYE-SALMON; MAGNETORECEPTION; ORIENTATION; CABLE; SUBMARINE CABLES; LARVAL DEVELOPMENT; ONCORHYNCHUS MYKISS; SALMON SALMO-SALAR; SALMONID; SALMONIDAE; SALMONIDS; STRESS-RESPONSE",NA,"1448-6059","10.1071/mf20236",NA,"1196-1207","8","72","SENTCHEV Alexeï","","","","","sentchev","","","","","","Reviewd by EP","","Article","No - Continue","No - Continue","No - Continue","Fish","","Oncorhynchus mykiss","rainbow trout",NA,NA,NA,NA,NA,"No",0,"Physical","","Input of other forms of energy","","No",NA,NA,NA,NA,"No",NA,NA,NA,"Yes",NA,NA,"No-Effect",NA,NA,"Mixed-Effect",NA,NA,"No",NA,NA,NA,NA,"No",NA,NA,NA,"No",NA,NA,"No",NA,NA,"Lab. experimenations in control conditions provided tThe first results concerning the effect of both static and alternating magnetic fields on the behaviour and respiration of early life stages of rainbow trout. It may be concluded that neither SMF nor EMF induces an energetically expensive stress response because no detectable changes in metabolic rate(O2 consumption) were observed. Both types of magnetic field caused a slight attraction of larvae, especially those formerly reared and hatched under SMF and EMF conditions.","No","No","Yes","No","No","No","No","No","No","No","Yes","No","No","No","No","No","No","No","No","Yes","No","No",NA,NA,NA,NA,NA,NA,NA,NA,NA,NA,"4.907255, 25.567434",NA,NA,"4.907255, 25.567434",NA,NA,0.0833,"1",NA,"No","No","Yes","No","No","No",NA,"Yes","No","No","No","","No","","No","Alexei: The first results, from Lab experiments,  demonstrated that the effect of both static and alternating magnetic fields on the behaviour and respiration of early life stages of rainbow trout is negligible.  No detectable changes in metabolic rate (O2 consumption) were observed. 
Comment added: Actually there is an attraction of larvae to areas with EMF and SMF (2 different types of magnetic fields). But there is no effect on the respiration rate, and no change in attraction behaviour due to previous rearing under EMF or SMF fields","Inlcuded",51,1,1,NA,NA,NA,NA,NA,NA,NA,NA,NA,NA,NA,NA,NA,NA,NA,NA,NA,NA,NA,NA,NA,"merged"
"246","NF4E3NV3","EPPI-Reviewer ID: 97355655","Jakubowska (2021)","Jakubowska M; Greszkiewicz M; Fey DP; Otremba Z; Urban-Malinga B; Andrulewicz E",2021,"Effects of magnetic fields related to submarine power cables on the behaviour of larval rainbow trout ( Oncorhynchus mykiss )","The aim of this study was to determine the effects of artificial magnetic fields on the behaviour of rainbow trout (Oncorhynchus mykiss) larvae. Individuals (from the eyed egg stage) were exposed to a static magnetic field (SMF) of 10 mT or a low-frequency alternating (electromagnetic) field (EMF) of 1 mT, whereas larvae in the control treatment were reared under a natural geomagnetic field (GMF). After 40 days exposure, larvae were tested for 46 h for their attraction to or avoidance of magnetic fields. None of the groups of larvae avoided either the static or alternating field. By contrast, a mean of 54-60% of individuals was recorded in magnetic fields. Moreover, larvae exposed to SMF or EMF were more attracted to their respective magnetic field than individuals reared under a natural GMF. In addition, no stress response (i.e. a change in the oxygen consumption rate) was recorded for O. mykiss larvae exposed to magnetic fields. These results suggest, for the first time, that early life stages of rainbow trout can detect and are attracted to artificial magnetic fields of a magnitude recorded in the vicinity of submarine cables, with no visible signs of stress (i.e. increased oxygen consumption).","MARINE AND FRESHWATER RESEARCH","journalArticle","FISH; LARVA; OFFSHORE WIND FARMS; ELECTROMAGNETIC-FIELDS; RENEWABLE ENERGY; EMBRYOS; MAGNETIC FIELD; RESPIRATION; SOCKEYE-SALMON; MAGNETORECEPTION; ORIENTATION; CABLE; SUBMARINE CABLES; LARVAL DEVELOPMENT; ONCORHYNCHUS MYKISS; SALMON SALMO-SALAR; SALMONID; SALMONIDAE; SALMONIDS; STRESS-RESPONSE","1448-6059","10.1071/mf20236","1196-1207","8",72,"SENTCHEV Alexeï","sentchev","Fish",NA,"Input of other forms of energy",NA,"yes",6,"Oncorhynchus mykiss","other","freshwater salmonid","larval","NS",NA,"not specified","not specified","not specified","sensitivity known","""The acquisition of the ability to distinguish between the presence and absence of an artificial magnetic field during exposure is not entirely surprising, because it was previously observed in juvenile O. mykiss specially trained for that discrimination (Walker et al. 1997; Haugh and Walker 1998). The magnetoreception in rainbow trout has also been confirmed by Chew and Brown (1989), who indicated that the absence of a natural magnetic field results in the loss of directional orientation of this species, and by Hellinger and Hoffmann (2009, 2012), who demonstrated that rainbow trout can detect field intensity, direction and inclination. It was also documented that a distorted SMF (in terms of value and inclination angle) negatively affected the orientation of the juvenile steelhead trout, an anadromous form of O. mykiss (Putman et al. 2014b).""","AC","NS","NA","30","A","50","""The electric current in the coils (up to 30 A) required to generate SMF is provided by two laboratory switching mode power supplies (HCS-3602, Manson, Hong Kong, PR China). To produce EMF, the generator is powered by AC by the encased regulating autotransformer (KIEA 15, Breve Tufvassons, Ło´dz´, Poland) and two isolation transformers (PFS60, Breve Tufvassons). The generator is equipped with a teslameter (13610-93, Phywe, Gottingen, Germany) and gaussmeter (GM-2, AlphaLab, Salt Lake City, UT, USA), allowing us to adjust and continuously monitor the value of the magnetic induction of both SMF and EMF. The generator produces a stable, spatially uniform SMF with magnetic induction values of 0–15 mT and an EMF with a frequency of 50 Hz and induction values of 0–1 mT.""","AC","1E-3","50","""The electric current in the coils (up to 30 A) required to generate SMF is provided by two laboratory switching mode power supplies (HCS-3602, Manson, Hong Kong, PR China). To produce EMF, the generator is powered by AC by the encased regulating autotransformer (KIEA 15, Breve Tufvassons, Ło´dz´, Poland) and two isolation transformers (PFS60, Breve Tufvassons). The generator is equipped with a teslameter (13610-93, Phywe, Gottingen, Germany) and gaussmeter (GM-2, AlphaLab, Salt Lake City, UT, USA), allowing us to adjust and continuously monitor the value of the magnetic induction of both SMF and EMF. The generator produces a stable, spatially uniform SMF with magnetic induction values of 0–15 mT and an EMF with a frequency of 50 Hz and induction values of 0–1 mT.""","NA","NA","NA","NA","NA","NA","NA","NA","0","40","days","40","chronical","continuous","variable","water-sediment interface","""Before the behavioural experiments and the measurement of respiration rate, rainbow trout embryos were exposed to artificial magnetic fields, either an SMF of 10mTor anEMF of 1 mT. In each of these two independent (and in subsequent) experiments, 1500 O. mykiss individuals (eggs and, after hatching, larvae) were exposed for 40 days to either SMF or EMF in the experimental aquaria (Fig. 1a) and another 1500 eggs were exposed to the natural GMF (Fig. 1b), which served as a control.""","50","NA","no","no","NA","individual","NA","quantitative","fitness","Respiration rate","mg O2 / L / h / g WW","no impact/negligible","no","NA","""The mean oxygen consumption rate of O. mykiss larvae exposed to SMF was 6.84  1.92 mg O2 L–1 h–1 g–1, and was not significantly different to that in the control treatment (7.23  1.66 mg O2 L–1 h–1 g–1; Mann–Whitney, U ¼ 41, n1 (control) ¼ 10, n2 (experimental) ¼ 9, P ¼ 0.77; Fig. 7a). Similarly, EMF had no significant effect on the mean oxygen consumption rate of O. mykiss larvae (Mann–Whitney, U ¼ 28, n1 ¼ 10, n2 ¼ 10, P ¼ 0.1). The mean respiration rate of larvae exposed to EMF reached 7.21  1.01 mg O2 L–1 h–1 g–1, compared with 6.38  1.11 mg O2 L–1 h–1 g–1 in the control (Fig. 7b).""","direct","NA","NA","NA","NA","NA","NA","NA","NA","NA","1","10","YES","Yes","Experimental lab study . The results suggest that early life stages of rainbow trout can detect and are attracted to artificial magnetic fields of a magnitude recorded in the vicinity of submarine cables, with no visible signs of stress (i.e. increased oxygen consumption).",NA,"NF4E3NV3","EPPI-Reviewer ID: 97355655","Jakubowska (2021)","Jakubowska M; Greszkiewicz M; Fey DP; Otremba Z; Urban-Malinga B; Andrulewicz E",2021,"Effects of magnetic fields related to submarine power cables on the behaviour of larval rainbow trout ( Oncorhynchus mykiss )","The aim of this study was to determine the effects of artificial magnetic fields on the behaviour of rainbow trout (Oncorhynchus mykiss) larvae. Individuals (from the eyed egg stage) were exposed to a static magnetic field (SMF) of 10 mT or a low-frequency alternating (electromagnetic) field (EMF) of 1 mT, whereas larvae in the control treatment were reared under a natural geomagnetic field (GMF). After 40 days exposure, larvae were tested for 46 h for their attraction to or avoidance of magnetic fields. None of the groups of larvae avoided either the static or alternating field. By contrast, a mean of 54-60% of individuals was recorded in magnetic fields. Moreover, larvae exposed to SMF or EMF were more attracted to their respective magnetic field than individuals reared under a natural GMF. In addition, no stress response (i.e. a change in the oxygen consumption rate) was recorded for O. mykiss larvae exposed to magnetic fields. These results suggest, for the first time, that early life stages of rainbow trout can detect and are attracted to artificial magnetic fields of a magnitude recorded in the vicinity of submarine cables, with no visible signs of stress (i.e. increased oxygen consumption).","MARINE AND FRESHWATER RESEARCH","journalArticle","FISH; LARVA; OFFSHORE WIND FARMS; ELECTROMAGNETIC-FIELDS; RENEWABLE ENERGY; EMBRYOS; MAGNETIC FIELD; RESPIRATION; SOCKEYE-SALMON; MAGNETORECEPTION; ORIENTATION; CABLE; SUBMARINE CABLES; LARVAL DEVELOPMENT; ONCORHYNCHUS MYKISS; SALMON SALMO-SALAR; SALMONID; SALMONIDAE; SALMONIDS; STRESS-RESPONSE",NA,"1448-6059","10.1071/mf20236",NA,"1196-1207","8","72","SENTCHEV Alexeï","","","","","sentchev","","","","","","Reviewd by EP","","Article","No - Continue","No - Continue","No - Continue","Fish","","Oncorhynchus mykiss","rainbow trout",NA,NA,NA,NA,NA,"No",0,"Physical","","Input of other forms of energy","","No",NA,NA,NA,NA,"No",NA,NA,NA,"Yes",NA,NA,"No-Effect",NA,NA,"Mixed-Effect",NA,NA,"No",NA,NA,NA,NA,"No",NA,NA,NA,"No",NA,NA,"No",NA,NA,"Lab. experimenations in control conditions provided tThe first results concerning the effect of both static and alternating magnetic fields on the behaviour and respiration of early life stages of rainbow trout. It may be concluded that neither SMF nor EMF induces an energetically expensive stress response because no detectable changes in metabolic rate(O2 consumption) were observed. Both types of magnetic field caused a slight attraction of larvae, especially those formerly reared and hatched under SMF and EMF conditions.","No","No","Yes","No","No","No","No","No","No","No","Yes","No","No","No","No","No","No","No","No","Yes","No","No",NA,NA,NA,NA,NA,NA,NA,NA,NA,NA,"4.907255, 25.567434",NA,NA,"4.907255, 25.567434",NA,NA,0.0833,"1",NA,"No","No","Yes","No","No","No",NA,"Yes","No","No","No","","No","","No","Alexei: The first results, from Lab experiments,  demonstrated that the effect of both static and alternating magnetic fields on the behaviour and respiration of early life stages of rainbow trout is negligible.  No detectable changes in metabolic rate (O2 consumption) were observed. 
Comment added: Actually there is an attraction of larvae to areas with EMF and SMF (2 different types of magnetic fields). But there is no effect on the respiration rate, and no change in attraction behaviour due to previous rearing under EMF or SMF fields","Inlcuded",52,1,1,NA,NA,NA,NA,NA,NA,NA,NA,NA,NA,NA,NA,NA,NA,NA,NA,NA,NA,NA,NA,NA,"merged"
"247","4RS5ZMU9","EPPI-Reviewer ID: 97356442","Jakubowska (2019)","Jakubowska M; Urban-Malinga B; Otremba Z; Andrulewicz E",2019,"Effect of low frequency electromagnetic field on the behavior and bioenergetics of the polychaete Hediste diversicolor","The aim of the present study was to determine the effect of an electromagnetic field (EMF) of value typically recorded in the vicinity of submarine cables (50 Hz, 1 mT) on the behavior and bioenergetics of the polychaete Hediste diversicolor. No avoidance or attraction behavior to EMF was shown, but the burrowing activity of H. diversicolor was enhanced in EMF treatment, indicating a stimulating effect on bioturbation potential. The polychaete maintained a positive energy balance and high amount (85% of assimilated energy) of energy available for individual production (scope for growth) after exposure to EMF. Food consumption and respiration rates were not affected but ammonia excretion rate was significantly reduced in EMF-exposed animals compared to the control conditions (geomagnetic field). The mechanisms behind this effect remain, however, unclear. This is the first study demonstrating the effects of environmentally realistic EMF value on the behavior and physiology of marine invertebrates, thus there is a need for more research.","MARINE ENVIRONMENTAL RESEARCH","journalArticle","WIND FARM; ANIMAL; ANIMALS; ARTICLE; CONTROLLED STUDY; GROWTH; NONHUMAN; PHYSIOLOGY; OFFSHORE WIND FARMS; POTENTIAL IMPACTS; RENEWABLE ENERGY; BEHAVIOR; OFFSHORE OIL WELL PRODUCTION; ANIMAL EXPERIMENT; ANIMALIA; ANIMAL BEHAVIOR; RESPIRATION; AVOIDANCE BEHAVIOR; ELECTROMAGNETIC FIELD; POLYCHAETE; ENERGY METABOLISM; INVERTEBRATA; FEEDING BEHAVIOR; ELECTROMAGNETIC FIELDS; PHYSIOLOGICAL RESPONSE; HELIOTHIS ZEA VIRUS 1; FOOD SUPPLY; AMMONIA; ENERGY CONVERSION; FOOD INTAKE; FREQUENCY; CABLE; SUBMARINE CABLES; SUBMARINES; BIOENERGY; ELECTROMAGNETISM; BIOTURBATION; BIOENERGETICS; AMMONIA EXCRETION; ATTRACTIVENESS; BIOCHEMISTRY; BURROWING; COLOR; EFFECTS-PHYSIOLOGY; ELECTROMAGNETIC FIELD EFFECTS; ELECTROSTIMULATION; ENERGY BALANCE; FOOD CONSUMPTION; GEOMAGNETISM; HEDISTE DIVERSICOLOR; INVERTEBRATE IMMUNOCYTES; MAGNETICALLY RESPONSIVE NEURONS; MICROBIAL RESPIRATION; POLYCHAETA; RAGWORM NEREIS-DIVERSICOLOR; SCOPE; SCOPE FOR GROWTH; SHAPE CHANGES; SUBMARINE POWER-CABLES; SUBMERGED BODY; THERAPY EFFECT","1879-0291","10.1016/j.marenvres.2019.104766",NA,NA,150,"VOGEL Camille","vogel","Benthic macro-invertebrates ",NA,"Input of other forms of energy",NA,"yes",1,"Hediste diversicolor","NS","NA","NS","NS",NA,"not specified","not specified","NA","sensitivity known","""A 12-day exposure to 1 mT EMF resulted in significantly increased genotoxicity endpoints such as micronuclei and nuclear buds on filament, which can potentially affect the integrity of genetic material and cause a variety of diseases (Stankevičiūtė et al., 2019)""","AC","NS","NA","30","A","NA","""The EMF generator was designed and constructed at the Physics Department of Gdynia Maritime University. It consists of two identical Helmholtz coils arranged parallel to each other. The generator is powered by alternating current by connecting the encased regulating autotransformer KIEA 15 (Breve Tufvassons, Sweden) and two isolation transformers PFS60 (Breve Tufvassons, Sweden) which allow maintaining electrical current up to 20 A in the coils"".","AC","1E-3","50","""The generator produces an EMF with a frequency of 50 Hz and magnetic induction values up to 1 mT. The magnetic induction of 1 mT was chosen for experiments as the value within a range of environmentally relevant values occurring in the environment in the vicinity of AC cables (e.g. at a distance of 0.30m for 1600 A cable or 0.10m for 500 A; own calculations)""","NA","NA","NA","NA","NA","NA","NA","NA","0.3","8","days","8","ponctual","continuous","steady","water-sediment interface","Fig 2","NS","NA","no","no","NA","NA","attraction","quantitative","spatial distribution","spatial distribution","percent of individuals/cm from coil","no impact/negligible","no","unknown","""No relationship was found between the percentage of individuals recovered after exposure in each aquarium section and respective EMF value (Spearman rank correlation, p=0.624, R=0.227). In total, 40.6% of animals resided in the area situated in the natural geomagnetic field (the distance of 30 cm i.e. ~43% of the aquarium length located outside the generator), 50.0% in the area characterized by relatively uniform value of artificial EMF (1 mT; the distance of 30 cm i.e. ~43% of the aquarium length located inside the generator), while 9.4% of polychaetes were found in the area characterized by the rapid change of EMF value (the distance of 10 cm i.e. ~14% of the aquarium length located in the middle)","direct","controlled experiment","NA","NA","NA","NA","NA","NA","NA","NA","1","40","YES","Yes","Experimental measures in a control environment. Results are analysed in an objectif manner. The paper provides an interesting insight on the effects of realistic EMF on benthic fauna.","40 individuals placed under the same experimental device","4RS5ZMU9","EPPI-Reviewer ID: 97356442","Jakubowska (2019)","Jakubowska M; Urban-Malinga B; Otremba Z; Andrulewicz E",2019,"Effect of low frequency electromagnetic field on the behavior and bioenergetics of the polychaete Hediste diversicolor","The aim of the present study was to determine the effect of an electromagnetic field (EMF) of value typically recorded in the vicinity of submarine cables (50 Hz, 1 mT) on the behavior and bioenergetics of the polychaete Hediste diversicolor. No avoidance or attraction behavior to EMF was shown, but the burrowing activity of H. diversicolor was enhanced in EMF treatment, indicating a stimulating effect on bioturbation potential. The polychaete maintained a positive energy balance and high amount (85% of assimilated energy) of energy available for individual production (scope for growth) after exposure to EMF. Food consumption and respiration rates were not affected but ammonia excretion rate was significantly reduced in EMF-exposed animals compared to the control conditions (geomagnetic field). The mechanisms behind this effect remain, however, unclear. This is the first study demonstrating the effects of environmentally realistic EMF value on the behavior and physiology of marine invertebrates, thus there is a need for more research.","MARINE ENVIRONMENTAL RESEARCH","journalArticle","WIND FARM; ANIMAL; ANIMALS; ARTICLE; CONTROLLED STUDY; GROWTH; NONHUMAN; PHYSIOLOGY; OFFSHORE WIND FARMS; POTENTIAL IMPACTS; RENEWABLE ENERGY; BEHAVIOR; OFFSHORE OIL WELL PRODUCTION; ANIMAL EXPERIMENT; ANIMALIA; ANIMAL BEHAVIOR; RESPIRATION; AVOIDANCE BEHAVIOR; ELECTROMAGNETIC FIELD; POLYCHAETE; ENERGY METABOLISM; INVERTEBRATA; FEEDING BEHAVIOR; ELECTROMAGNETIC FIELDS; PHYSIOLOGICAL RESPONSE; HELIOTHIS ZEA VIRUS 1; FOOD SUPPLY; AMMONIA; ENERGY CONVERSION; FOOD INTAKE; FREQUENCY; CABLE; SUBMARINE CABLES; SUBMARINES; BIOENERGY; ELECTROMAGNETISM; BIOTURBATION; BIOENERGETICS; AMMONIA EXCRETION; ATTRACTIVENESS; BIOCHEMISTRY; BURROWING; COLOR; EFFECTS-PHYSIOLOGY; ELECTROMAGNETIC FIELD EFFECTS; ELECTROSTIMULATION; ENERGY BALANCE; FOOD CONSUMPTION; GEOMAGNETISM; HEDISTE DIVERSICOLOR; INVERTEBRATE IMMUNOCYTES; MAGNETICALLY RESPONSIVE NEURONS; MICROBIAL RESPIRATION; POLYCHAETA; RAGWORM NEREIS-DIVERSICOLOR; SCOPE; SCOPE FOR GROWTH; SHAPE CHANGES; SUBMARINE POWER-CABLES; SUBMERGED BODY; THERAPY EFFECT",NA,"1879-0291","10.1016/j.marenvres.2019.104766",NA,"","","150","VOGEL Camille","","X","","","vogel","","","","","Vogel CH2: no changes in benthic conditions discussed here","","","Article","No - Continue","No - Continue","No - Continue","Benthic macro-invertebrates ","","Hediste diversicolor",NA,NA,NA,NA,NA,NA,"No",0,"Physical","","Input of other forms of energy","","No",NA,NA,NA,NA,"No",NA,NA,NA,"Yes","Measured",NA,"Mixed-Effect",NA,"No-Effect","No-Effect",NA,NA,"No",NA,NA,NA,NA,"Yes","Effect",NA,NA,"Yes",NA,"Effect","No",NA,NA,"""the survival of polychates amounted to 92.5%""; figs 4, 5, 6, 7, 8","No","No","Yes","No","No","No","No","No","No","No","Yes","No","No","No","No","No","No","No","No","Yes","No","No",NA,NA,NA,NA,NA,NA,NA,NA,NA,"Poland","53.130241, 19.982976","BALTIC SEA","","56.380157, 18.944315",NA,NA,NA,NA,NA,"No","No","Yes","No","No","No",NA,"Yes","Unsure","No","No","","Yes","""One of the technical solutions to minimize the magnetic induction value is using AC threecore cables (in which all three insulated conductors are placed into a single cable) instead of single-core, as  the close proximity of conductors almost completely nullifies the generated EMF (Meißner et al., 2006; Öhman et al., 2007). Another solution is to bury the cables in the sediment if possible, preferably at a depth not reachable for infaunal species, to reduce their potential exposure to magnetic fields, at least to the highest values or eventually planning the routes of underwater cables through the least sensitive areas.""","No","","Inlcuded",53,1,1,NA,NA,NA,NA,NA,NA,NA,NA,NA,NA,NA,NA,NA,NA,NA,NA,NA,NA,NA,NA,NA,"merged"
"247","4RS5ZMU9","EPPI-Reviewer ID: 97356442","Jakubowska (2019)","Jakubowska M; Urban-Malinga B; Otremba Z; Andrulewicz E",2019,"Effect of low frequency electromagnetic field on the behavior and bioenergetics of the polychaete Hediste diversicolor","The aim of the present study was to determine the effect of an electromagnetic field (EMF) of value typically recorded in the vicinity of submarine cables (50 Hz, 1 mT) on the behavior and bioenergetics of the polychaete Hediste diversicolor. No avoidance or attraction behavior to EMF was shown, but the burrowing activity of H. diversicolor was enhanced in EMF treatment, indicating a stimulating effect on bioturbation potential. The polychaete maintained a positive energy balance and high amount (85% of assimilated energy) of energy available for individual production (scope for growth) after exposure to EMF. Food consumption and respiration rates were not affected but ammonia excretion rate was significantly reduced in EMF-exposed animals compared to the control conditions (geomagnetic field). The mechanisms behind this effect remain, however, unclear. This is the first study demonstrating the effects of environmentally realistic EMF value on the behavior and physiology of marine invertebrates, thus there is a need for more research.","MARINE ENVIRONMENTAL RESEARCH","journalArticle","WIND FARM; ANIMAL; ANIMALS; ARTICLE; CONTROLLED STUDY; GROWTH; NONHUMAN; PHYSIOLOGY; OFFSHORE WIND FARMS; POTENTIAL IMPACTS; RENEWABLE ENERGY; BEHAVIOR; OFFSHORE OIL WELL PRODUCTION; ANIMAL EXPERIMENT; ANIMALIA; ANIMAL BEHAVIOR; RESPIRATION; AVOIDANCE BEHAVIOR; ELECTROMAGNETIC FIELD; POLYCHAETE; ENERGY METABOLISM; INVERTEBRATA; FEEDING BEHAVIOR; ELECTROMAGNETIC FIELDS; PHYSIOLOGICAL RESPONSE; HELIOTHIS ZEA VIRUS 1; FOOD SUPPLY; AMMONIA; ENERGY CONVERSION; FOOD INTAKE; FREQUENCY; CABLE; SUBMARINE CABLES; SUBMARINES; BIOENERGY; ELECTROMAGNETISM; BIOTURBATION; BIOENERGETICS; AMMONIA EXCRETION; ATTRACTIVENESS; BIOCHEMISTRY; BURROWING; COLOR; EFFECTS-PHYSIOLOGY; ELECTROMAGNETIC FIELD EFFECTS; ELECTROSTIMULATION; ENERGY BALANCE; FOOD CONSUMPTION; GEOMAGNETISM; HEDISTE DIVERSICOLOR; INVERTEBRATE IMMUNOCYTES; MAGNETICALLY RESPONSIVE NEURONS; MICROBIAL RESPIRATION; POLYCHAETA; RAGWORM NEREIS-DIVERSICOLOR; SCOPE; SCOPE FOR GROWTH; SHAPE CHANGES; SUBMARINE POWER-CABLES; SUBMERGED BODY; THERAPY EFFECT","1879-0291","10.1016/j.marenvres.2019.104766",NA,NA,150,"VOGEL Camille","vogel","Benthic macro-invertebrates ",NA,"Input of other forms of energy",NA,"yes",2,"Hediste diversicolor","NS","NA","NS","NS",NA,"not specified","not specified","NA","sensitivity known","""A 12-day exposure to 1 mT EMF resulted in significantly increased genotoxicity endpoints such as micronuclei and nuclear buds on filament, which can potentially affect the integrity of genetic material and cause a variety of diseases (Stankevičiūtė et al., 2019)""","AC","NS","NA","30","A","NA","""The EMF generator was designed and constructed at the Physics Department of Gdynia Maritime University. It consists of two identical Helmholtz coils arranged parallel to each other. The generator is powered by alternating current by connecting the encased regulating autotransformer KIEA 15 (Breve Tufvassons, Sweden) and two isolation transformers PFS60 (Breve Tufvassons, Sweden) which allow maintaining electrical current up to 20 A in the coils"".","AC","1E-3","50","""The generator produces an EMF with a frequency of 50 Hz and magnetic induction values up to 1 mT. The magnetic induction of 1 mT was chosen for experiments as the value within a range of environmentally relevant values occurring in the environment in the vicinity of AC cables (e.g. at a distance of 0.30m for 1600 A cable or 0.10m for 500 A; own calculations)""","NA","NA","NA","NA","NA","NA","NA","NA","0","8","days","8","ponctual","continuous","steady","sediment","Fig 1","NS","NA","no","no","NA","NA","other","quantitative","activity","sediment reworking","number of dyed particles per 10 cm3 per centimeter of sediment depth below the surface, number of individuals per cm of sediment depth","increase","yes","unknown","Figs 4,5; paragraph 3.2","direct","controlled experiment","NA","NA","NA","NA","NA","NA","NA","NA","6","1","YES","Yes","Experimental measures in a control environment. Results are analysed in an objectif manner. The paper provides an interesting insight on the effects of realistic EMF on benthic fauna.","6 microcosmes set up of both the control and the tested condition","4RS5ZMU9","EPPI-Reviewer ID: 97356442","Jakubowska (2019)","Jakubowska M; Urban-Malinga B; Otremba Z; Andrulewicz E",2019,"Effect of low frequency electromagnetic field on the behavior and bioenergetics of the polychaete Hediste diversicolor","The aim of the present study was to determine the effect of an electromagnetic field (EMF) of value typically recorded in the vicinity of submarine cables (50 Hz, 1 mT) on the behavior and bioenergetics of the polychaete Hediste diversicolor. No avoidance or attraction behavior to EMF was shown, but the burrowing activity of H. diversicolor was enhanced in EMF treatment, indicating a stimulating effect on bioturbation potential. The polychaete maintained a positive energy balance and high amount (85% of assimilated energy) of energy available for individual production (scope for growth) after exposure to EMF. Food consumption and respiration rates were not affected but ammonia excretion rate was significantly reduced in EMF-exposed animals compared to the control conditions (geomagnetic field). The mechanisms behind this effect remain, however, unclear. This is the first study demonstrating the effects of environmentally realistic EMF value on the behavior and physiology of marine invertebrates, thus there is a need for more research.","MARINE ENVIRONMENTAL RESEARCH","journalArticle","WIND FARM; ANIMAL; ANIMALS; ARTICLE; CONTROLLED STUDY; GROWTH; NONHUMAN; PHYSIOLOGY; OFFSHORE WIND FARMS; POTENTIAL IMPACTS; RENEWABLE ENERGY; BEHAVIOR; OFFSHORE OIL WELL PRODUCTION; ANIMAL EXPERIMENT; ANIMALIA; ANIMAL BEHAVIOR; RESPIRATION; AVOIDANCE BEHAVIOR; ELECTROMAGNETIC FIELD; POLYCHAETE; ENERGY METABOLISM; INVERTEBRATA; FEEDING BEHAVIOR; ELECTROMAGNETIC FIELDS; PHYSIOLOGICAL RESPONSE; HELIOTHIS ZEA VIRUS 1; FOOD SUPPLY; AMMONIA; ENERGY CONVERSION; FOOD INTAKE; FREQUENCY; CABLE; SUBMARINE CABLES; SUBMARINES; BIOENERGY; ELECTROMAGNETISM; BIOTURBATION; BIOENERGETICS; AMMONIA EXCRETION; ATTRACTIVENESS; BIOCHEMISTRY; BURROWING; COLOR; EFFECTS-PHYSIOLOGY; ELECTROMAGNETIC FIELD EFFECTS; ELECTROSTIMULATION; ENERGY BALANCE; FOOD CONSUMPTION; GEOMAGNETISM; HEDISTE DIVERSICOLOR; INVERTEBRATE IMMUNOCYTES; MAGNETICALLY RESPONSIVE NEURONS; MICROBIAL RESPIRATION; POLYCHAETA; RAGWORM NEREIS-DIVERSICOLOR; SCOPE; SCOPE FOR GROWTH; SHAPE CHANGES; SUBMARINE POWER-CABLES; SUBMERGED BODY; THERAPY EFFECT",NA,"1879-0291","10.1016/j.marenvres.2019.104766",NA,"","","150","VOGEL Camille","","X","","","vogel","","","","","Vogel CH2: no changes in benthic conditions discussed here","","","Article","No - Continue","No - Continue","No - Continue","Benthic macro-invertebrates ","","Hediste diversicolor",NA,NA,NA,NA,NA,NA,"No",0,"Physical","","Input of other forms of energy","","No",NA,NA,NA,NA,"No",NA,NA,NA,"Yes","Measured",NA,"Mixed-Effect",NA,"No-Effect","No-Effect",NA,NA,"No",NA,NA,NA,NA,"Yes","Effect",NA,NA,"Yes",NA,"Effect","No",NA,NA,"""the survival of polychates amounted to 92.5%""; figs 4, 5, 6, 7, 8","No","No","Yes","No","No","No","No","No","No","No","Yes","No","No","No","No","No","No","No","No","Yes","No","No",NA,NA,NA,NA,NA,NA,NA,NA,NA,"Poland","53.130241, 19.982976","BALTIC SEA","","56.380157, 18.944315",NA,NA,NA,NA,NA,"No","No","Yes","No","No","No",NA,"Yes","Unsure","No","No","","Yes","""One of the technical solutions to minimize the magnetic induction value is using AC threecore cables (in which all three insulated conductors are placed into a single cable) instead of single-core, as  the close proximity of conductors almost completely nullifies the generated EMF (Meißner et al., 2006; Öhman et al., 2007). Another solution is to bury the cables in the sediment if possible, preferably at a depth not reachable for infaunal species, to reduce their potential exposure to magnetic fields, at least to the highest values or eventually planning the routes of underwater cables through the least sensitive areas.""","No","","Inlcuded",54,1,1,NA,NA,NA,NA,NA,NA,NA,NA,NA,NA,NA,NA,NA,NA,NA,NA,NA,NA,NA,NA,NA,"merged"
"247","4RS5ZMU9","EPPI-Reviewer ID: 97356442","Jakubowska (2019)","Jakubowska M; Urban-Malinga B; Otremba Z; Andrulewicz E",2019,"Effect of low frequency electromagnetic field on the behavior and bioenergetics of the polychaete Hediste diversicolor","The aim of the present study was to determine the effect of an electromagnetic field (EMF) of value typically recorded in the vicinity of submarine cables (50 Hz, 1 mT) on the behavior and bioenergetics of the polychaete Hediste diversicolor. No avoidance or attraction behavior to EMF was shown, but the burrowing activity of H. diversicolor was enhanced in EMF treatment, indicating a stimulating effect on bioturbation potential. The polychaete maintained a positive energy balance and high amount (85% of assimilated energy) of energy available for individual production (scope for growth) after exposure to EMF. Food consumption and respiration rates were not affected but ammonia excretion rate was significantly reduced in EMF-exposed animals compared to the control conditions (geomagnetic field). The mechanisms behind this effect remain, however, unclear. This is the first study demonstrating the effects of environmentally realistic EMF value on the behavior and physiology of marine invertebrates, thus there is a need for more research.","MARINE ENVIRONMENTAL RESEARCH","journalArticle","WIND FARM; ANIMAL; ANIMALS; ARTICLE; CONTROLLED STUDY; GROWTH; NONHUMAN; PHYSIOLOGY; OFFSHORE WIND FARMS; POTENTIAL IMPACTS; RENEWABLE ENERGY; BEHAVIOR; OFFSHORE OIL WELL PRODUCTION; ANIMAL EXPERIMENT; ANIMALIA; ANIMAL BEHAVIOR; RESPIRATION; AVOIDANCE BEHAVIOR; ELECTROMAGNETIC FIELD; POLYCHAETE; ENERGY METABOLISM; INVERTEBRATA; FEEDING BEHAVIOR; ELECTROMAGNETIC FIELDS; PHYSIOLOGICAL RESPONSE; HELIOTHIS ZEA VIRUS 1; FOOD SUPPLY; AMMONIA; ENERGY CONVERSION; FOOD INTAKE; FREQUENCY; CABLE; SUBMARINE CABLES; SUBMARINES; BIOENERGY; ELECTROMAGNETISM; BIOTURBATION; BIOENERGETICS; AMMONIA EXCRETION; ATTRACTIVENESS; BIOCHEMISTRY; BURROWING; COLOR; EFFECTS-PHYSIOLOGY; ELECTROMAGNETIC FIELD EFFECTS; ELECTROSTIMULATION; ENERGY BALANCE; FOOD CONSUMPTION; GEOMAGNETISM; HEDISTE DIVERSICOLOR; INVERTEBRATE IMMUNOCYTES; MAGNETICALLY RESPONSIVE NEURONS; MICROBIAL RESPIRATION; POLYCHAETA; RAGWORM NEREIS-DIVERSICOLOR; SCOPE; SCOPE FOR GROWTH; SHAPE CHANGES; SUBMARINE POWER-CABLES; SUBMERGED BODY; THERAPY EFFECT","1879-0291","10.1016/j.marenvres.2019.104766",NA,NA,150,"VOGEL Camille","vogel","Benthic macro-invertebrates ",NA,"Input of other forms of energy",NA,"yes",3,"Hediste diversicolor","NS","NA","NS","NS",NA,"not specified","not specified","NA","sensitivity known","""A 12-day exposure to 1 mT EMF resulted in significantly increased genotoxicity endpoints such as micronuclei and nuclear buds on filament, which can potentially affect the integrity of genetic material and cause a variety of diseases (Stankevičiūtė et al., 2019)""","AC","NS","NA","30","A","NA","""The EMF generator was designed and constructed at the Physics Department of Gdynia Maritime University. It consists of two identical Helmholtz coils arranged parallel to each other. The generator is powered by alternating current by connecting the encased regulating autotransformer KIEA 15 (Breve Tufvassons, Sweden) and two isolation transformers PFS60 (Breve Tufvassons, Sweden) which allow maintaining electrical current up to 20 A in the coils"".","AC","1E-3","50","""The generator produces an EMF with a frequency of 50 Hz and magnetic induction values up to 1 mT. The magnetic induction of 1 mT was chosen for experiments as the value within a range of environmentally relevant values occurring in the environment in the vicinity of AC cables (e.g. at a distance of 0.30m for 1600 A cable or 0.10m for 500 A; own calculations)""","NA","NA","NA","NA","NA","NA","NA","NA","0","6","days","6","ponctual","continuous","steady","water-sediment interface","Fig 1","NS","NA","no","no","NA","individual","NA","quantitative","fitness","food consumption rate","J/g of animal wet weight/day, absorption efficiency parameter,","no impact/negligible","no","unknown","""The absorption efficiency was very high and amounted to 96.89 ± 0.53 and 97.04 ± 0.60% in the control and EMF treatments, respectively (Fig. 6B). The change in food consumption was not statistically significant (t-test, t=−1.508, p=0.144) even though this rate increased by 29% in individuals exposed to the experimental factor. Neither was the effect of EMF on the food absorption efficiency (t-test t=−0.671, p=0.508).""","direct","controlled experiment","NA","NA","NA","NA","NA","NA","NA","NA","1","15","YES","Yes","Experimental measures in a control environment. Results are analysed in an objectif manner. The paper provides an interesting insight on the effects of realistic EMF on benthic fauna.","15 individuals in both the control and the tested condition. Only 13 survived and allowed measures to be taken","4RS5ZMU9","EPPI-Reviewer ID: 97356442","Jakubowska (2019)","Jakubowska M; Urban-Malinga B; Otremba Z; Andrulewicz E",2019,"Effect of low frequency electromagnetic field on the behavior and bioenergetics of the polychaete Hediste diversicolor","The aim of the present study was to determine the effect of an electromagnetic field (EMF) of value typically recorded in the vicinity of submarine cables (50 Hz, 1 mT) on the behavior and bioenergetics of the polychaete Hediste diversicolor. No avoidance or attraction behavior to EMF was shown, but the burrowing activity of H. diversicolor was enhanced in EMF treatment, indicating a stimulating effect on bioturbation potential. The polychaete maintained a positive energy balance and high amount (85% of assimilated energy) of energy available for individual production (scope for growth) after exposure to EMF. Food consumption and respiration rates were not affected but ammonia excretion rate was significantly reduced in EMF-exposed animals compared to the control conditions (geomagnetic field). The mechanisms behind this effect remain, however, unclear. This is the first study demonstrating the effects of environmentally realistic EMF value on the behavior and physiology of marine invertebrates, thus there is a need for more research.","MARINE ENVIRONMENTAL RESEARCH","journalArticle","WIND FARM; ANIMAL; ANIMALS; ARTICLE; CONTROLLED STUDY; GROWTH; NONHUMAN; PHYSIOLOGY; OFFSHORE WIND FARMS; POTENTIAL IMPACTS; RENEWABLE ENERGY; BEHAVIOR; OFFSHORE OIL WELL PRODUCTION; ANIMAL EXPERIMENT; ANIMALIA; ANIMAL BEHAVIOR; RESPIRATION; AVOIDANCE BEHAVIOR; ELECTROMAGNETIC FIELD; POLYCHAETE; ENERGY METABOLISM; INVERTEBRATA; FEEDING BEHAVIOR; ELECTROMAGNETIC FIELDS; PHYSIOLOGICAL RESPONSE; HELIOTHIS ZEA VIRUS 1; FOOD SUPPLY; AMMONIA; ENERGY CONVERSION; FOOD INTAKE; FREQUENCY; CABLE; SUBMARINE CABLES; SUBMARINES; BIOENERGY; ELECTROMAGNETISM; BIOTURBATION; BIOENERGETICS; AMMONIA EXCRETION; ATTRACTIVENESS; BIOCHEMISTRY; BURROWING; COLOR; EFFECTS-PHYSIOLOGY; ELECTROMAGNETIC FIELD EFFECTS; ELECTROSTIMULATION; ENERGY BALANCE; FOOD CONSUMPTION; GEOMAGNETISM; HEDISTE DIVERSICOLOR; INVERTEBRATE IMMUNOCYTES; MAGNETICALLY RESPONSIVE NEURONS; MICROBIAL RESPIRATION; POLYCHAETA; RAGWORM NEREIS-DIVERSICOLOR; SCOPE; SCOPE FOR GROWTH; SHAPE CHANGES; SUBMARINE POWER-CABLES; SUBMERGED BODY; THERAPY EFFECT",NA,"1879-0291","10.1016/j.marenvres.2019.104766",NA,"","","150","VOGEL Camille","","X","","","vogel","","","","","Vogel CH2: no changes in benthic conditions discussed here","","","Article","No - Continue","No - Continue","No - Continue","Benthic macro-invertebrates ","","Hediste diversicolor",NA,NA,NA,NA,NA,NA,"No",0,"Physical","","Input of other forms of energy","","No",NA,NA,NA,NA,"No",NA,NA,NA,"Yes","Measured",NA,"Mixed-Effect",NA,"No-Effect","No-Effect",NA,NA,"No",NA,NA,NA,NA,"Yes","Effect",NA,NA,"Yes",NA,"Effect","No",NA,NA,"""the survival of polychates amounted to 92.5%""; figs 4, 5, 6, 7, 8","No","No","Yes","No","No","No","No","No","No","No","Yes","No","No","No","No","No","No","No","No","Yes","No","No",NA,NA,NA,NA,NA,NA,NA,NA,NA,"Poland","53.130241, 19.982976","BALTIC SEA","","56.380157, 18.944315",NA,NA,NA,NA,NA,"No","No","Yes","No","No","No",NA,"Yes","Unsure","No","No","","Yes","""One of the technical solutions to minimize the magnetic induction value is using AC threecore cables (in which all three insulated conductors are placed into a single cable) instead of single-core, as  the close proximity of conductors almost completely nullifies the generated EMF (Meißner et al., 2006; Öhman et al., 2007). Another solution is to bury the cables in the sediment if possible, preferably at a depth not reachable for infaunal species, to reduce their potential exposure to magnetic fields, at least to the highest values or eventually planning the routes of underwater cables through the least sensitive areas.""","No","","Inlcuded",55,1,1,NA,NA,NA,NA,NA,NA,NA,NA,NA,NA,NA,NA,NA,NA,NA,NA,NA,NA,NA,NA,NA,"merged"
"247","4RS5ZMU9","EPPI-Reviewer ID: 97356442","Jakubowska (2019)","Jakubowska M; Urban-Malinga B; Otremba Z; Andrulewicz E",2019,"Effect of low frequency electromagnetic field on the behavior and bioenergetics of the polychaete Hediste diversicolor","The aim of the present study was to determine the effect of an electromagnetic field (EMF) of value typically recorded in the vicinity of submarine cables (50 Hz, 1 mT) on the behavior and bioenergetics of the polychaete Hediste diversicolor. No avoidance or attraction behavior to EMF was shown, but the burrowing activity of H. diversicolor was enhanced in EMF treatment, indicating a stimulating effect on bioturbation potential. The polychaete maintained a positive energy balance and high amount (85% of assimilated energy) of energy available for individual production (scope for growth) after exposure to EMF. Food consumption and respiration rates were not affected but ammonia excretion rate was significantly reduced in EMF-exposed animals compared to the control conditions (geomagnetic field). The mechanisms behind this effect remain, however, unclear. This is the first study demonstrating the effects of environmentally realistic EMF value on the behavior and physiology of marine invertebrates, thus there is a need for more research.","MARINE ENVIRONMENTAL RESEARCH","journalArticle","WIND FARM; ANIMAL; ANIMALS; ARTICLE; CONTROLLED STUDY; GROWTH; NONHUMAN; PHYSIOLOGY; OFFSHORE WIND FARMS; POTENTIAL IMPACTS; RENEWABLE ENERGY; BEHAVIOR; OFFSHORE OIL WELL PRODUCTION; ANIMAL EXPERIMENT; ANIMALIA; ANIMAL BEHAVIOR; RESPIRATION; AVOIDANCE BEHAVIOR; ELECTROMAGNETIC FIELD; POLYCHAETE; ENERGY METABOLISM; INVERTEBRATA; FEEDING BEHAVIOR; ELECTROMAGNETIC FIELDS; PHYSIOLOGICAL RESPONSE; HELIOTHIS ZEA VIRUS 1; FOOD SUPPLY; AMMONIA; ENERGY CONVERSION; FOOD INTAKE; FREQUENCY; CABLE; SUBMARINE CABLES; SUBMARINES; BIOENERGY; ELECTROMAGNETISM; BIOTURBATION; BIOENERGETICS; AMMONIA EXCRETION; ATTRACTIVENESS; BIOCHEMISTRY; BURROWING; COLOR; EFFECTS-PHYSIOLOGY; ELECTROMAGNETIC FIELD EFFECTS; ELECTROSTIMULATION; ENERGY BALANCE; FOOD CONSUMPTION; GEOMAGNETISM; HEDISTE DIVERSICOLOR; INVERTEBRATE IMMUNOCYTES; MAGNETICALLY RESPONSIVE NEURONS; MICROBIAL RESPIRATION; POLYCHAETA; RAGWORM NEREIS-DIVERSICOLOR; SCOPE; SCOPE FOR GROWTH; SHAPE CHANGES; SUBMARINE POWER-CABLES; SUBMERGED BODY; THERAPY EFFECT","1879-0291","10.1016/j.marenvres.2019.104766",NA,NA,150,"VOGEL Camille","vogel","Benthic macro-invertebrates ",NA,"Input of other forms of energy",NA,"yes",4,"Hediste diversicolor","NS","NA","NS","NS",NA,"not specified","not specified","NA","sensitivity known","""A 12-day exposure to 1 mT EMF resulted in significantly increased genotoxicity endpoints such as micronuclei and nuclear buds on filament, which can potentially affect the integrity of genetic material and cause a variety of diseases (Stankevičiūtė et al., 2019)""","AC","NS","NA","30","A","NA","""The EMF generator was designed and constructed at the Physics Department of Gdynia Maritime University. It consists of two identical Helmholtz coils arranged parallel to each other. The generator is powered by alternating current by connecting the encased regulating autotransformer KIEA 15 (Breve Tufvassons, Sweden) and two isolation transformers PFS60 (Breve Tufvassons, Sweden) which allow maintaining electrical current up to 20 A in the coils"".","AC","1E-3","50","""The generator produces an EMF with a frequency of 50 Hz and magnetic induction values up to 1 mT. The magnetic induction of 1 mT was chosen for experiments as the value within a range of environmentally relevant values occurring in the environment in the vicinity of AC cables (e.g. at a distance of 0.30m for 1600 A cable or 0.10m for 500 A; own calculations)""","NA","NA","NA","NA","NA","NA","NA","NA","0","8","days","8","ponctual","continuous","steady","water-sediment interface","Fig 1","NS","NA","no","no","NA","individual","NA","quantitative","fitness","Respiration rate","µmol/g of animal wet weight/day","increase","no","unknown","Fig 7a; ""The resting respiration rate of H. diversicolor varied between 53.92 ± 37.59 and 68.54 ± 32.11 J g−1 wet wt d−1 (119.82 ± 83.53 and 152.32 ± 71.35 μmol g−1 wet wt d−1) in the control and EMF treatments, respectively. Although the rate of this process increased by 27% for the EMF treatment compared to the control group (Fig. 7A), this effect was not statistically significant (Mann-Whitney U test, U=55, p=0.137).""","direct","controlled experiment","NA","NA","NA","NA","NA","NA","NA","NA","1","15","YES","Yes","Experimental measures in a control environment. Results are analysed in an objectif manner. The paper provides an interesting insight on the effects of realistic EMF on benthic fauna.","15 individuals in both the control and the tested condition. Only 13 survived and allowed measures to be taken","4RS5ZMU9","EPPI-Reviewer ID: 97356442","Jakubowska (2019)","Jakubowska M; Urban-Malinga B; Otremba Z; Andrulewicz E",2019,"Effect of low frequency electromagnetic field on the behavior and bioenergetics of the polychaete Hediste diversicolor","The aim of the present study was to determine the effect of an electromagnetic field (EMF) of value typically recorded in the vicinity of submarine cables (50 Hz, 1 mT) on the behavior and bioenergetics of the polychaete Hediste diversicolor. No avoidance or attraction behavior to EMF was shown, but the burrowing activity of H. diversicolor was enhanced in EMF treatment, indicating a stimulating effect on bioturbation potential. The polychaete maintained a positive energy balance and high amount (85% of assimilated energy) of energy available for individual production (scope for growth) after exposure to EMF. Food consumption and respiration rates were not affected but ammonia excretion rate was significantly reduced in EMF-exposed animals compared to the control conditions (geomagnetic field). The mechanisms behind this effect remain, however, unclear. This is the first study demonstrating the effects of environmentally realistic EMF value on the behavior and physiology of marine invertebrates, thus there is a need for more research.","MARINE ENVIRONMENTAL RESEARCH","journalArticle","WIND FARM; ANIMAL; ANIMALS; ARTICLE; CONTROLLED STUDY; GROWTH; NONHUMAN; PHYSIOLOGY; OFFSHORE WIND FARMS; POTENTIAL IMPACTS; RENEWABLE ENERGY; BEHAVIOR; OFFSHORE OIL WELL PRODUCTION; ANIMAL EXPERIMENT; ANIMALIA; ANIMAL BEHAVIOR; RESPIRATION; AVOIDANCE BEHAVIOR; ELECTROMAGNETIC FIELD; POLYCHAETE; ENERGY METABOLISM; INVERTEBRATA; FEEDING BEHAVIOR; ELECTROMAGNETIC FIELDS; PHYSIOLOGICAL RESPONSE; HELIOTHIS ZEA VIRUS 1; FOOD SUPPLY; AMMONIA; ENERGY CONVERSION; FOOD INTAKE; FREQUENCY; CABLE; SUBMARINE CABLES; SUBMARINES; BIOENERGY; ELECTROMAGNETISM; BIOTURBATION; BIOENERGETICS; AMMONIA EXCRETION; ATTRACTIVENESS; BIOCHEMISTRY; BURROWING; COLOR; EFFECTS-PHYSIOLOGY; ELECTROMAGNETIC FIELD EFFECTS; ELECTROSTIMULATION; ENERGY BALANCE; FOOD CONSUMPTION; GEOMAGNETISM; HEDISTE DIVERSICOLOR; INVERTEBRATE IMMUNOCYTES; MAGNETICALLY RESPONSIVE NEURONS; MICROBIAL RESPIRATION; POLYCHAETA; RAGWORM NEREIS-DIVERSICOLOR; SCOPE; SCOPE FOR GROWTH; SHAPE CHANGES; SUBMARINE POWER-CABLES; SUBMERGED BODY; THERAPY EFFECT",NA,"1879-0291","10.1016/j.marenvres.2019.104766",NA,"","","150","VOGEL Camille","","X","","","vogel","","","","","Vogel CH2: no changes in benthic conditions discussed here","","","Article","No - Continue","No - Continue","No - Continue","Benthic macro-invertebrates ","","Hediste diversicolor",NA,NA,NA,NA,NA,NA,"No",0,"Physical","","Input of other forms of energy","","No",NA,NA,NA,NA,"No",NA,NA,NA,"Yes","Measured",NA,"Mixed-Effect",NA,"No-Effect","No-Effect",NA,NA,"No",NA,NA,NA,NA,"Yes","Effect",NA,NA,"Yes",NA,"Effect","No",NA,NA,"""the survival of polychates amounted to 92.5%""; figs 4, 5, 6, 7, 8","No","No","Yes","No","No","No","No","No","No","No","Yes","No","No","No","No","No","No","No","No","Yes","No","No",NA,NA,NA,NA,NA,NA,NA,NA,NA,"Poland","53.130241, 19.982976","BALTIC SEA","","56.380157, 18.944315",NA,NA,NA,NA,NA,"No","No","Yes","No","No","No",NA,"Yes","Unsure","No","No","","Yes","""One of the technical solutions to minimize the magnetic induction value is using AC threecore cables (in which all three insulated conductors are placed into a single cable) instead of single-core, as  the close proximity of conductors almost completely nullifies the generated EMF (Meißner et al., 2006; Öhman et al., 2007). Another solution is to bury the cables in the sediment if possible, preferably at a depth not reachable for infaunal species, to reduce their potential exposure to magnetic fields, at least to the highest values or eventually planning the routes of underwater cables through the least sensitive areas.""","No","","Inlcuded",56,1,1,NA,NA,NA,NA,NA,NA,NA,NA,NA,NA,NA,NA,NA,NA,NA,NA,NA,NA,NA,NA,NA,"merged"
"247","4RS5ZMU9","EPPI-Reviewer ID: 97356442","Jakubowska (2019)","Jakubowska M; Urban-Malinga B; Otremba Z; Andrulewicz E",2019,"Effect of low frequency electromagnetic field on the behavior and bioenergetics of the polychaete Hediste diversicolor","The aim of the present study was to determine the effect of an electromagnetic field (EMF) of value typically recorded in the vicinity of submarine cables (50 Hz, 1 mT) on the behavior and bioenergetics of the polychaete Hediste diversicolor. No avoidance or attraction behavior to EMF was shown, but the burrowing activity of H. diversicolor was enhanced in EMF treatment, indicating a stimulating effect on bioturbation potential. The polychaete maintained a positive energy balance and high amount (85% of assimilated energy) of energy available for individual production (scope for growth) after exposure to EMF. Food consumption and respiration rates were not affected but ammonia excretion rate was significantly reduced in EMF-exposed animals compared to the control conditions (geomagnetic field). The mechanisms behind this effect remain, however, unclear. This is the first study demonstrating the effects of environmentally realistic EMF value on the behavior and physiology of marine invertebrates, thus there is a need for more research.","MARINE ENVIRONMENTAL RESEARCH","journalArticle","WIND FARM; ANIMAL; ANIMALS; ARTICLE; CONTROLLED STUDY; GROWTH; NONHUMAN; PHYSIOLOGY; OFFSHORE WIND FARMS; POTENTIAL IMPACTS; RENEWABLE ENERGY; BEHAVIOR; OFFSHORE OIL WELL PRODUCTION; ANIMAL EXPERIMENT; ANIMALIA; ANIMAL BEHAVIOR; RESPIRATION; AVOIDANCE BEHAVIOR; ELECTROMAGNETIC FIELD; POLYCHAETE; ENERGY METABOLISM; INVERTEBRATA; FEEDING BEHAVIOR; ELECTROMAGNETIC FIELDS; PHYSIOLOGICAL RESPONSE; HELIOTHIS ZEA VIRUS 1; FOOD SUPPLY; AMMONIA; ENERGY CONVERSION; FOOD INTAKE; FREQUENCY; CABLE; SUBMARINE CABLES; SUBMARINES; BIOENERGY; ELECTROMAGNETISM; BIOTURBATION; BIOENERGETICS; AMMONIA EXCRETION; ATTRACTIVENESS; BIOCHEMISTRY; BURROWING; COLOR; EFFECTS-PHYSIOLOGY; ELECTROMAGNETIC FIELD EFFECTS; ELECTROSTIMULATION; ENERGY BALANCE; FOOD CONSUMPTION; GEOMAGNETISM; HEDISTE DIVERSICOLOR; INVERTEBRATE IMMUNOCYTES; MAGNETICALLY RESPONSIVE NEURONS; MICROBIAL RESPIRATION; POLYCHAETA; RAGWORM NEREIS-DIVERSICOLOR; SCOPE; SCOPE FOR GROWTH; SHAPE CHANGES; SUBMARINE POWER-CABLES; SUBMERGED BODY; THERAPY EFFECT","1879-0291","10.1016/j.marenvres.2019.104766",NA,NA,150,"VOGEL Camille","vogel","Benthic macro-invertebrates ",NA,"Input of other forms of energy",NA,"yes",5,"Hediste diversicolor","NS","NA","NS","NS",NA,"not specified","not specified","NA","sensitivity known","""A 12-day exposure to 1 mT EMF resulted in significantly increased genotoxicity endpoints such as micronuclei and nuclear buds on filament, which can potentially affect the integrity of genetic material and cause a variety of diseases (Stankevičiūtė et al., 2019)""","AC","NS","NA","30","A","NA","""The EMF generator was designed and constructed at the Physics Department of Gdynia Maritime University. It consists of two identical Helmholtz coils arranged parallel to each other. The generator is powered by alternating current by connecting the encased regulating autotransformer KIEA 15 (Breve Tufvassons, Sweden) and two isolation transformers PFS60 (Breve Tufvassons, Sweden) which allow maintaining electrical current up to 20 A in the coils"".","AC","1E-3","50","""The generator produces an EMF with a frequency of 50 Hz and magnetic induction values up to 1 mT. The magnetic induction of 1 mT was chosen for experiments as the value within a range of environmentally relevant values occurring in the environment in the vicinity of AC cables (e.g. at a distance of 0.30m for 1600 A cable or 0.10m for 500 A; own calculations)""","NA","NA","NA","NA","NA","NA","NA","NA","0","8","days","8","ponctual","continuous","steady","water-sediment interface","Fig 1","NS","NA","no","no","NA","individual","NA","quantitative","fitness","ammonia excretion rate","µmol/g of animal wet weight/day","decrease","yes","unknown","Fig 7b; ""The 8-day exposure to EMF of 1 mT significantly affected the ammonia excretion rate (Mann-Whitney U test, U=40, p=0.024) which was lower in animals exposed to EMF (3.20 ± 2.28 J g−1 wet wt d−1=9.21 ± 6.55 μmol g−1 wet wt d−1) compared to the control ones (4.40 ± 1.76 J g−1 wet wt d−1=12.63 ± 5.05 μmol g−1 wet wt d−1; Fig. 7B)""","direct","controlled experiment","NA","NA","NA","NA","NA","NA","NA","NA","1","15","YES","Yes","Experimental measures in a control environment. Results are analysed in an objectif manner. The paper provides an interesting insight on the effects of realistic EMF on benthic fauna.","15 individuals in both the control and the tested condition. Only 13 survived and allowed measures to be taken","4RS5ZMU9","EPPI-Reviewer ID: 97356442","Jakubowska (2019)","Jakubowska M; Urban-Malinga B; Otremba Z; Andrulewicz E",2019,"Effect of low frequency electromagnetic field on the behavior and bioenergetics of the polychaete Hediste diversicolor","The aim of the present study was to determine the effect of an electromagnetic field (EMF) of value typically recorded in the vicinity of submarine cables (50 Hz, 1 mT) on the behavior and bioenergetics of the polychaete Hediste diversicolor. No avoidance or attraction behavior to EMF was shown, but the burrowing activity of H. diversicolor was enhanced in EMF treatment, indicating a stimulating effect on bioturbation potential. The polychaete maintained a positive energy balance and high amount (85% of assimilated energy) of energy available for individual production (scope for growth) after exposure to EMF. Food consumption and respiration rates were not affected but ammonia excretion rate was significantly reduced in EMF-exposed animals compared to the control conditions (geomagnetic field). The mechanisms behind this effect remain, however, unclear. This is the first study demonstrating the effects of environmentally realistic EMF value on the behavior and physiology of marine invertebrates, thus there is a need for more research.","MARINE ENVIRONMENTAL RESEARCH","journalArticle","WIND FARM; ANIMAL; ANIMALS; ARTICLE; CONTROLLED STUDY; GROWTH; NONHUMAN; PHYSIOLOGY; OFFSHORE WIND FARMS; POTENTIAL IMPACTS; RENEWABLE ENERGY; BEHAVIOR; OFFSHORE OIL WELL PRODUCTION; ANIMAL EXPERIMENT; ANIMALIA; ANIMAL BEHAVIOR; RESPIRATION; AVOIDANCE BEHAVIOR; ELECTROMAGNETIC FIELD; POLYCHAETE; ENERGY METABOLISM; INVERTEBRATA; FEEDING BEHAVIOR; ELECTROMAGNETIC FIELDS; PHYSIOLOGICAL RESPONSE; HELIOTHIS ZEA VIRUS 1; FOOD SUPPLY; AMMONIA; ENERGY CONVERSION; FOOD INTAKE; FREQUENCY; CABLE; SUBMARINE CABLES; SUBMARINES; BIOENERGY; ELECTROMAGNETISM; BIOTURBATION; BIOENERGETICS; AMMONIA EXCRETION; ATTRACTIVENESS; BIOCHEMISTRY; BURROWING; COLOR; EFFECTS-PHYSIOLOGY; ELECTROMAGNETIC FIELD EFFECTS; ELECTROSTIMULATION; ENERGY BALANCE; FOOD CONSUMPTION; GEOMAGNETISM; HEDISTE DIVERSICOLOR; INVERTEBRATE IMMUNOCYTES; MAGNETICALLY RESPONSIVE NEURONS; MICROBIAL RESPIRATION; POLYCHAETA; RAGWORM NEREIS-DIVERSICOLOR; SCOPE; SCOPE FOR GROWTH; SHAPE CHANGES; SUBMARINE POWER-CABLES; SUBMERGED BODY; THERAPY EFFECT",NA,"1879-0291","10.1016/j.marenvres.2019.104766",NA,"","","150","VOGEL Camille","","X","","","vogel","","","","","Vogel CH2: no changes in benthic conditions discussed here","","","Article","No - Continue","No - Continue","No - Continue","Benthic macro-invertebrates ","","Hediste diversicolor",NA,NA,NA,NA,NA,NA,"No",0,"Physical","","Input of other forms of energy","","No",NA,NA,NA,NA,"No",NA,NA,NA,"Yes","Measured",NA,"Mixed-Effect",NA,"No-Effect","No-Effect",NA,NA,"No",NA,NA,NA,NA,"Yes","Effect",NA,NA,"Yes",NA,"Effect","No",NA,NA,"""the survival of polychates amounted to 92.5%""; figs 4, 5, 6, 7, 8","No","No","Yes","No","No","No","No","No","No","No","Yes","No","No","No","No","No","No","No","No","Yes","No","No",NA,NA,NA,NA,NA,NA,NA,NA,NA,"Poland","53.130241, 19.982976","BALTIC SEA","","56.380157, 18.944315",NA,NA,NA,NA,NA,"No","No","Yes","No","No","No",NA,"Yes","Unsure","No","No","","Yes","""One of the technical solutions to minimize the magnetic induction value is using AC threecore cables (in which all three insulated conductors are placed into a single cable) instead of single-core, as  the close proximity of conductors almost completely nullifies the generated EMF (Meißner et al., 2006; Öhman et al., 2007). Another solution is to bury the cables in the sediment if possible, preferably at a depth not reachable for infaunal species, to reduce their potential exposure to magnetic fields, at least to the highest values or eventually planning the routes of underwater cables through the least sensitive areas.""","No","","Inlcuded",57,1,1,NA,NA,NA,NA,NA,NA,NA,NA,NA,NA,NA,NA,NA,NA,NA,NA,NA,NA,NA,NA,NA,"merged"
"248","F9TV7JQR",NA,"Jakubowska-Lehrmann (2022)","Jakubowska-Lehrmann M; Bialowas M; Otremba Z; Hallmann A; Sliwinska-Wilczewska S; Urban-Malinga B",2022,"Do magnetic fields related to submarine power cables affect the functioning of a common bivalve?","The aim of the study was to determine the effect of static magnetic field (SMF) and electromagnetic field (EMF), of values usually recorded near submarine cables, on the bioenergetics, oxidative stress, and neurotoxicity in the cockle Cerastoderma glaucum. Bivalves maintained a positive energy balance, but the filtration rate and energy available for individual production were significantly lower in SMF-exposed animals compared to the control treatment. No changes in the respiration were noted but ammonia excretion rate was significantly lower after exposure to EMF. Changes in the activities of antioxidant enzymes and the lipid peroxidation were not observed however, exposure to both fields resulted in increased protein carbonylation. After exposure to EMF a significant inhibition of acetylcholinesterase activity was observed. As the present study for the first time revealed the oxidative damage and neurotoxicity in marine invertebrate after exposure to artificial magnetic fields, the need for further research is highlighted.","MARINE ENVIRONMENTAL RESEARCH","journalArticle","WIND FARM; ANIMAL; ANIMALS; ARTICLE; CONTROLLED STUDY; GROWTH; NONHUMAN; TEMPERATURE; OFFSHORE WIND FARMS; POTENTIAL IMPACTS; ELECTROMAGNETIC-FIELDS; OFFSHORE OIL WELL PRODUCTION; MAGNETIC FIELD; OFFSHORE STRUCTURE; ENERGY RESOURCE; ELECTROMAGNETIC FIELD; BIVALVE; BIVALVIA; TOXICITY; MOLLUSCS; SUBMARINE CABLE; RESPONSES; ELECTROMAGNETIC FIELDS; ENERGY YIELD; AMMONIA; ANTIOXIDANT ACTIVITY; LIPID PEROXIDATION; OXIDATIVE STRESS; STATIC MAGNETIC FIELDS; SUBMARINE CABLES; SUBMARINES; BIOENERGY; FILTRATION; ELECTROMAGNETISM; ENZYME ACTIVITY; MAGNETIC-FIELD; GROWTH RATE; SUBMARINE POWER CABLES; OXYGEN CONSUMPTION; AMMONIA EXCRETION; BIOCHEMISTRY; ENERGY BALANCE; SCOPE FOR GROWTH; MAGNETIC FIELDS; SUBMARINE-CABLES; ADVERSE EVENT; ACETYLCHOLINESTERASE; ACETYLCHOLINESTERASE ACTIVITY; ACID SECRETION; CARBONYLATION; CERASTODERMA GLAUCA; CERASTODERMA GLAUCUM; CLAM RUDITAPES DECUSSATUS; ENZYME INHIBITION; EXCRETION; FIELD OF VALUES; FILTRATION RATES; FUNCTIONAL BEHAVIOR; NEREIS-DIVERSICOLOR; NEUROTOXICITY; POSITIVE ENERGIES; PROTEIN CARBONYLATION; RESPIRATORY FUNCTION; STATIC MAGNETIC FIELD; eppi-reviewer","1879-0291","10.1016/j.marenvres.2022.105700",NA,NA,179,"CARLIER Antoine","carlier","Benthic macro-invertebrates ",NA,"Input of other forms of energy",NA,"yes",1,"Cerastoderma glaucum","filter-feeders","""C. glaucum is a common bivalve of shallow environments of the North-East Atlantic Ocean and European seas, including the Baltic Sea. Sites inhabited by this opportunistic filter feeder, which lives near the sediment surface, are characterised by high bioturbation potential""","adult","NS",NA,"not specified","not specified","NA","not specified","""We hypothesize that both magnetic fields affect the basic physiological processes of C. glaucum and consequently the amount of energy for growth and reproduction, but that more pronounced effect is observed after exposure to potentially more hazardous EMF.""","NS","NS","NA","1500","A","50","""The aim of the present study was to find out if exposure to static magnetic field and electromagnetic field (50 Hz), of values typically recorded in the close vicinity of submarine cables, affect the physiological processes and bioenergetics, and induce oxidative stress and neurotoxicity in the cockle Cerastoderma glaucum.""","AC","6.4000000000000003E-3","50","""The aim of the present study was to find out if exposure to static magnetic field and electromagnetic field (50 Hz), of values typically recorded in the close vicinity of submarine cables, affect the physiological processes and bioenergetics, and induce oxidative stress and neurotoxicity in the cockle Cerastoderma glaucum.""","NA","16",NA,"NA","NA","NA","NA","NA","0","8","days","8","ponctual","continuous","variable","water-sediment interface",NA,"50","NA","no","no","NA","NA","NA","quantitative","mortality","survival rate","% of live individuals","no impact/negligible","NA","NA","""Averaged (N = 3) survival of C. glaucum after 8 days of exposure to SMF amounted to 80%. The same survival rate was observed in the control group. After exposure to EMF, the survival reached 97% and 94% in the relevant control.""","direct","""Averaged (N = 3) survival of C. glaucum after 8 days of exposure to SMF amounted to 80%. The same survival rate was observed in the control group. After exposure to EMF, the survival reached 97% and 94% in the relevant control.""","NA","NA","NA","NA","NA","NA","NA","NA","3","10","YES","Yes",NA,NA,"F9TV7JQR","","Jakubowska-Lehrmann (2022)","Jakubowska-Lehrmann M; Bialowas M; Otremba Z; Hallmann A; Sliwinska-Wilczewska S; Urban-Malinga B",2022,"Do magnetic fields related to submarine power cables affect the functioning of a common bivalve?","The aim of the study was to determine the effect of static magnetic field (SMF) and electromagnetic field (EMF), of values usually recorded near submarine cables, on the bioenergetics, oxidative stress, and neurotoxicity in the cockle Cerastoderma glaucum. Bivalves maintained a positive energy balance, but the filtration rate and energy available for individual production were significantly lower in SMF-exposed animals compared to the control treatment. No changes in the respiration were noted but ammonia excretion rate was significantly lower after exposure to EMF. Changes in the activities of antioxidant enzymes and the lipid peroxidation were not observed however, exposure to both fields resulted in increased protein carbonylation. After exposure to EMF a significant inhibition of acetylcholinesterase activity was observed. As the present study for the first time revealed the oxidative damage and neurotoxicity in marine invertebrate after exposure to artificial magnetic fields, the need for further research is highlighted.","MARINE ENVIRONMENTAL RESEARCH","journalArticle","WIND FARM; ANIMAL; ANIMALS; ARTICLE; CONTROLLED STUDY; GROWTH; NONHUMAN; TEMPERATURE; OFFSHORE WIND FARMS; POTENTIAL IMPACTS; ELECTROMAGNETIC-FIELDS; OFFSHORE OIL WELL PRODUCTION; MAGNETIC FIELD; OFFSHORE STRUCTURE; ENERGY RESOURCE; ELECTROMAGNETIC FIELD; BIVALVE; BIVALVIA; TOXICITY; MOLLUSCS; SUBMARINE CABLE; RESPONSES; ELECTROMAGNETIC FIELDS; ENERGY YIELD; AMMONIA; ANTIOXIDANT ACTIVITY; LIPID PEROXIDATION; OXIDATIVE STRESS; STATIC MAGNETIC FIELDS; SUBMARINE CABLES; SUBMARINES; BIOENERGY; FILTRATION; ELECTROMAGNETISM; ENZYME ACTIVITY; MAGNETIC-FIELD; GROWTH RATE; SUBMARINE POWER CABLES; OXYGEN CONSUMPTION; AMMONIA EXCRETION; BIOCHEMISTRY; ENERGY BALANCE; SCOPE FOR GROWTH; MAGNETIC FIELDS; SUBMARINE-CABLES; ADVERSE EVENT; ACETYLCHOLINESTERASE; ACETYLCHOLINESTERASE ACTIVITY; ACID SECRETION; CARBONYLATION; CERASTODERMA GLAUCA; CERASTODERMA GLAUCUM; CLAM RUDITAPES DECUSSATUS; ENZYME INHIBITION; EXCRETION; FIELD OF VALUES; FILTRATION RATES; FUNCTIONAL BEHAVIOR; NEREIS-DIVERSICOLOR; NEUROTOXICITY; POSITIVE ENERGIES; PROTEIN CARBONYLATION; RESPIRATORY FUNCTION; STATIC MAGNETIC FIELD; eppi-reviewer",NA,"1879-0291","10.1016/j.marenvres.2022.105700",NA,"","","179","CARLIER Antoine","","","","","carlier","","","","","","","","Article","No - Continue","No - Continue","No - Continue","Benthic macro-invertebrates ","","Cerastoderma glaucum","cockle",NA,NA,NA,NA,NA,"No",0,"Physical","","Input of other forms of energy","","No",NA,NA,NA,NA,"No",NA,NA,NA,"Yes","No-Effect",NA,"Mixed-Effect",NA,"Mixed-Effect","No-Effect",NA,NA,"No",NA,NA,NA,NA,"Yes","Mixed-Effect",NA,NA,"No",NA,NA,"No",NA,NA,"""...survival of C. glaucum after 8 days of exposure to SMF amounted to 80%. The same survival rate was observed in the control group. After exposure to EMF, the survival reached 97% and 94% in the relevant control.""; Fig1 ","No","No","Yes","No","No","No","No","No","No","No","Yes","No","No","No","No","No","No","No","No","Yes","No","No",NA,NA,NA,NA,NA,NA,NA,NA,NA,"Poland","53.130241, 19.982976","BALTIC SEA",NA,"56.380157, 18.944315",2020,2020,0,"Less than 1 month",NA,"No","No","Yes","No","No","No",NA,"Yes","Unsure","No","No","","Unsure","p8: "";..cables are often buried under 0.3–2 m sediment layer (Albert et al., 2020), whereas cables laid directly on the seabed may be covered by rocks, steel plates or cable anchoring of 15–30 cm (Taormina et al., 2018). Therefore, in future studies it would be reasonable and necessary to investigate variety of lower values of SMF/EMF""","No","","Inlcuded",58,1,1,NA,NA,NA,NA,NA,NA,NA,NA,NA,NA,NA,NA,NA,NA,NA,NA,NA,NA,NA,NA,NA,"merged"
"248","F9TV7JQR",NA,"Jakubowska-Lehrmann (2022)","Jakubowska-Lehrmann M; Bialowas M; Otremba Z; Hallmann A; Sliwinska-Wilczewska S; Urban-Malinga B",2022,"Do magnetic fields related to submarine power cables affect the functioning of a common bivalve?","The aim of the study was to determine the effect of static magnetic field (SMF) and electromagnetic field (EMF), of values usually recorded near submarine cables, on the bioenergetics, oxidative stress, and neurotoxicity in the cockle Cerastoderma glaucum. Bivalves maintained a positive energy balance, but the filtration rate and energy available for individual production were significantly lower in SMF-exposed animals compared to the control treatment. No changes in the respiration were noted but ammonia excretion rate was significantly lower after exposure to EMF. Changes in the activities of antioxidant enzymes and the lipid peroxidation were not observed however, exposure to both fields resulted in increased protein carbonylation. After exposure to EMF a significant inhibition of acetylcholinesterase activity was observed. As the present study for the first time revealed the oxidative damage and neurotoxicity in marine invertebrate after exposure to artificial magnetic fields, the need for further research is highlighted.","MARINE ENVIRONMENTAL RESEARCH","journalArticle","WIND FARM; ANIMAL; ANIMALS; ARTICLE; CONTROLLED STUDY; GROWTH; NONHUMAN; TEMPERATURE; OFFSHORE WIND FARMS; POTENTIAL IMPACTS; ELECTROMAGNETIC-FIELDS; OFFSHORE OIL WELL PRODUCTION; MAGNETIC FIELD; OFFSHORE STRUCTURE; ENERGY RESOURCE; ELECTROMAGNETIC FIELD; BIVALVE; BIVALVIA; TOXICITY; MOLLUSCS; SUBMARINE CABLE; RESPONSES; ELECTROMAGNETIC FIELDS; ENERGY YIELD; AMMONIA; ANTIOXIDANT ACTIVITY; LIPID PEROXIDATION; OXIDATIVE STRESS; STATIC MAGNETIC FIELDS; SUBMARINE CABLES; SUBMARINES; BIOENERGY; FILTRATION; ELECTROMAGNETISM; ENZYME ACTIVITY; MAGNETIC-FIELD; GROWTH RATE; SUBMARINE POWER CABLES; OXYGEN CONSUMPTION; AMMONIA EXCRETION; BIOCHEMISTRY; ENERGY BALANCE; SCOPE FOR GROWTH; MAGNETIC FIELDS; SUBMARINE-CABLES; ADVERSE EVENT; ACETYLCHOLINESTERASE; ACETYLCHOLINESTERASE ACTIVITY; ACID SECRETION; CARBONYLATION; CERASTODERMA GLAUCA; CERASTODERMA GLAUCUM; CLAM RUDITAPES DECUSSATUS; ENZYME INHIBITION; EXCRETION; FIELD OF VALUES; FILTRATION RATES; FUNCTIONAL BEHAVIOR; NEREIS-DIVERSICOLOR; NEUROTOXICITY; POSITIVE ENERGIES; PROTEIN CARBONYLATION; RESPIRATORY FUNCTION; STATIC MAGNETIC FIELD; eppi-reviewer","1879-0291","10.1016/j.marenvres.2022.105700",NA,NA,179,"CARLIER Antoine","carlier","Benthic macro-invertebrates ",NA,"Input of other forms of energy",NA,"yes",2,"Cerastoderma glaucum","filter-feeders","""C. glaucum is a common bivalve of shallow environments of the North-East Atlantic Ocean and European seas, including the Baltic Sea. Sites inhabited by this opportunistic filter feeder, which lives near the sediment surface, are characterised by high bioturbation potential""","adult","NS",NA,"not specified","not specified","NA","not specified","""We hypothesize that both magnetic fields affect the basic physiological processes of C. glaucum and consequently the amount of energy for growth and reproduction, but that more pronounced effect is observed after exposure to potentially more hazardous EMF.""","NS","NS","NA","1500","A","50","""The aim of the present study was to find out if exposure to static magnetic field and electromagnetic field (50 Hz), of values typically recorded in the close vicinity of submarine cables, affect the physiological processes and bioenergetics, and induce oxidative stress and neurotoxicity in the cockle Cerastoderma glaucum.""","AC","6.4000000000000003E-3","50","""The aim of the present study was to find out if exposure to static magnetic field and electromagnetic field (50 Hz), of values typically recorded in the close vicinity of submarine cables, affect the physiological processes and bioenergetics, and induce oxidative stress and neurotoxicity in the cockle Cerastoderma glaucum.""","NA","16",NA,"NA","NA","NA","NA","NA","0","8","days","8","ponctual","continuous","variable","sediment",NA,"50","NA","no","no","NA","NA","prostration","quantitative","activity","sediment reworking","% of individual on the sediment surface (not buried)","no impact/negligible","no","NA","""The differences in number of bivalves buried in the sediment as well as present on the sediment surface were negligible (difference between two proportions test, P>0.05) between the individuals exposed to magnetic fields and relevant controls.""","direct","""During EMF exposure, the percentage on bivalves present on the sediment surface varied from 19.45 to 26.5% (23.4–39.0% in control treatment; Fig. S1B).""","NA","NA","NA","NA","NA","NA","NA","NA","3","10","YES","Yes",NA,NA,"F9TV7JQR","","Jakubowska-Lehrmann (2022)","Jakubowska-Lehrmann M; Bialowas M; Otremba Z; Hallmann A; Sliwinska-Wilczewska S; Urban-Malinga B",2022,"Do magnetic fields related to submarine power cables affect the functioning of a common bivalve?","The aim of the study was to determine the effect of static magnetic field (SMF) and electromagnetic field (EMF), of values usually recorded near submarine cables, on the bioenergetics, oxidative stress, and neurotoxicity in the cockle Cerastoderma glaucum. Bivalves maintained a positive energy balance, but the filtration rate and energy available for individual production were significantly lower in SMF-exposed animals compared to the control treatment. No changes in the respiration were noted but ammonia excretion rate was significantly lower after exposure to EMF. Changes in the activities of antioxidant enzymes and the lipid peroxidation were not observed however, exposure to both fields resulted in increased protein carbonylation. After exposure to EMF a significant inhibition of acetylcholinesterase activity was observed. As the present study for the first time revealed the oxidative damage and neurotoxicity in marine invertebrate after exposure to artificial magnetic fields, the need for further research is highlighted.","MARINE ENVIRONMENTAL RESEARCH","journalArticle","WIND FARM; ANIMAL; ANIMALS; ARTICLE; CONTROLLED STUDY; GROWTH; NONHUMAN; TEMPERATURE; OFFSHORE WIND FARMS; POTENTIAL IMPACTS; ELECTROMAGNETIC-FIELDS; OFFSHORE OIL WELL PRODUCTION; MAGNETIC FIELD; OFFSHORE STRUCTURE; ENERGY RESOURCE; ELECTROMAGNETIC FIELD; BIVALVE; BIVALVIA; TOXICITY; MOLLUSCS; SUBMARINE CABLE; RESPONSES; ELECTROMAGNETIC FIELDS; ENERGY YIELD; AMMONIA; ANTIOXIDANT ACTIVITY; LIPID PEROXIDATION; OXIDATIVE STRESS; STATIC MAGNETIC FIELDS; SUBMARINE CABLES; SUBMARINES; BIOENERGY; FILTRATION; ELECTROMAGNETISM; ENZYME ACTIVITY; MAGNETIC-FIELD; GROWTH RATE; SUBMARINE POWER CABLES; OXYGEN CONSUMPTION; AMMONIA EXCRETION; BIOCHEMISTRY; ENERGY BALANCE; SCOPE FOR GROWTH; MAGNETIC FIELDS; SUBMARINE-CABLES; ADVERSE EVENT; ACETYLCHOLINESTERASE; ACETYLCHOLINESTERASE ACTIVITY; ACID SECRETION; CARBONYLATION; CERASTODERMA GLAUCA; CERASTODERMA GLAUCUM; CLAM RUDITAPES DECUSSATUS; ENZYME INHIBITION; EXCRETION; FIELD OF VALUES; FILTRATION RATES; FUNCTIONAL BEHAVIOR; NEREIS-DIVERSICOLOR; NEUROTOXICITY; POSITIVE ENERGIES; PROTEIN CARBONYLATION; RESPIRATORY FUNCTION; STATIC MAGNETIC FIELD; eppi-reviewer",NA,"1879-0291","10.1016/j.marenvres.2022.105700",NA,"","","179","CARLIER Antoine","","","","","carlier","","","","","","","","Article","No - Continue","No - Continue","No - Continue","Benthic macro-invertebrates ","","Cerastoderma glaucum","cockle",NA,NA,NA,NA,NA,"No",0,"Physical","","Input of other forms of energy","","No",NA,NA,NA,NA,"No",NA,NA,NA,"Yes","No-Effect",NA,"Mixed-Effect",NA,"Mixed-Effect","No-Effect",NA,NA,"No",NA,NA,NA,NA,"Yes","Mixed-Effect",NA,NA,"No",NA,NA,"No",NA,NA,"""...survival of C. glaucum after 8 days of exposure to SMF amounted to 80%. The same survival rate was observed in the control group. After exposure to EMF, the survival reached 97% and 94% in the relevant control.""; Fig1 ","No","No","Yes","No","No","No","No","No","No","No","Yes","No","No","No","No","No","No","No","No","Yes","No","No",NA,NA,NA,NA,NA,NA,NA,NA,NA,"Poland","53.130241, 19.982976","BALTIC SEA",NA,"56.380157, 18.944315",2020,2020,0,"Less than 1 month",NA,"No","No","Yes","No","No","No",NA,"Yes","Unsure","No","No","","Unsure","p8: "";..cables are often buried under 0.3–2 m sediment layer (Albert et al., 2020), whereas cables laid directly on the seabed may be covered by rocks, steel plates or cable anchoring of 15–30 cm (Taormina et al., 2018). Therefore, in future studies it would be reasonable and necessary to investigate variety of lower values of SMF/EMF""","No","","Inlcuded",59,1,1,NA,NA,NA,NA,NA,NA,NA,NA,NA,NA,NA,NA,NA,NA,NA,NA,NA,NA,NA,NA,NA,"merged"
"248","F9TV7JQR",NA,"Jakubowska-Lehrmann (2022)","Jakubowska-Lehrmann M; Bialowas M; Otremba Z; Hallmann A; Sliwinska-Wilczewska S; Urban-Malinga B",2022,"Do magnetic fields related to submarine power cables affect the functioning of a common bivalve?","The aim of the study was to determine the effect of static magnetic field (SMF) and electromagnetic field (EMF), of values usually recorded near submarine cables, on the bioenergetics, oxidative stress, and neurotoxicity in the cockle Cerastoderma glaucum. Bivalves maintained a positive energy balance, but the filtration rate and energy available for individual production were significantly lower in SMF-exposed animals compared to the control treatment. No changes in the respiration were noted but ammonia excretion rate was significantly lower after exposure to EMF. Changes in the activities of antioxidant enzymes and the lipid peroxidation were not observed however, exposure to both fields resulted in increased protein carbonylation. After exposure to EMF a significant inhibition of acetylcholinesterase activity was observed. As the present study for the first time revealed the oxidative damage and neurotoxicity in marine invertebrate after exposure to artificial magnetic fields, the need for further research is highlighted.","MARINE ENVIRONMENTAL RESEARCH","journalArticle","WIND FARM; ANIMAL; ANIMALS; ARTICLE; CONTROLLED STUDY; GROWTH; NONHUMAN; TEMPERATURE; OFFSHORE WIND FARMS; POTENTIAL IMPACTS; ELECTROMAGNETIC-FIELDS; OFFSHORE OIL WELL PRODUCTION; MAGNETIC FIELD; OFFSHORE STRUCTURE; ENERGY RESOURCE; ELECTROMAGNETIC FIELD; BIVALVE; BIVALVIA; TOXICITY; MOLLUSCS; SUBMARINE CABLE; RESPONSES; ELECTROMAGNETIC FIELDS; ENERGY YIELD; AMMONIA; ANTIOXIDANT ACTIVITY; LIPID PEROXIDATION; OXIDATIVE STRESS; STATIC MAGNETIC FIELDS; SUBMARINE CABLES; SUBMARINES; BIOENERGY; FILTRATION; ELECTROMAGNETISM; ENZYME ACTIVITY; MAGNETIC-FIELD; GROWTH RATE; SUBMARINE POWER CABLES; OXYGEN CONSUMPTION; AMMONIA EXCRETION; BIOCHEMISTRY; ENERGY BALANCE; SCOPE FOR GROWTH; MAGNETIC FIELDS; SUBMARINE-CABLES; ADVERSE EVENT; ACETYLCHOLINESTERASE; ACETYLCHOLINESTERASE ACTIVITY; ACID SECRETION; CARBONYLATION; CERASTODERMA GLAUCA; CERASTODERMA GLAUCUM; CLAM RUDITAPES DECUSSATUS; ENZYME INHIBITION; EXCRETION; FIELD OF VALUES; FILTRATION RATES; FUNCTIONAL BEHAVIOR; NEREIS-DIVERSICOLOR; NEUROTOXICITY; POSITIVE ENERGIES; PROTEIN CARBONYLATION; RESPIRATORY FUNCTION; STATIC MAGNETIC FIELD; eppi-reviewer","1879-0291","10.1016/j.marenvres.2022.105700",NA,NA,179,"CARLIER Antoine","carlier","Benthic macro-invertebrates ",NA,"Input of other forms of energy",NA,"yes",3,"Cerastoderma glaucum","filter-feeders","""C. glaucum is a common bivalve of shallow environments of the North-East Atlantic Ocean and European seas, including the Baltic Sea. Sites inhabited by this opportunistic filter feeder, which lives near the sediment surface, are characterised by high bioturbation potential""","adult","NS",NA,"not specified","not specified","NA","not specified","""We hypothesize that both magnetic fields affect the basic physiological processes of C. glaucum and consequently the amount of energy for growth and reproduction, but that more pronounced effect is observed after exposure to potentially more hazardous EMF.""","NS","NS","NA","1500","A","50","""The aim of the present study was to find out if exposure to static magnetic field and electromagnetic field (50 Hz), of values typically recorded in the close vicinity of submarine cables, affect the physiological processes and bioenergetics, and induce oxidative stress and neurotoxicity in the cockle Cerastoderma glaucum.""","AC","6.4000000000000003E-3","50","""The aim of the present study was to find out if exposure to static magnetic field and electromagnetic field (50 Hz), of values typically recorded in the close vicinity of submarine cables, affect the physiological processes and bioenergetics, and induce oxidative stress and neurotoxicity in the cockle Cerastoderma glaucum.""","NA","16",NA,"NA","NA","NA","NA","NA","0","8","days","8","ponctual","continuous","variable","water-sediment interface",NA,"50","NA","no","no","NA","individual","NA","quantitative","fitness","food consumption rate","mg / g DW / day","no impact/negligible","no","NA","""The food consumption rate of C. glaucum exposed to SMF amounted to 353.54 ± 147.29 mg g􀀀 1 DW d􀀀 1 and was significantly lower (Mann-Whitney U test, U = 43, N1 = 17, N2 = 18, P = 0.003) than in adequate control treatment (602.67 ± 217.18 mg g􀀀 1 DW d􀀀 1). In EMF-exposed bivalves the food consumption rate (454.65 ± 208.93 mg g􀀀 1 DW d􀀀 1) was not significantly different (Mann-Whitney U test, U = 128, N1 = 18, N2 = 18, P = 0.289) from the control (578.77 ± 326.71 mg g􀀀 1 DW d􀀀 1).""","direct","""The food consumption rate of C. glaucum exposed to SMF amounted to 353.54 ± 147.29 mg g􀀀 1 DW d􀀀 1 and was significantly lower (Mann-Whitney U test, U = 43, N1 = 17, N2 = 18, P = 0.003) than in adequate control treatment (602.67 ± 217.18 mg g􀀀 1 DW d􀀀 1). In EMF-exposed bivalves the food consumption rate (454.65 ± 208.93 mg g􀀀 1 DW d􀀀 1) was not significantly different (Mann-Whitney U test, U = 128, N1 = 18, N2 = 18, P = 0.289) from the control (578.77 ± 326.71 mg g􀀀 1 DW d􀀀 1).""","NA","NA","NA","NA","NA","NA","NA","NA","3","6","YES","Yes","mixed impact, since SMF-exposed showed lower food consumption rate, while EMF-exposed showed no impact",NA,"F9TV7JQR","","Jakubowska-Lehrmann (2022)","Jakubowska-Lehrmann M; Bialowas M; Otremba Z; Hallmann A; Sliwinska-Wilczewska S; Urban-Malinga B",2022,"Do magnetic fields related to submarine power cables affect the functioning of a common bivalve?","The aim of the study was to determine the effect of static magnetic field (SMF) and electromagnetic field (EMF), of values usually recorded near submarine cables, on the bioenergetics, oxidative stress, and neurotoxicity in the cockle Cerastoderma glaucum. Bivalves maintained a positive energy balance, but the filtration rate and energy available for individual production were significantly lower in SMF-exposed animals compared to the control treatment. No changes in the respiration were noted but ammonia excretion rate was significantly lower after exposure to EMF. Changes in the activities of antioxidant enzymes and the lipid peroxidation were not observed however, exposure to both fields resulted in increased protein carbonylation. After exposure to EMF a significant inhibition of acetylcholinesterase activity was observed. As the present study for the first time revealed the oxidative damage and neurotoxicity in marine invertebrate after exposure to artificial magnetic fields, the need for further research is highlighted.","MARINE ENVIRONMENTAL RESEARCH","journalArticle","WIND FARM; ANIMAL; ANIMALS; ARTICLE; CONTROLLED STUDY; GROWTH; NONHUMAN; TEMPERATURE; OFFSHORE WIND FARMS; POTENTIAL IMPACTS; ELECTROMAGNETIC-FIELDS; OFFSHORE OIL WELL PRODUCTION; MAGNETIC FIELD; OFFSHORE STRUCTURE; ENERGY RESOURCE; ELECTROMAGNETIC FIELD; BIVALVE; BIVALVIA; TOXICITY; MOLLUSCS; SUBMARINE CABLE; RESPONSES; ELECTROMAGNETIC FIELDS; ENERGY YIELD; AMMONIA; ANTIOXIDANT ACTIVITY; LIPID PEROXIDATION; OXIDATIVE STRESS; STATIC MAGNETIC FIELDS; SUBMARINE CABLES; SUBMARINES; BIOENERGY; FILTRATION; ELECTROMAGNETISM; ENZYME ACTIVITY; MAGNETIC-FIELD; GROWTH RATE; SUBMARINE POWER CABLES; OXYGEN CONSUMPTION; AMMONIA EXCRETION; BIOCHEMISTRY; ENERGY BALANCE; SCOPE FOR GROWTH; MAGNETIC FIELDS; SUBMARINE-CABLES; ADVERSE EVENT; ACETYLCHOLINESTERASE; ACETYLCHOLINESTERASE ACTIVITY; ACID SECRETION; CARBONYLATION; CERASTODERMA GLAUCA; CERASTODERMA GLAUCUM; CLAM RUDITAPES DECUSSATUS; ENZYME INHIBITION; EXCRETION; FIELD OF VALUES; FILTRATION RATES; FUNCTIONAL BEHAVIOR; NEREIS-DIVERSICOLOR; NEUROTOXICITY; POSITIVE ENERGIES; PROTEIN CARBONYLATION; RESPIRATORY FUNCTION; STATIC MAGNETIC FIELD; eppi-reviewer",NA,"1879-0291","10.1016/j.marenvres.2022.105700",NA,"","","179","CARLIER Antoine","","","","","carlier","","","","","","","","Article","No - Continue","No - Continue","No - Continue","Benthic macro-invertebrates ","","Cerastoderma glaucum","cockle",NA,NA,NA,NA,NA,"No",0,"Physical","","Input of other forms of energy","","No",NA,NA,NA,NA,"No",NA,NA,NA,"Yes","No-Effect",NA,"Mixed-Effect",NA,"Mixed-Effect","No-Effect",NA,NA,"No",NA,NA,NA,NA,"Yes","Mixed-Effect",NA,NA,"No",NA,NA,"No",NA,NA,"""...survival of C. glaucum after 8 days of exposure to SMF amounted to 80%. The same survival rate was observed in the control group. After exposure to EMF, the survival reached 97% and 94% in the relevant control.""; Fig1 ","No","No","Yes","No","No","No","No","No","No","No","Yes","No","No","No","No","No","No","No","No","Yes","No","No",NA,NA,NA,NA,NA,NA,NA,NA,NA,"Poland","53.130241, 19.982976","BALTIC SEA",NA,"56.380157, 18.944315",2020,2020,0,"Less than 1 month",NA,"No","No","Yes","No","No","No",NA,"Yes","Unsure","No","No","","Unsure","p8: "";..cables are often buried under 0.3–2 m sediment layer (Albert et al., 2020), whereas cables laid directly on the seabed may be covered by rocks, steel plates or cable anchoring of 15–30 cm (Taormina et al., 2018). Therefore, in future studies it would be reasonable and necessary to investigate variety of lower values of SMF/EMF""","No","","Inlcuded",60,1,1,NA,NA,NA,NA,NA,NA,NA,NA,NA,NA,NA,NA,NA,NA,NA,NA,NA,NA,NA,NA,NA,"merged"
"248","F9TV7JQR",NA,"Jakubowska-Lehrmann (2022)","Jakubowska-Lehrmann M; Bialowas M; Otremba Z; Hallmann A; Sliwinska-Wilczewska S; Urban-Malinga B",2022,"Do magnetic fields related to submarine power cables affect the functioning of a common bivalve?","The aim of the study was to determine the effect of static magnetic field (SMF) and electromagnetic field (EMF), of values usually recorded near submarine cables, on the bioenergetics, oxidative stress, and neurotoxicity in the cockle Cerastoderma glaucum. Bivalves maintained a positive energy balance, but the filtration rate and energy available for individual production were significantly lower in SMF-exposed animals compared to the control treatment. No changes in the respiration were noted but ammonia excretion rate was significantly lower after exposure to EMF. Changes in the activities of antioxidant enzymes and the lipid peroxidation were not observed however, exposure to both fields resulted in increased protein carbonylation. After exposure to EMF a significant inhibition of acetylcholinesterase activity was observed. As the present study for the first time revealed the oxidative damage and neurotoxicity in marine invertebrate after exposure to artificial magnetic fields, the need for further research is highlighted.","MARINE ENVIRONMENTAL RESEARCH","journalArticle","WIND FARM; ANIMAL; ANIMALS; ARTICLE; CONTROLLED STUDY; GROWTH; NONHUMAN; TEMPERATURE; OFFSHORE WIND FARMS; POTENTIAL IMPACTS; ELECTROMAGNETIC-FIELDS; OFFSHORE OIL WELL PRODUCTION; MAGNETIC FIELD; OFFSHORE STRUCTURE; ENERGY RESOURCE; ELECTROMAGNETIC FIELD; BIVALVE; BIVALVIA; TOXICITY; MOLLUSCS; SUBMARINE CABLE; RESPONSES; ELECTROMAGNETIC FIELDS; ENERGY YIELD; AMMONIA; ANTIOXIDANT ACTIVITY; LIPID PEROXIDATION; OXIDATIVE STRESS; STATIC MAGNETIC FIELDS; SUBMARINE CABLES; SUBMARINES; BIOENERGY; FILTRATION; ELECTROMAGNETISM; ENZYME ACTIVITY; MAGNETIC-FIELD; GROWTH RATE; SUBMARINE POWER CABLES; OXYGEN CONSUMPTION; AMMONIA EXCRETION; BIOCHEMISTRY; ENERGY BALANCE; SCOPE FOR GROWTH; MAGNETIC FIELDS; SUBMARINE-CABLES; ADVERSE EVENT; ACETYLCHOLINESTERASE; ACETYLCHOLINESTERASE ACTIVITY; ACID SECRETION; CARBONYLATION; CERASTODERMA GLAUCA; CERASTODERMA GLAUCUM; CLAM RUDITAPES DECUSSATUS; ENZYME INHIBITION; EXCRETION; FIELD OF VALUES; FILTRATION RATES; FUNCTIONAL BEHAVIOR; NEREIS-DIVERSICOLOR; NEUROTOXICITY; POSITIVE ENERGIES; PROTEIN CARBONYLATION; RESPIRATORY FUNCTION; STATIC MAGNETIC FIELD; eppi-reviewer","1879-0291","10.1016/j.marenvres.2022.105700",NA,NA,179,"CARLIER Antoine","carlier","Benthic macro-invertebrates ",NA,"Input of other forms of energy",NA,"yes",4,"Cerastoderma glaucum","filter-feeders","""C. glaucum is a common bivalve of shallow environments of the North-East Atlantic Ocean and European seas, including the Baltic Sea. Sites inhabited by this opportunistic filter feeder, which lives near the sediment surface, are characterised by high bioturbation potential""","adult","NS",NA,"not specified","not specified","NA","not specified","""We hypothesize that both magnetic fields affect the basic physiological processes of C. glaucum and consequently the amount of energy for growth and reproduction, but that more pronounced effect is observed after exposure to potentially more hazardous EMF.""","NS","NS","NA","1500","A","50","""The aim of the present study was to find out if exposure to static magnetic field and electromagnetic field (50 Hz), of values typically recorded in the close vicinity of submarine cables, affect the physiological processes and bioenergetics, and induce oxidative stress and neurotoxicity in the cockle Cerastoderma glaucum.""","AC","6.4000000000000003E-3","50","""The aim of the present study was to find out if exposure to static magnetic field and electromagnetic field (50 Hz), of values typically recorded in the close vicinity of submarine cables, affect the physiological processes and bioenergetics, and induce oxidative stress and neurotoxicity in the cockle Cerastoderma glaucum.""","NA","16",NA,"NA","NA","NA","NA","NA","0","8","days","8","ponctual","continuous","variable","water-sediment interface",NA,"50","NA","no","no","NA","individual","NA","quantitative","fitness","respiration rate","mg O2 / g DW / day","no impact/negligible","no","NA","""Neither the exposure to SMF nor EMF affected the respiration rate of C. glaucum which amounted to 107.62 ± 52.83 mg O2 g-1 DW d-1 in SMF (94.14 ±44.31 mg O2 g-1 DW d-1 in relevant control) and 51.74 ± 11.86 mg O2 g-1 DW d-1 in SMF (58.90 ± 15.51 mg O2 g-1 DW d-1 in adequate control).""","direct","""Neither the exposure to SMF nor EMF affected the respiration rate of C. glaucum (Mann-Whitney U test, U = 136, N1 = 17, N2 = 18, P =0.586; t-test, t = 1.556, N1 = 18, N2 = 18, P = 0.128; respectively)""","NA","NA","NA","NA","NA","NA","NA","NA","18","2","YES","Yes",NA,NA,"F9TV7JQR","","Jakubowska-Lehrmann (2022)","Jakubowska-Lehrmann M; Bialowas M; Otremba Z; Hallmann A; Sliwinska-Wilczewska S; Urban-Malinga B",2022,"Do magnetic fields related to submarine power cables affect the functioning of a common bivalve?","The aim of the study was to determine the effect of static magnetic field (SMF) and electromagnetic field (EMF), of values usually recorded near submarine cables, on the bioenergetics, oxidative stress, and neurotoxicity in the cockle Cerastoderma glaucum. Bivalves maintained a positive energy balance, but the filtration rate and energy available for individual production were significantly lower in SMF-exposed animals compared to the control treatment. No changes in the respiration were noted but ammonia excretion rate was significantly lower after exposure to EMF. Changes in the activities of antioxidant enzymes and the lipid peroxidation were not observed however, exposure to both fields resulted in increased protein carbonylation. After exposure to EMF a significant inhibition of acetylcholinesterase activity was observed. As the present study for the first time revealed the oxidative damage and neurotoxicity in marine invertebrate after exposure to artificial magnetic fields, the need for further research is highlighted.","MARINE ENVIRONMENTAL RESEARCH","journalArticle","WIND FARM; ANIMAL; ANIMALS; ARTICLE; CONTROLLED STUDY; GROWTH; NONHUMAN; TEMPERATURE; OFFSHORE WIND FARMS; POTENTIAL IMPACTS; ELECTROMAGNETIC-FIELDS; OFFSHORE OIL WELL PRODUCTION; MAGNETIC FIELD; OFFSHORE STRUCTURE; ENERGY RESOURCE; ELECTROMAGNETIC FIELD; BIVALVE; BIVALVIA; TOXICITY; MOLLUSCS; SUBMARINE CABLE; RESPONSES; ELECTROMAGNETIC FIELDS; ENERGY YIELD; AMMONIA; ANTIOXIDANT ACTIVITY; LIPID PEROXIDATION; OXIDATIVE STRESS; STATIC MAGNETIC FIELDS; SUBMARINE CABLES; SUBMARINES; BIOENERGY; FILTRATION; ELECTROMAGNETISM; ENZYME ACTIVITY; MAGNETIC-FIELD; GROWTH RATE; SUBMARINE POWER CABLES; OXYGEN CONSUMPTION; AMMONIA EXCRETION; BIOCHEMISTRY; ENERGY BALANCE; SCOPE FOR GROWTH; MAGNETIC FIELDS; SUBMARINE-CABLES; ADVERSE EVENT; ACETYLCHOLINESTERASE; ACETYLCHOLINESTERASE ACTIVITY; ACID SECRETION; CARBONYLATION; CERASTODERMA GLAUCA; CERASTODERMA GLAUCUM; CLAM RUDITAPES DECUSSATUS; ENZYME INHIBITION; EXCRETION; FIELD OF VALUES; FILTRATION RATES; FUNCTIONAL BEHAVIOR; NEREIS-DIVERSICOLOR; NEUROTOXICITY; POSITIVE ENERGIES; PROTEIN CARBONYLATION; RESPIRATORY FUNCTION; STATIC MAGNETIC FIELD; eppi-reviewer",NA,"1879-0291","10.1016/j.marenvres.2022.105700",NA,"","","179","CARLIER Antoine","","","","","carlier","","","","","","","","Article","No - Continue","No - Continue","No - Continue","Benthic macro-invertebrates ","","Cerastoderma glaucum","cockle",NA,NA,NA,NA,NA,"No",0,"Physical","","Input of other forms of energy","","No",NA,NA,NA,NA,"No",NA,NA,NA,"Yes","No-Effect",NA,"Mixed-Effect",NA,"Mixed-Effect","No-Effect",NA,NA,"No",NA,NA,NA,NA,"Yes","Mixed-Effect",NA,NA,"No",NA,NA,"No",NA,NA,"""...survival of C. glaucum after 8 days of exposure to SMF amounted to 80%. The same survival rate was observed in the control group. After exposure to EMF, the survival reached 97% and 94% in the relevant control.""; Fig1 ","No","No","Yes","No","No","No","No","No","No","No","Yes","No","No","No","No","No","No","No","No","Yes","No","No",NA,NA,NA,NA,NA,NA,NA,NA,NA,"Poland","53.130241, 19.982976","BALTIC SEA",NA,"56.380157, 18.944315",2020,2020,0,"Less than 1 month",NA,"No","No","Yes","No","No","No",NA,"Yes","Unsure","No","No","","Unsure","p8: "";..cables are often buried under 0.3–2 m sediment layer (Albert et al., 2020), whereas cables laid directly on the seabed may be covered by rocks, steel plates or cable anchoring of 15–30 cm (Taormina et al., 2018). Therefore, in future studies it would be reasonable and necessary to investigate variety of lower values of SMF/EMF""","No","","Inlcuded",61,1,1,NA,NA,NA,NA,NA,NA,NA,NA,NA,NA,NA,NA,NA,NA,NA,NA,NA,NA,NA,NA,NA,"merged"
"248","F9TV7JQR",NA,"Jakubowska-Lehrmann (2022)","Jakubowska-Lehrmann M; Bialowas M; Otremba Z; Hallmann A; Sliwinska-Wilczewska S; Urban-Malinga B",2022,"Do magnetic fields related to submarine power cables affect the functioning of a common bivalve?","The aim of the study was to determine the effect of static magnetic field (SMF) and electromagnetic field (EMF), of values usually recorded near submarine cables, on the bioenergetics, oxidative stress, and neurotoxicity in the cockle Cerastoderma glaucum. Bivalves maintained a positive energy balance, but the filtration rate and energy available for individual production were significantly lower in SMF-exposed animals compared to the control treatment. No changes in the respiration were noted but ammonia excretion rate was significantly lower after exposure to EMF. Changes in the activities of antioxidant enzymes and the lipid peroxidation were not observed however, exposure to both fields resulted in increased protein carbonylation. After exposure to EMF a significant inhibition of acetylcholinesterase activity was observed. As the present study for the first time revealed the oxidative damage and neurotoxicity in marine invertebrate after exposure to artificial magnetic fields, the need for further research is highlighted.","MARINE ENVIRONMENTAL RESEARCH","journalArticle","WIND FARM; ANIMAL; ANIMALS; ARTICLE; CONTROLLED STUDY; GROWTH; NONHUMAN; TEMPERATURE; OFFSHORE WIND FARMS; POTENTIAL IMPACTS; ELECTROMAGNETIC-FIELDS; OFFSHORE OIL WELL PRODUCTION; MAGNETIC FIELD; OFFSHORE STRUCTURE; ENERGY RESOURCE; ELECTROMAGNETIC FIELD; BIVALVE; BIVALVIA; TOXICITY; MOLLUSCS; SUBMARINE CABLE; RESPONSES; ELECTROMAGNETIC FIELDS; ENERGY YIELD; AMMONIA; ANTIOXIDANT ACTIVITY; LIPID PEROXIDATION; OXIDATIVE STRESS; STATIC MAGNETIC FIELDS; SUBMARINE CABLES; SUBMARINES; BIOENERGY; FILTRATION; ELECTROMAGNETISM; ENZYME ACTIVITY; MAGNETIC-FIELD; GROWTH RATE; SUBMARINE POWER CABLES; OXYGEN CONSUMPTION; AMMONIA EXCRETION; BIOCHEMISTRY; ENERGY BALANCE; SCOPE FOR GROWTH; MAGNETIC FIELDS; SUBMARINE-CABLES; ADVERSE EVENT; ACETYLCHOLINESTERASE; ACETYLCHOLINESTERASE ACTIVITY; ACID SECRETION; CARBONYLATION; CERASTODERMA GLAUCA; CERASTODERMA GLAUCUM; CLAM RUDITAPES DECUSSATUS; ENZYME INHIBITION; EXCRETION; FIELD OF VALUES; FILTRATION RATES; FUNCTIONAL BEHAVIOR; NEREIS-DIVERSICOLOR; NEUROTOXICITY; POSITIVE ENERGIES; PROTEIN CARBONYLATION; RESPIRATORY FUNCTION; STATIC MAGNETIC FIELD; eppi-reviewer","1879-0291","10.1016/j.marenvres.2022.105700",NA,NA,179,"CARLIER Antoine","carlier","Benthic macro-invertebrates ",NA,"Input of other forms of energy",NA,"yes",5,"Cerastoderma glaucum","filter-feeders","""C. glaucum is a common bivalve of shallow environments of the North-East Atlantic Ocean and European seas, including the Baltic Sea. Sites inhabited by this opportunistic filter feeder, which lives near the sediment surface, are characterised by high bioturbation potential""","adult","NS",NA,"not specified","not specified","NA","not specified","""We hypothesize that both magnetic fields affect the basic physiological processes of C. glaucum and consequently the amount of energy for growth and reproduction, but that more pronounced effect is observed after exposure to potentially more hazardous EMF.""","NS","NS","NA","1500","A","50","""The aim of the present study was to find out if exposure to static magnetic field and electromagnetic field (50 Hz), of values typically recorded in the close vicinity of submarine cables, affect the physiological processes and bioenergetics, and induce oxidative stress and neurotoxicity in the cockle Cerastoderma glaucum.""","AC","6.4000000000000003E-3","50","""The aim of the present study was to find out if exposure to static magnetic field and electromagnetic field (50 Hz), of values typically recorded in the close vicinity of submarine cables, affect the physiological processes and bioenergetics, and induce oxidative stress and neurotoxicity in the cockle Cerastoderma glaucum.""","NA","16",NA,"NA","NA","NA","NA","NA","0","8","days","8","ponctual","continuous","variable","water-sediment interface",NA,"50","NA","no","no","NA","individual","NA","quantitative","fitness","ammonia excretion rate","µmol NH4 / g DW / day","decrease","yes","NA","""The ammonia excretion rate in bivalves was not affected by the exposure to SMF (t-test, t = 0.489, N1 = 17, N2 = 18, P = 0.489). The rate of this process amounted to 384.48 ± 107.79 μmol NH4+ g􀀀 1 DW d􀀀 1 in SMF and 421.01 ± 191.63 μmol NH4+ g􀀀 1 DW d􀀀 1 in relevant control. In EMF-exposed bivalves the excretion rate (105.58 ± 31.96 μmol NH4+ g􀀀 1 DW d􀀀 1) was significantly lower (t-test, t = 2.153, N1 = 18, N2 = 18, P = 0.038) than in the control treatment (135.44 ± 49.44 μmol NH4+ g􀀀 1 DW d􀀀 1).""","direct","""The ammonia excretion rate in bivalves was not affected by the exposure to SMF (t-test, t = 0.489, N1 = 17, N2 = 18, P = 0.489). The rate of this process amounted to 384.48 ± 107.79 μmol NH4+ g􀀀 1 DW d􀀀 1 in SMF and 421.01 ± 191.63 μmol NH4+ g􀀀 1 DW d􀀀 1 in relevant control. In EMF-exposed bivalves the excretion rate (105.58 ± 31.96 μmol NH4+ g􀀀 1 DW d􀀀 1) was significantly lower (t-test, t = 2.153, N1 = 18, N2 = 18, P = 0.038) than in the control treatment (135.44 ± 49.44 μmol NH4+ g􀀀 1 DW d􀀀 1).""","NA","NA","NA","NA","NA","NA","NA","NA","6","3","YES","Yes","mixed impact, since SMF-exposed showed no impact while EMF-exposed showed lower rate.",NA,"F9TV7JQR","","Jakubowska-Lehrmann (2022)","Jakubowska-Lehrmann M; Bialowas M; Otremba Z; Hallmann A; Sliwinska-Wilczewska S; Urban-Malinga B",2022,"Do magnetic fields related to submarine power cables affect the functioning of a common bivalve?","The aim of the study was to determine the effect of static magnetic field (SMF) and electromagnetic field (EMF), of values usually recorded near submarine cables, on the bioenergetics, oxidative stress, and neurotoxicity in the cockle Cerastoderma glaucum. Bivalves maintained a positive energy balance, but the filtration rate and energy available for individual production were significantly lower in SMF-exposed animals compared to the control treatment. No changes in the respiration were noted but ammonia excretion rate was significantly lower after exposure to EMF. Changes in the activities of antioxidant enzymes and the lipid peroxidation were not observed however, exposure to both fields resulted in increased protein carbonylation. After exposure to EMF a significant inhibition of acetylcholinesterase activity was observed. As the present study for the first time revealed the oxidative damage and neurotoxicity in marine invertebrate after exposure to artificial magnetic fields, the need for further research is highlighted.","MARINE ENVIRONMENTAL RESEARCH","journalArticle","WIND FARM; ANIMAL; ANIMALS; ARTICLE; CONTROLLED STUDY; GROWTH; NONHUMAN; TEMPERATURE; OFFSHORE WIND FARMS; POTENTIAL IMPACTS; ELECTROMAGNETIC-FIELDS; OFFSHORE OIL WELL PRODUCTION; MAGNETIC FIELD; OFFSHORE STRUCTURE; ENERGY RESOURCE; ELECTROMAGNETIC FIELD; BIVALVE; BIVALVIA; TOXICITY; MOLLUSCS; SUBMARINE CABLE; RESPONSES; ELECTROMAGNETIC FIELDS; ENERGY YIELD; AMMONIA; ANTIOXIDANT ACTIVITY; LIPID PEROXIDATION; OXIDATIVE STRESS; STATIC MAGNETIC FIELDS; SUBMARINE CABLES; SUBMARINES; BIOENERGY; FILTRATION; ELECTROMAGNETISM; ENZYME ACTIVITY; MAGNETIC-FIELD; GROWTH RATE; SUBMARINE POWER CABLES; OXYGEN CONSUMPTION; AMMONIA EXCRETION; BIOCHEMISTRY; ENERGY BALANCE; SCOPE FOR GROWTH; MAGNETIC FIELDS; SUBMARINE-CABLES; ADVERSE EVENT; ACETYLCHOLINESTERASE; ACETYLCHOLINESTERASE ACTIVITY; ACID SECRETION; CARBONYLATION; CERASTODERMA GLAUCA; CERASTODERMA GLAUCUM; CLAM RUDITAPES DECUSSATUS; ENZYME INHIBITION; EXCRETION; FIELD OF VALUES; FILTRATION RATES; FUNCTIONAL BEHAVIOR; NEREIS-DIVERSICOLOR; NEUROTOXICITY; POSITIVE ENERGIES; PROTEIN CARBONYLATION; RESPIRATORY FUNCTION; STATIC MAGNETIC FIELD; eppi-reviewer",NA,"1879-0291","10.1016/j.marenvres.2022.105700",NA,"","","179","CARLIER Antoine","","","","","carlier","","","","","","","","Article","No - Continue","No - Continue","No - Continue","Benthic macro-invertebrates ","","Cerastoderma glaucum","cockle",NA,NA,NA,NA,NA,"No",0,"Physical","","Input of other forms of energy","","No",NA,NA,NA,NA,"No",NA,NA,NA,"Yes","No-Effect",NA,"Mixed-Effect",NA,"Mixed-Effect","No-Effect",NA,NA,"No",NA,NA,NA,NA,"Yes","Mixed-Effect",NA,NA,"No",NA,NA,"No",NA,NA,"""...survival of C. glaucum after 8 days of exposure to SMF amounted to 80%. The same survival rate was observed in the control group. After exposure to EMF, the survival reached 97% and 94% in the relevant control.""; Fig1 ","No","No","Yes","No","No","No","No","No","No","No","Yes","No","No","No","No","No","No","No","No","Yes","No","No",NA,NA,NA,NA,NA,NA,NA,NA,NA,"Poland","53.130241, 19.982976","BALTIC SEA",NA,"56.380157, 18.944315",2020,2020,0,"Less than 1 month",NA,"No","No","Yes","No","No","No",NA,"Yes","Unsure","No","No","","Unsure","p8: "";..cables are often buried under 0.3–2 m sediment layer (Albert et al., 2020), whereas cables laid directly on the seabed may be covered by rocks, steel plates or cable anchoring of 15–30 cm (Taormina et al., 2018). Therefore, in future studies it would be reasonable and necessary to investigate variety of lower values of SMF/EMF""","No","","Inlcuded",62,1,1,NA,NA,NA,NA,NA,NA,NA,NA,NA,NA,NA,NA,NA,NA,NA,NA,NA,NA,NA,NA,NA,"merged"
"248","F9TV7JQR",NA,"Jakubowska-Lehrmann (2022)","Jakubowska-Lehrmann M; Bialowas M; Otremba Z; Hallmann A; Sliwinska-Wilczewska S; Urban-Malinga B",2022,"Do magnetic fields related to submarine power cables affect the functioning of a common bivalve?","The aim of the study was to determine the effect of static magnetic field (SMF) and electromagnetic field (EMF), of values usually recorded near submarine cables, on the bioenergetics, oxidative stress, and neurotoxicity in the cockle Cerastoderma glaucum. Bivalves maintained a positive energy balance, but the filtration rate and energy available for individual production were significantly lower in SMF-exposed animals compared to the control treatment. No changes in the respiration were noted but ammonia excretion rate was significantly lower after exposure to EMF. Changes in the activities of antioxidant enzymes and the lipid peroxidation were not observed however, exposure to both fields resulted in increased protein carbonylation. After exposure to EMF a significant inhibition of acetylcholinesterase activity was observed. As the present study for the first time revealed the oxidative damage and neurotoxicity in marine invertebrate after exposure to artificial magnetic fields, the need for further research is highlighted.","MARINE ENVIRONMENTAL RESEARCH","journalArticle","WIND FARM; ANIMAL; ANIMALS; ARTICLE; CONTROLLED STUDY; GROWTH; NONHUMAN; TEMPERATURE; OFFSHORE WIND FARMS; POTENTIAL IMPACTS; ELECTROMAGNETIC-FIELDS; OFFSHORE OIL WELL PRODUCTION; MAGNETIC FIELD; OFFSHORE STRUCTURE; ENERGY RESOURCE; ELECTROMAGNETIC FIELD; BIVALVE; BIVALVIA; TOXICITY; MOLLUSCS; SUBMARINE CABLE; RESPONSES; ELECTROMAGNETIC FIELDS; ENERGY YIELD; AMMONIA; ANTIOXIDANT ACTIVITY; LIPID PEROXIDATION; OXIDATIVE STRESS; STATIC MAGNETIC FIELDS; SUBMARINE CABLES; SUBMARINES; BIOENERGY; FILTRATION; ELECTROMAGNETISM; ENZYME ACTIVITY; MAGNETIC-FIELD; GROWTH RATE; SUBMARINE POWER CABLES; OXYGEN CONSUMPTION; AMMONIA EXCRETION; BIOCHEMISTRY; ENERGY BALANCE; SCOPE FOR GROWTH; MAGNETIC FIELDS; SUBMARINE-CABLES; ADVERSE EVENT; ACETYLCHOLINESTERASE; ACETYLCHOLINESTERASE ACTIVITY; ACID SECRETION; CARBONYLATION; CERASTODERMA GLAUCA; CERASTODERMA GLAUCUM; CLAM RUDITAPES DECUSSATUS; ENZYME INHIBITION; EXCRETION; FIELD OF VALUES; FILTRATION RATES; FUNCTIONAL BEHAVIOR; NEREIS-DIVERSICOLOR; NEUROTOXICITY; POSITIVE ENERGIES; PROTEIN CARBONYLATION; RESPIRATORY FUNCTION; STATIC MAGNETIC FIELD; eppi-reviewer","1879-0291","10.1016/j.marenvres.2022.105700",NA,NA,179,"CARLIER Antoine","carlier","Benthic macro-invertebrates ",NA,"Input of other forms of energy",NA,"yes",6,"Cerastoderma glaucum","filter-feeders","""C. glaucum is a common bivalve of shallow environments of the North-East Atlantic Ocean and European seas, including the Baltic Sea. Sites inhabited by this opportunistic filter feeder, which lives near the sediment surface, are characterised by high bioturbation potential""","adult","NS",NA,"not specified","not specified","NA","not specified","""We hypothesize that both magnetic fields affect the basic physiological processes of C. glaucum and consequently the amount of energy for growth and reproduction, but that more pronounced effect is observed after exposure to potentially more hazardous EMF.""","NS","NS","NA","1500","A","50","""The aim of the present study was to find out if exposure to static magnetic field and electromagnetic field (50 Hz), of values typically recorded in the close vicinity of submarine cables, affect the physiological processes and bioenergetics, and induce oxidative stress and neurotoxicity in the cockle Cerastoderma glaucum.""","AC","6.4000000000000003E-3","50","""The aim of the present study was to find out if exposure to static magnetic field and electromagnetic field (50 Hz), of values typically recorded in the close vicinity of submarine cables, affect the physiological processes and bioenergetics, and induce oxidative stress and neurotoxicity in the cockle Cerastoderma glaucum.""","NA","16",NA,"NA","NA","NA","NA","NA","0","8","days","8","ponctual","continuous","variable","water-sediment interface",NA,"50","NA","no","no","NA","molecular","NA","quantitative","fitness","stress biomarkers","mmol or nmol or U / g protein,","mixed","yes","NA","Figs 2, 3","direct",NA,"NA","NA","NA","NA","NA","NA","NA","NA","13","2","YES","Yes","significant impact observed for only 1 over 7 tested biomarkers, for both SMF and EMF conditions",NA,"F9TV7JQR","","Jakubowska-Lehrmann (2022)","Jakubowska-Lehrmann M; Bialowas M; Otremba Z; Hallmann A; Sliwinska-Wilczewska S; Urban-Malinga B",2022,"Do magnetic fields related to submarine power cables affect the functioning of a common bivalve?","The aim of the study was to determine the effect of static magnetic field (SMF) and electromagnetic field (EMF), of values usually recorded near submarine cables, on the bioenergetics, oxidative stress, and neurotoxicity in the cockle Cerastoderma glaucum. Bivalves maintained a positive energy balance, but the filtration rate and energy available for individual production were significantly lower in SMF-exposed animals compared to the control treatment. No changes in the respiration were noted but ammonia excretion rate was significantly lower after exposure to EMF. Changes in the activities of antioxidant enzymes and the lipid peroxidation were not observed however, exposure to both fields resulted in increased protein carbonylation. After exposure to EMF a significant inhibition of acetylcholinesterase activity was observed. As the present study for the first time revealed the oxidative damage and neurotoxicity in marine invertebrate after exposure to artificial magnetic fields, the need for further research is highlighted.","MARINE ENVIRONMENTAL RESEARCH","journalArticle","WIND FARM; ANIMAL; ANIMALS; ARTICLE; CONTROLLED STUDY; GROWTH; NONHUMAN; TEMPERATURE; OFFSHORE WIND FARMS; POTENTIAL IMPACTS; ELECTROMAGNETIC-FIELDS; OFFSHORE OIL WELL PRODUCTION; MAGNETIC FIELD; OFFSHORE STRUCTURE; ENERGY RESOURCE; ELECTROMAGNETIC FIELD; BIVALVE; BIVALVIA; TOXICITY; MOLLUSCS; SUBMARINE CABLE; RESPONSES; ELECTROMAGNETIC FIELDS; ENERGY YIELD; AMMONIA; ANTIOXIDANT ACTIVITY; LIPID PEROXIDATION; OXIDATIVE STRESS; STATIC MAGNETIC FIELDS; SUBMARINE CABLES; SUBMARINES; BIOENERGY; FILTRATION; ELECTROMAGNETISM; ENZYME ACTIVITY; MAGNETIC-FIELD; GROWTH RATE; SUBMARINE POWER CABLES; OXYGEN CONSUMPTION; AMMONIA EXCRETION; BIOCHEMISTRY; ENERGY BALANCE; SCOPE FOR GROWTH; MAGNETIC FIELDS; SUBMARINE-CABLES; ADVERSE EVENT; ACETYLCHOLINESTERASE; ACETYLCHOLINESTERASE ACTIVITY; ACID SECRETION; CARBONYLATION; CERASTODERMA GLAUCA; CERASTODERMA GLAUCUM; CLAM RUDITAPES DECUSSATUS; ENZYME INHIBITION; EXCRETION; FIELD OF VALUES; FILTRATION RATES; FUNCTIONAL BEHAVIOR; NEREIS-DIVERSICOLOR; NEUROTOXICITY; POSITIVE ENERGIES; PROTEIN CARBONYLATION; RESPIRATORY FUNCTION; STATIC MAGNETIC FIELD; eppi-reviewer",NA,"1879-0291","10.1016/j.marenvres.2022.105700",NA,"","","179","CARLIER Antoine","","","","","carlier","","","","","","","","Article","No - Continue","No - Continue","No - Continue","Benthic macro-invertebrates ","","Cerastoderma glaucum","cockle",NA,NA,NA,NA,NA,"No",0,"Physical","","Input of other forms of energy","","No",NA,NA,NA,NA,"No",NA,NA,NA,"Yes","No-Effect",NA,"Mixed-Effect",NA,"Mixed-Effect","No-Effect",NA,NA,"No",NA,NA,NA,NA,"Yes","Mixed-Effect",NA,NA,"No",NA,NA,"No",NA,NA,"""...survival of C. glaucum after 8 days of exposure to SMF amounted to 80%. The same survival rate was observed in the control group. After exposure to EMF, the survival reached 97% and 94% in the relevant control.""; Fig1 ","No","No","Yes","No","No","No","No","No","No","No","Yes","No","No","No","No","No","No","No","No","Yes","No","No",NA,NA,NA,NA,NA,NA,NA,NA,NA,"Poland","53.130241, 19.982976","BALTIC SEA",NA,"56.380157, 18.944315",2020,2020,0,"Less than 1 month",NA,"No","No","Yes","No","No","No",NA,"Yes","Unsure","No","No","","Unsure","p8: "";..cables are often buried under 0.3–2 m sediment layer (Albert et al., 2020), whereas cables laid directly on the seabed may be covered by rocks, steel plates or cable anchoring of 15–30 cm (Taormina et al., 2018). Therefore, in future studies it would be reasonable and necessary to investigate variety of lower values of SMF/EMF""","No","","Inlcuded",63,1,1,NA,NA,NA,NA,NA,NA,NA,NA,NA,NA,NA,NA,NA,NA,NA,NA,NA,NA,NA,NA,NA,"merged"
"248","F9TV7JQR",NA,"Jakubowska-Lehrmann (2022)","Jakubowska-Lehrmann M; Bialowas M; Otremba Z; Hallmann A; Sliwinska-Wilczewska S; Urban-Malinga B",2022,"Do magnetic fields related to submarine power cables affect the functioning of a common bivalve?","The aim of the study was to determine the effect of static magnetic field (SMF) and electromagnetic field (EMF), of values usually recorded near submarine cables, on the bioenergetics, oxidative stress, and neurotoxicity in the cockle Cerastoderma glaucum. Bivalves maintained a positive energy balance, but the filtration rate and energy available for individual production were significantly lower in SMF-exposed animals compared to the control treatment. No changes in the respiration were noted but ammonia excretion rate was significantly lower after exposure to EMF. Changes in the activities of antioxidant enzymes and the lipid peroxidation were not observed however, exposure to both fields resulted in increased protein carbonylation. After exposure to EMF a significant inhibition of acetylcholinesterase activity was observed. As the present study for the first time revealed the oxidative damage and neurotoxicity in marine invertebrate after exposure to artificial magnetic fields, the need for further research is highlighted.","MARINE ENVIRONMENTAL RESEARCH","journalArticle","WIND FARM; ANIMAL; ANIMALS; ARTICLE; CONTROLLED STUDY; GROWTH; NONHUMAN; TEMPERATURE; OFFSHORE WIND FARMS; POTENTIAL IMPACTS; ELECTROMAGNETIC-FIELDS; OFFSHORE OIL WELL PRODUCTION; MAGNETIC FIELD; OFFSHORE STRUCTURE; ENERGY RESOURCE; ELECTROMAGNETIC FIELD; BIVALVE; BIVALVIA; TOXICITY; MOLLUSCS; SUBMARINE CABLE; RESPONSES; ELECTROMAGNETIC FIELDS; ENERGY YIELD; AMMONIA; ANTIOXIDANT ACTIVITY; LIPID PEROXIDATION; OXIDATIVE STRESS; STATIC MAGNETIC FIELDS; SUBMARINE CABLES; SUBMARINES; BIOENERGY; FILTRATION; ELECTROMAGNETISM; ENZYME ACTIVITY; MAGNETIC-FIELD; GROWTH RATE; SUBMARINE POWER CABLES; OXYGEN CONSUMPTION; AMMONIA EXCRETION; BIOCHEMISTRY; ENERGY BALANCE; SCOPE FOR GROWTH; MAGNETIC FIELDS; SUBMARINE-CABLES; ADVERSE EVENT; ACETYLCHOLINESTERASE; ACETYLCHOLINESTERASE ACTIVITY; ACID SECRETION; CARBONYLATION; CERASTODERMA GLAUCA; CERASTODERMA GLAUCUM; CLAM RUDITAPES DECUSSATUS; ENZYME INHIBITION; EXCRETION; FIELD OF VALUES; FILTRATION RATES; FUNCTIONAL BEHAVIOR; NEREIS-DIVERSICOLOR; NEUROTOXICITY; POSITIVE ENERGIES; PROTEIN CARBONYLATION; RESPIRATORY FUNCTION; STATIC MAGNETIC FIELD; eppi-reviewer","1879-0291","10.1016/j.marenvres.2022.105700",NA,NA,179,"CARLIER Antoine","carlier","Benthic macro-invertebrates ",NA,"Input of other forms of energy",NA,"yes",7,"Cerastoderma glaucum","filter-feeders","""C. glaucum is a common bivalve of shallow environments of the North-East Atlantic Ocean and European seas, including the Baltic Sea. Sites inhabited by this opportunistic filter feeder, which lives near the sediment surface, are characterised by high bioturbation potential""","adult","NS",NA,"not specified","not specified","NA","not specified","""We hypothesize that both magnetic fields affect the basic physiological processes of C. glaucum and consequently the amount of energy for growth and reproduction, but that more pronounced effect is observed after exposure to potentially more hazardous EMF.""","NS","NS","NA","1500","A","NA","""The aim of the present study was to find out if exposure to static magnetic field and electromagnetic field (50 Hz), of values typically recorded in the close vicinity of submarine cables, affect the physiological processes and bioenergetics, and induce oxidative stress and neurotoxicity in the cockle Cerastoderma glaucum.""","DC","6.4000000000000003E-3","NA","""The aim of the present study was to find out if exposure to static magnetic field and electromagnetic field (50 Hz), of values typically recorded in the close vicinity of submarine cables, affect the physiological processes and bioenergetics, and induce oxidative stress and neurotoxicity in the cockle Cerastoderma glaucum.""","NA","16",NA,"NA","NA","NA","NA","NA","0","8","days","8","ponctual","continuous","steady","water-sediment interface",NA,"50","NA","no","no","NA","NA","NA","quantitative","mortality","survival rate","% of live individuals","no impact/negligible","no","NA","""Averaged (N = 3) survival of C. glaucum after 8 days of exposure to SMF amounted to 80%. The same survival rate was observed in the control group. After exposure to EMF, the survival reached 97% and 94% in the relevant control.""","direct","""Averaged (N = 3) survival of C. glaucum after 8 days of exposure to SMF amounted to 80%. The same survival rate was observed in the control group. After exposure to EMF, the survival reached 97% and 94% in the relevant control.""","NA","NA","NA","NA","NA","NA","NA","NA","3","10","YES","Yes",NA,NA,"F9TV7JQR","","Jakubowska-Lehrmann (2022)","Jakubowska-Lehrmann M; Bialowas M; Otremba Z; Hallmann A; Sliwinska-Wilczewska S; Urban-Malinga B",2022,"Do magnetic fields related to submarine power cables affect the functioning of a common bivalve?","The aim of the study was to determine the effect of static magnetic field (SMF) and electromagnetic field (EMF), of values usually recorded near submarine cables, on the bioenergetics, oxidative stress, and neurotoxicity in the cockle Cerastoderma glaucum. Bivalves maintained a positive energy balance, but the filtration rate and energy available for individual production were significantly lower in SMF-exposed animals compared to the control treatment. No changes in the respiration were noted but ammonia excretion rate was significantly lower after exposure to EMF. Changes in the activities of antioxidant enzymes and the lipid peroxidation were not observed however, exposure to both fields resulted in increased protein carbonylation. After exposure to EMF a significant inhibition of acetylcholinesterase activity was observed. As the present study for the first time revealed the oxidative damage and neurotoxicity in marine invertebrate after exposure to artificial magnetic fields, the need for further research is highlighted.","MARINE ENVIRONMENTAL RESEARCH","journalArticle","WIND FARM; ANIMAL; ANIMALS; ARTICLE; CONTROLLED STUDY; GROWTH; NONHUMAN; TEMPERATURE; OFFSHORE WIND FARMS; POTENTIAL IMPACTS; ELECTROMAGNETIC-FIELDS; OFFSHORE OIL WELL PRODUCTION; MAGNETIC FIELD; OFFSHORE STRUCTURE; ENERGY RESOURCE; ELECTROMAGNETIC FIELD; BIVALVE; BIVALVIA; TOXICITY; MOLLUSCS; SUBMARINE CABLE; RESPONSES; ELECTROMAGNETIC FIELDS; ENERGY YIELD; AMMONIA; ANTIOXIDANT ACTIVITY; LIPID PEROXIDATION; OXIDATIVE STRESS; STATIC MAGNETIC FIELDS; SUBMARINE CABLES; SUBMARINES; BIOENERGY; FILTRATION; ELECTROMAGNETISM; ENZYME ACTIVITY; MAGNETIC-FIELD; GROWTH RATE; SUBMARINE POWER CABLES; OXYGEN CONSUMPTION; AMMONIA EXCRETION; BIOCHEMISTRY; ENERGY BALANCE; SCOPE FOR GROWTH; MAGNETIC FIELDS; SUBMARINE-CABLES; ADVERSE EVENT; ACETYLCHOLINESTERASE; ACETYLCHOLINESTERASE ACTIVITY; ACID SECRETION; CARBONYLATION; CERASTODERMA GLAUCA; CERASTODERMA GLAUCUM; CLAM RUDITAPES DECUSSATUS; ENZYME INHIBITION; EXCRETION; FIELD OF VALUES; FILTRATION RATES; FUNCTIONAL BEHAVIOR; NEREIS-DIVERSICOLOR; NEUROTOXICITY; POSITIVE ENERGIES; PROTEIN CARBONYLATION; RESPIRATORY FUNCTION; STATIC MAGNETIC FIELD; eppi-reviewer",NA,"1879-0291","10.1016/j.marenvres.2022.105700",NA,"","","179","CARLIER Antoine","","","","","carlier","","","","","","","","Article","No - Continue","No - Continue","No - Continue","Benthic macro-invertebrates ","","Cerastoderma glaucum","cockle",NA,NA,NA,NA,NA,"No",0,"Physical","","Input of other forms of energy","","No",NA,NA,NA,NA,"No",NA,NA,NA,"Yes","No-Effect",NA,"Mixed-Effect",NA,"Mixed-Effect","No-Effect",NA,NA,"No",NA,NA,NA,NA,"Yes","Mixed-Effect",NA,NA,"No",NA,NA,"No",NA,NA,"""...survival of C. glaucum after 8 days of exposure to SMF amounted to 80%. The same survival rate was observed in the control group. After exposure to EMF, the survival reached 97% and 94% in the relevant control.""; Fig1 ","No","No","Yes","No","No","No","No","No","No","No","Yes","No","No","No","No","No","No","No","No","Yes","No","No",NA,NA,NA,NA,NA,NA,NA,NA,NA,"Poland","53.130241, 19.982976","BALTIC SEA",NA,"56.380157, 18.944315",2020,2020,0,"Less than 1 month",NA,"No","No","Yes","No","No","No",NA,"Yes","Unsure","No","No","","Unsure","p8: "";..cables are often buried under 0.3–2 m sediment layer (Albert et al., 2020), whereas cables laid directly on the seabed may be covered by rocks, steel plates or cable anchoring of 15–30 cm (Taormina et al., 2018). Therefore, in future studies it would be reasonable and necessary to investigate variety of lower values of SMF/EMF""","No","","Inlcuded",64,1,1,NA,NA,NA,NA,NA,NA,NA,NA,NA,NA,NA,NA,NA,NA,NA,NA,NA,NA,NA,NA,NA,"merged"
"248","F9TV7JQR",NA,"Jakubowska-Lehrmann (2022)","Jakubowska-Lehrmann M; Bialowas M; Otremba Z; Hallmann A; Sliwinska-Wilczewska S; Urban-Malinga B",2022,"Do magnetic fields related to submarine power cables affect the functioning of a common bivalve?","The aim of the study was to determine the effect of static magnetic field (SMF) and electromagnetic field (EMF), of values usually recorded near submarine cables, on the bioenergetics, oxidative stress, and neurotoxicity in the cockle Cerastoderma glaucum. Bivalves maintained a positive energy balance, but the filtration rate and energy available for individual production were significantly lower in SMF-exposed animals compared to the control treatment. No changes in the respiration were noted but ammonia excretion rate was significantly lower after exposure to EMF. Changes in the activities of antioxidant enzymes and the lipid peroxidation were not observed however, exposure to both fields resulted in increased protein carbonylation. After exposure to EMF a significant inhibition of acetylcholinesterase activity was observed. As the present study for the first time revealed the oxidative damage and neurotoxicity in marine invertebrate after exposure to artificial magnetic fields, the need for further research is highlighted.","MARINE ENVIRONMENTAL RESEARCH","journalArticle","WIND FARM; ANIMAL; ANIMALS; ARTICLE; CONTROLLED STUDY; GROWTH; NONHUMAN; TEMPERATURE; OFFSHORE WIND FARMS; POTENTIAL IMPACTS; ELECTROMAGNETIC-FIELDS; OFFSHORE OIL WELL PRODUCTION; MAGNETIC FIELD; OFFSHORE STRUCTURE; ENERGY RESOURCE; ELECTROMAGNETIC FIELD; BIVALVE; BIVALVIA; TOXICITY; MOLLUSCS; SUBMARINE CABLE; RESPONSES; ELECTROMAGNETIC FIELDS; ENERGY YIELD; AMMONIA; ANTIOXIDANT ACTIVITY; LIPID PEROXIDATION; OXIDATIVE STRESS; STATIC MAGNETIC FIELDS; SUBMARINE CABLES; SUBMARINES; BIOENERGY; FILTRATION; ELECTROMAGNETISM; ENZYME ACTIVITY; MAGNETIC-FIELD; GROWTH RATE; SUBMARINE POWER CABLES; OXYGEN CONSUMPTION; AMMONIA EXCRETION; BIOCHEMISTRY; ENERGY BALANCE; SCOPE FOR GROWTH; MAGNETIC FIELDS; SUBMARINE-CABLES; ADVERSE EVENT; ACETYLCHOLINESTERASE; ACETYLCHOLINESTERASE ACTIVITY; ACID SECRETION; CARBONYLATION; CERASTODERMA GLAUCA; CERASTODERMA GLAUCUM; CLAM RUDITAPES DECUSSATUS; ENZYME INHIBITION; EXCRETION; FIELD OF VALUES; FILTRATION RATES; FUNCTIONAL BEHAVIOR; NEREIS-DIVERSICOLOR; NEUROTOXICITY; POSITIVE ENERGIES; PROTEIN CARBONYLATION; RESPIRATORY FUNCTION; STATIC MAGNETIC FIELD; eppi-reviewer","1879-0291","10.1016/j.marenvres.2022.105700",NA,NA,179,"CARLIER Antoine","carlier","Benthic macro-invertebrates ",NA,"Input of other forms of energy",NA,"yes",8,"Cerastoderma glaucum","filter-feeders","""C. glaucum is a common bivalve of shallow environments of the North-East Atlantic Ocean and European seas, including the Baltic Sea. Sites inhabited by this opportunistic filter feeder, which lives near the sediment surface, are characterised by high bioturbation potential""","adult","NS",NA,"not specified","not specified","NA","not specified","""We hypothesize that both magnetic fields affect the basic physiological processes of C. glaucum and consequently the amount of energy for growth and reproduction, but that more pronounced effect is observed after exposure to potentially more hazardous EMF.""","NS","NS","NA","1500","A","NA","""The aim of the present study was to find out if exposure to static magnetic field and electromagnetic field (50 Hz), of values typically recorded in the close vicinity of submarine cables, affect the physiological processes and bioenergetics, and induce oxidative stress and neurotoxicity in the cockle Cerastoderma glaucum.""","DC","6.4000000000000003E-3","NA","""The aim of the present study was to find out if exposure to static magnetic field and electromagnetic field (50 Hz), of values typically recorded in the close vicinity of submarine cables, affect the physiological processes and bioenergetics, and induce oxidative stress and neurotoxicity in the cockle Cerastoderma glaucum.""","NA","16",NA,"NA","NA","NA","NA","NA","0","8","days","8","ponctual","continuous","steady","sediment",NA,"50","NA","no","no","NA","NA","prostration","quantitative","spatial distribution","spatial distribution","% of individual on the sediment surface (not buried)","no impact/negligible","no","NA","""The differences in number of bivalves buried in the sediment as well as present on the sediment surface were negligible (difference between two proportions test, P>0.05) between the individuals exposed to magnetic fields and relevant controls.""","direct","""In SMF experiment the percentage of bivalves present on the sediment surface averaged for 8 days, ranged between the replicates (N = 3) from 7.5 to 22.1.0%, whereas in the control treatment it varied between 8.1 and 15.8% (Fig. S1A).""","NA","NA","NA","NA","NA","NA","NA","NA","3","10","YES","Yes",NA,NA,"F9TV7JQR","","Jakubowska-Lehrmann (2022)","Jakubowska-Lehrmann M; Bialowas M; Otremba Z; Hallmann A; Sliwinska-Wilczewska S; Urban-Malinga B",2022,"Do magnetic fields related to submarine power cables affect the functioning of a common bivalve?","The aim of the study was to determine the effect of static magnetic field (SMF) and electromagnetic field (EMF), of values usually recorded near submarine cables, on the bioenergetics, oxidative stress, and neurotoxicity in the cockle Cerastoderma glaucum. Bivalves maintained a positive energy balance, but the filtration rate and energy available for individual production were significantly lower in SMF-exposed animals compared to the control treatment. No changes in the respiration were noted but ammonia excretion rate was significantly lower after exposure to EMF. Changes in the activities of antioxidant enzymes and the lipid peroxidation were not observed however, exposure to both fields resulted in increased protein carbonylation. After exposure to EMF a significant inhibition of acetylcholinesterase activity was observed. As the present study for the first time revealed the oxidative damage and neurotoxicity in marine invertebrate after exposure to artificial magnetic fields, the need for further research is highlighted.","MARINE ENVIRONMENTAL RESEARCH","journalArticle","WIND FARM; ANIMAL; ANIMALS; ARTICLE; CONTROLLED STUDY; GROWTH; NONHUMAN; TEMPERATURE; OFFSHORE WIND FARMS; POTENTIAL IMPACTS; ELECTROMAGNETIC-FIELDS; OFFSHORE OIL WELL PRODUCTION; MAGNETIC FIELD; OFFSHORE STRUCTURE; ENERGY RESOURCE; ELECTROMAGNETIC FIELD; BIVALVE; BIVALVIA; TOXICITY; MOLLUSCS; SUBMARINE CABLE; RESPONSES; ELECTROMAGNETIC FIELDS; ENERGY YIELD; AMMONIA; ANTIOXIDANT ACTIVITY; LIPID PEROXIDATION; OXIDATIVE STRESS; STATIC MAGNETIC FIELDS; SUBMARINE CABLES; SUBMARINES; BIOENERGY; FILTRATION; ELECTROMAGNETISM; ENZYME ACTIVITY; MAGNETIC-FIELD; GROWTH RATE; SUBMARINE POWER CABLES; OXYGEN CONSUMPTION; AMMONIA EXCRETION; BIOCHEMISTRY; ENERGY BALANCE; SCOPE FOR GROWTH; MAGNETIC FIELDS; SUBMARINE-CABLES; ADVERSE EVENT; ACETYLCHOLINESTERASE; ACETYLCHOLINESTERASE ACTIVITY; ACID SECRETION; CARBONYLATION; CERASTODERMA GLAUCA; CERASTODERMA GLAUCUM; CLAM RUDITAPES DECUSSATUS; ENZYME INHIBITION; EXCRETION; FIELD OF VALUES; FILTRATION RATES; FUNCTIONAL BEHAVIOR; NEREIS-DIVERSICOLOR; NEUROTOXICITY; POSITIVE ENERGIES; PROTEIN CARBONYLATION; RESPIRATORY FUNCTION; STATIC MAGNETIC FIELD; eppi-reviewer",NA,"1879-0291","10.1016/j.marenvres.2022.105700",NA,"","","179","CARLIER Antoine","","","","","carlier","","","","","","","","Article","No - Continue","No - Continue","No - Continue","Benthic macro-invertebrates ","","Cerastoderma glaucum","cockle",NA,NA,NA,NA,NA,"No",0,"Physical","","Input of other forms of energy","","No",NA,NA,NA,NA,"No",NA,NA,NA,"Yes","No-Effect",NA,"Mixed-Effect",NA,"Mixed-Effect","No-Effect",NA,NA,"No",NA,NA,NA,NA,"Yes","Mixed-Effect",NA,NA,"No",NA,NA,"No",NA,NA,"""...survival of C. glaucum after 8 days of exposure to SMF amounted to 80%. The same survival rate was observed in the control group. After exposure to EMF, the survival reached 97% and 94% in the relevant control.""; Fig1 ","No","No","Yes","No","No","No","No","No","No","No","Yes","No","No","No","No","No","No","No","No","Yes","No","No",NA,NA,NA,NA,NA,NA,NA,NA,NA,"Poland","53.130241, 19.982976","BALTIC SEA",NA,"56.380157, 18.944315",2020,2020,0,"Less than 1 month",NA,"No","No","Yes","No","No","No",NA,"Yes","Unsure","No","No","","Unsure","p8: "";..cables are often buried under 0.3–2 m sediment layer (Albert et al., 2020), whereas cables laid directly on the seabed may be covered by rocks, steel plates or cable anchoring of 15–30 cm (Taormina et al., 2018). Therefore, in future studies it would be reasonable and necessary to investigate variety of lower values of SMF/EMF""","No","","Inlcuded",65,1,1,NA,NA,NA,NA,NA,NA,NA,NA,NA,NA,NA,NA,NA,NA,NA,NA,NA,NA,NA,NA,NA,"merged"
"248","F9TV7JQR",NA,"Jakubowska-Lehrmann (2022)","Jakubowska-Lehrmann M; Bialowas M; Otremba Z; Hallmann A; Sliwinska-Wilczewska S; Urban-Malinga B",2022,"Do magnetic fields related to submarine power cables affect the functioning of a common bivalve?","The aim of the study was to determine the effect of static magnetic field (SMF) and electromagnetic field (EMF), of values usually recorded near submarine cables, on the bioenergetics, oxidative stress, and neurotoxicity in the cockle Cerastoderma glaucum. Bivalves maintained a positive energy balance, but the filtration rate and energy available for individual production were significantly lower in SMF-exposed animals compared to the control treatment. No changes in the respiration were noted but ammonia excretion rate was significantly lower after exposure to EMF. Changes in the activities of antioxidant enzymes and the lipid peroxidation were not observed however, exposure to both fields resulted in increased protein carbonylation. After exposure to EMF a significant inhibition of acetylcholinesterase activity was observed. As the present study for the first time revealed the oxidative damage and neurotoxicity in marine invertebrate after exposure to artificial magnetic fields, the need for further research is highlighted.","MARINE ENVIRONMENTAL RESEARCH","journalArticle","WIND FARM; ANIMAL; ANIMALS; ARTICLE; CONTROLLED STUDY; GROWTH; NONHUMAN; TEMPERATURE; OFFSHORE WIND FARMS; POTENTIAL IMPACTS; ELECTROMAGNETIC-FIELDS; OFFSHORE OIL WELL PRODUCTION; MAGNETIC FIELD; OFFSHORE STRUCTURE; ENERGY RESOURCE; ELECTROMAGNETIC FIELD; BIVALVE; BIVALVIA; TOXICITY; MOLLUSCS; SUBMARINE CABLE; RESPONSES; ELECTROMAGNETIC FIELDS; ENERGY YIELD; AMMONIA; ANTIOXIDANT ACTIVITY; LIPID PEROXIDATION; OXIDATIVE STRESS; STATIC MAGNETIC FIELDS; SUBMARINE CABLES; SUBMARINES; BIOENERGY; FILTRATION; ELECTROMAGNETISM; ENZYME ACTIVITY; MAGNETIC-FIELD; GROWTH RATE; SUBMARINE POWER CABLES; OXYGEN CONSUMPTION; AMMONIA EXCRETION; BIOCHEMISTRY; ENERGY BALANCE; SCOPE FOR GROWTH; MAGNETIC FIELDS; SUBMARINE-CABLES; ADVERSE EVENT; ACETYLCHOLINESTERASE; ACETYLCHOLINESTERASE ACTIVITY; ACID SECRETION; CARBONYLATION; CERASTODERMA GLAUCA; CERASTODERMA GLAUCUM; CLAM RUDITAPES DECUSSATUS; ENZYME INHIBITION; EXCRETION; FIELD OF VALUES; FILTRATION RATES; FUNCTIONAL BEHAVIOR; NEREIS-DIVERSICOLOR; NEUROTOXICITY; POSITIVE ENERGIES; PROTEIN CARBONYLATION; RESPIRATORY FUNCTION; STATIC MAGNETIC FIELD; eppi-reviewer","1879-0291","10.1016/j.marenvres.2022.105700",NA,NA,179,"CARLIER Antoine","carlier","Benthic macro-invertebrates ",NA,"Input of other forms of energy",NA,"yes",9,"Cerastoderma glaucum","filter-feeders","""C. glaucum is a common bivalve of shallow environments of the North-East Atlantic Ocean and European seas, including the Baltic Sea. Sites inhabited by this opportunistic filter feeder, which lives near the sediment surface, are characterised by high bioturbation potential""","adult","NS",NA,"not specified","not specified","NA","not specified","""We hypothesize that both magnetic fields affect the basic physiological processes of C. glaucum and consequently the amount of energy for growth and reproduction, but that more pronounced effect is observed after exposure to potentially more hazardous EMF.""","NS","NS","NA","1500","A","NA","""The aim of the present study was to find out if exposure to static magnetic field and electromagnetic field (50 Hz), of values typically recorded in the close vicinity of submarine cables, affect the physiological processes and bioenergetics, and induce oxidative stress and neurotoxicity in the cockle Cerastoderma glaucum.""","DC","6.4000000000000003E-3","NA","""The aim of the present study was to find out if exposure to static magnetic field and electromagnetic field (50 Hz), of values typically recorded in the close vicinity of submarine cables, affect the physiological processes and bioenergetics, and induce oxidative stress and neurotoxicity in the cockle Cerastoderma glaucum.""","NA","16",NA,"NA","NA","NA","NA","NA","0","8","days","8","ponctual","continuous","steady","water-sediment interface",NA,"50","NA","no","no","NA","individual","NA","quantitative","fitness","food consumption rate","mg / g DW / day","decrease","yes","NA","""The food consumption rate of C. glaucum exposed to SMF amounted to 353.54 ± 147.29 mg g􀀀 1 DW d􀀀 1 and was significantly lower (Mann-Whitney U test, U = 43, N1 = 17, N2 = 18, P = 0.003) than in adequate control treatment (602.67 ± 217.18 mg g􀀀 1 DW d􀀀 1). In EMF-exposed bivalves the food consumption rate (454.65 ± 208.93 mg g􀀀 1 DW d􀀀 1) was not significantly different (Mann-Whitney U test, U = 128, N1 = 18, N2 = 18, P = 0.289) from the control (578.77 ± 326.71 mg g􀀀 1 DW d􀀀 1).""","direct","""The food consumption rate of C. glaucum exposed to SMF amounted to 353.54 ± 147.29 mg g􀀀 1 DW d􀀀 1 and was significantly lower (Mann-Whitney U test, U = 43, N1 = 17, N2 = 18, P = 0.003) than in adequate control treatment (602.67 ± 217.18 mg g􀀀 1 DW d􀀀 1). In EMF-exposed bivalves the food consumption rate (454.65 ± 208.93 mg g􀀀 1 DW d􀀀 1) was not significantly different (Mann-Whitney U test, U = 128, N1 = 18, N2 = 18, P = 0.289) from the control (578.77 ± 326.71 mg g􀀀 1 DW d􀀀 1).""","NA","NA","NA","NA","NA","NA","NA","NA","3","6","YES","Yes","mixed impact, since SMF-exposed showed lower food consumption rate, while EMF-exposed showed no impact",NA,"F9TV7JQR","","Jakubowska-Lehrmann (2022)","Jakubowska-Lehrmann M; Bialowas M; Otremba Z; Hallmann A; Sliwinska-Wilczewska S; Urban-Malinga B",2022,"Do magnetic fields related to submarine power cables affect the functioning of a common bivalve?","The aim of the study was to determine the effect of static magnetic field (SMF) and electromagnetic field (EMF), of values usually recorded near submarine cables, on the bioenergetics, oxidative stress, and neurotoxicity in the cockle Cerastoderma glaucum. Bivalves maintained a positive energy balance, but the filtration rate and energy available for individual production were significantly lower in SMF-exposed animals compared to the control treatment. No changes in the respiration were noted but ammonia excretion rate was significantly lower after exposure to EMF. Changes in the activities of antioxidant enzymes and the lipid peroxidation were not observed however, exposure to both fields resulted in increased protein carbonylation. After exposure to EMF a significant inhibition of acetylcholinesterase activity was observed. As the present study for the first time revealed the oxidative damage and neurotoxicity in marine invertebrate after exposure to artificial magnetic fields, the need for further research is highlighted.","MARINE ENVIRONMENTAL RESEARCH","journalArticle","WIND FARM; ANIMAL; ANIMALS; ARTICLE; CONTROLLED STUDY; GROWTH; NONHUMAN; TEMPERATURE; OFFSHORE WIND FARMS; POTENTIAL IMPACTS; ELECTROMAGNETIC-FIELDS; OFFSHORE OIL WELL PRODUCTION; MAGNETIC FIELD; OFFSHORE STRUCTURE; ENERGY RESOURCE; ELECTROMAGNETIC FIELD; BIVALVE; BIVALVIA; TOXICITY; MOLLUSCS; SUBMARINE CABLE; RESPONSES; ELECTROMAGNETIC FIELDS; ENERGY YIELD; AMMONIA; ANTIOXIDANT ACTIVITY; LIPID PEROXIDATION; OXIDATIVE STRESS; STATIC MAGNETIC FIELDS; SUBMARINE CABLES; SUBMARINES; BIOENERGY; FILTRATION; ELECTROMAGNETISM; ENZYME ACTIVITY; MAGNETIC-FIELD; GROWTH RATE; SUBMARINE POWER CABLES; OXYGEN CONSUMPTION; AMMONIA EXCRETION; BIOCHEMISTRY; ENERGY BALANCE; SCOPE FOR GROWTH; MAGNETIC FIELDS; SUBMARINE-CABLES; ADVERSE EVENT; ACETYLCHOLINESTERASE; ACETYLCHOLINESTERASE ACTIVITY; ACID SECRETION; CARBONYLATION; CERASTODERMA GLAUCA; CERASTODERMA GLAUCUM; CLAM RUDITAPES DECUSSATUS; ENZYME INHIBITION; EXCRETION; FIELD OF VALUES; FILTRATION RATES; FUNCTIONAL BEHAVIOR; NEREIS-DIVERSICOLOR; NEUROTOXICITY; POSITIVE ENERGIES; PROTEIN CARBONYLATION; RESPIRATORY FUNCTION; STATIC MAGNETIC FIELD; eppi-reviewer",NA,"1879-0291","10.1016/j.marenvres.2022.105700",NA,"","","179","CARLIER Antoine","","","","","carlier","","","","","","","","Article","No - Continue","No - Continue","No - Continue","Benthic macro-invertebrates ","","Cerastoderma glaucum","cockle",NA,NA,NA,NA,NA,"No",0,"Physical","","Input of other forms of energy","","No",NA,NA,NA,NA,"No",NA,NA,NA,"Yes","No-Effect",NA,"Mixed-Effect",NA,"Mixed-Effect","No-Effect",NA,NA,"No",NA,NA,NA,NA,"Yes","Mixed-Effect",NA,NA,"No",NA,NA,"No",NA,NA,"""...survival of C. glaucum after 8 days of exposure to SMF amounted to 80%. The same survival rate was observed in the control group. After exposure to EMF, the survival reached 97% and 94% in the relevant control.""; Fig1 ","No","No","Yes","No","No","No","No","No","No","No","Yes","No","No","No","No","No","No","No","No","Yes","No","No",NA,NA,NA,NA,NA,NA,NA,NA,NA,"Poland","53.130241, 19.982976","BALTIC SEA",NA,"56.380157, 18.944315",2020,2020,0,"Less than 1 month",NA,"No","No","Yes","No","No","No",NA,"Yes","Unsure","No","No","","Unsure","p8: "";..cables are often buried under 0.3–2 m sediment layer (Albert et al., 2020), whereas cables laid directly on the seabed may be covered by rocks, steel plates or cable anchoring of 15–30 cm (Taormina et al., 2018). Therefore, in future studies it would be reasonable and necessary to investigate variety of lower values of SMF/EMF""","No","","Inlcuded",66,1,1,NA,NA,NA,NA,NA,NA,NA,NA,NA,NA,NA,NA,NA,NA,NA,NA,NA,NA,NA,NA,NA,"merged"
"248","F9TV7JQR",NA,"Jakubowska-Lehrmann (2022)","Jakubowska-Lehrmann M; Bialowas M; Otremba Z; Hallmann A; Sliwinska-Wilczewska S; Urban-Malinga B",2022,"Do magnetic fields related to submarine power cables affect the functioning of a common bivalve?","The aim of the study was to determine the effect of static magnetic field (SMF) and electromagnetic field (EMF), of values usually recorded near submarine cables, on the bioenergetics, oxidative stress, and neurotoxicity in the cockle Cerastoderma glaucum. Bivalves maintained a positive energy balance, but the filtration rate and energy available for individual production were significantly lower in SMF-exposed animals compared to the control treatment. No changes in the respiration were noted but ammonia excretion rate was significantly lower after exposure to EMF. Changes in the activities of antioxidant enzymes and the lipid peroxidation were not observed however, exposure to both fields resulted in increased protein carbonylation. After exposure to EMF a significant inhibition of acetylcholinesterase activity was observed. As the present study for the first time revealed the oxidative damage and neurotoxicity in marine invertebrate after exposure to artificial magnetic fields, the need for further research is highlighted.","MARINE ENVIRONMENTAL RESEARCH","journalArticle","WIND FARM; ANIMAL; ANIMALS; ARTICLE; CONTROLLED STUDY; GROWTH; NONHUMAN; TEMPERATURE; OFFSHORE WIND FARMS; POTENTIAL IMPACTS; ELECTROMAGNETIC-FIELDS; OFFSHORE OIL WELL PRODUCTION; MAGNETIC FIELD; OFFSHORE STRUCTURE; ENERGY RESOURCE; ELECTROMAGNETIC FIELD; BIVALVE; BIVALVIA; TOXICITY; MOLLUSCS; SUBMARINE CABLE; RESPONSES; ELECTROMAGNETIC FIELDS; ENERGY YIELD; AMMONIA; ANTIOXIDANT ACTIVITY; LIPID PEROXIDATION; OXIDATIVE STRESS; STATIC MAGNETIC FIELDS; SUBMARINE CABLES; SUBMARINES; BIOENERGY; FILTRATION; ELECTROMAGNETISM; ENZYME ACTIVITY; MAGNETIC-FIELD; GROWTH RATE; SUBMARINE POWER CABLES; OXYGEN CONSUMPTION; AMMONIA EXCRETION; BIOCHEMISTRY; ENERGY BALANCE; SCOPE FOR GROWTH; MAGNETIC FIELDS; SUBMARINE-CABLES; ADVERSE EVENT; ACETYLCHOLINESTERASE; ACETYLCHOLINESTERASE ACTIVITY; ACID SECRETION; CARBONYLATION; CERASTODERMA GLAUCA; CERASTODERMA GLAUCUM; CLAM RUDITAPES DECUSSATUS; ENZYME INHIBITION; EXCRETION; FIELD OF VALUES; FILTRATION RATES; FUNCTIONAL BEHAVIOR; NEREIS-DIVERSICOLOR; NEUROTOXICITY; POSITIVE ENERGIES; PROTEIN CARBONYLATION; RESPIRATORY FUNCTION; STATIC MAGNETIC FIELD; eppi-reviewer","1879-0291","10.1016/j.marenvres.2022.105700",NA,NA,179,"CARLIER Antoine","carlier","Benthic macro-invertebrates ",NA,"Input of other forms of energy",NA,"yes",10,"Cerastoderma glaucum","filter-feeders","""C. glaucum is a common bivalve of shallow environments of the North-East Atlantic Ocean and European seas, including the Baltic Sea. Sites inhabited by this opportunistic filter feeder, which lives near the sediment surface, are characterised by high bioturbation potential""","adult","NS",NA,"not specified","not specified","NA","not specified","""We hypothesize that both magnetic fields affect the basic physiological processes of C. glaucum and consequently the amount of energy for growth and reproduction, but that more pronounced effect is observed after exposure to potentially more hazardous EMF.""","NS","NS","NA","1500","A","NA","""The aim of the present study was to find out if exposure to static magnetic field and electromagnetic field (50 Hz), of values typically recorded in the close vicinity of submarine cables, affect the physiological processes and bioenergetics, and induce oxidative stress and neurotoxicity in the cockle Cerastoderma glaucum.""","DC","6.4000000000000003E-3","NA","""The aim of the present study was to find out if exposure to static magnetic field and electromagnetic field (50 Hz), of values typically recorded in the close vicinity of submarine cables, affect the physiological processes and bioenergetics, and induce oxidative stress and neurotoxicity in the cockle Cerastoderma glaucum.""","NA","16",NA,"NA","NA","NA","NA","NA","0","8","days","8","ponctual","continuous","steady","water-sediment interface",NA,"50","NA","no","no","NA","individual","NA","quantitative","fitness","respiration rate","mg O2 / g DW / day","no impact/negligible","no","NA","""Neither the exposure to SMF nor EMF affected the respiration rate of C. glaucum which amounted to 107.62 ± 52.83 mg O2 g-1 DW d-1 in SMF (94.14 ±44.31 mg O2 g-1 DW d-1 in relevant control) and 51.74 ± 11.86 mg O2 g-1 DW d-1 in SMF (58.90 ± 15.51 mg O2 g-1 DW d-1 in adequate control).""","direct","""Neither the exposure to SMF nor EMF affected the respiration rate of C. glaucum (Mann-Whitney U test, U = 136, N1 = 17, N2 = 18, P =0.586; t-test, t = 1.556, N1 = 18, N2 = 18, P = 0.128; respectively)""","NA","NA","NA","NA","NA","NA","NA","NA","18","2","YES","Yes",NA,NA,"F9TV7JQR","","Jakubowska-Lehrmann (2022)","Jakubowska-Lehrmann M; Bialowas M; Otremba Z; Hallmann A; Sliwinska-Wilczewska S; Urban-Malinga B",2022,"Do magnetic fields related to submarine power cables affect the functioning of a common bivalve?","The aim of the study was to determine the effect of static magnetic field (SMF) and electromagnetic field (EMF), of values usually recorded near submarine cables, on the bioenergetics, oxidative stress, and neurotoxicity in the cockle Cerastoderma glaucum. Bivalves maintained a positive energy balance, but the filtration rate and energy available for individual production were significantly lower in SMF-exposed animals compared to the control treatment. No changes in the respiration were noted but ammonia excretion rate was significantly lower after exposure to EMF. Changes in the activities of antioxidant enzymes and the lipid peroxidation were not observed however, exposure to both fields resulted in increased protein carbonylation. After exposure to EMF a significant inhibition of acetylcholinesterase activity was observed. As the present study for the first time revealed the oxidative damage and neurotoxicity in marine invertebrate after exposure to artificial magnetic fields, the need for further research is highlighted.","MARINE ENVIRONMENTAL RESEARCH","journalArticle","WIND FARM; ANIMAL; ANIMALS; ARTICLE; CONTROLLED STUDY; GROWTH; NONHUMAN; TEMPERATURE; OFFSHORE WIND FARMS; POTENTIAL IMPACTS; ELECTROMAGNETIC-FIELDS; OFFSHORE OIL WELL PRODUCTION; MAGNETIC FIELD; OFFSHORE STRUCTURE; ENERGY RESOURCE; ELECTROMAGNETIC FIELD; BIVALVE; BIVALVIA; TOXICITY; MOLLUSCS; SUBMARINE CABLE; RESPONSES; ELECTROMAGNETIC FIELDS; ENERGY YIELD; AMMONIA; ANTIOXIDANT ACTIVITY; LIPID PEROXIDATION; OXIDATIVE STRESS; STATIC MAGNETIC FIELDS; SUBMARINE CABLES; SUBMARINES; BIOENERGY; FILTRATION; ELECTROMAGNETISM; ENZYME ACTIVITY; MAGNETIC-FIELD; GROWTH RATE; SUBMARINE POWER CABLES; OXYGEN CONSUMPTION; AMMONIA EXCRETION; BIOCHEMISTRY; ENERGY BALANCE; SCOPE FOR GROWTH; MAGNETIC FIELDS; SUBMARINE-CABLES; ADVERSE EVENT; ACETYLCHOLINESTERASE; ACETYLCHOLINESTERASE ACTIVITY; ACID SECRETION; CARBONYLATION; CERASTODERMA GLAUCA; CERASTODERMA GLAUCUM; CLAM RUDITAPES DECUSSATUS; ENZYME INHIBITION; EXCRETION; FIELD OF VALUES; FILTRATION RATES; FUNCTIONAL BEHAVIOR; NEREIS-DIVERSICOLOR; NEUROTOXICITY; POSITIVE ENERGIES; PROTEIN CARBONYLATION; RESPIRATORY FUNCTION; STATIC MAGNETIC FIELD; eppi-reviewer",NA,"1879-0291","10.1016/j.marenvres.2022.105700",NA,"","","179","CARLIER Antoine","","","","","carlier","","","","","","","","Article","No - Continue","No - Continue","No - Continue","Benthic macro-invertebrates ","","Cerastoderma glaucum","cockle",NA,NA,NA,NA,NA,"No",0,"Physical","","Input of other forms of energy","","No",NA,NA,NA,NA,"No",NA,NA,NA,"Yes","No-Effect",NA,"Mixed-Effect",NA,"Mixed-Effect","No-Effect",NA,NA,"No",NA,NA,NA,NA,"Yes","Mixed-Effect",NA,NA,"No",NA,NA,"No",NA,NA,"""...survival of C. glaucum after 8 days of exposure to SMF amounted to 80%. The same survival rate was observed in the control group. After exposure to EMF, the survival reached 97% and 94% in the relevant control.""; Fig1 ","No","No","Yes","No","No","No","No","No","No","No","Yes","No","No","No","No","No","No","No","No","Yes","No","No",NA,NA,NA,NA,NA,NA,NA,NA,NA,"Poland","53.130241, 19.982976","BALTIC SEA",NA,"56.380157, 18.944315",2020,2020,0,"Less than 1 month",NA,"No","No","Yes","No","No","No",NA,"Yes","Unsure","No","No","","Unsure","p8: "";..cables are often buried under 0.3–2 m sediment layer (Albert et al., 2020), whereas cables laid directly on the seabed may be covered by rocks, steel plates or cable anchoring of 15–30 cm (Taormina et al., 2018). Therefore, in future studies it would be reasonable and necessary to investigate variety of lower values of SMF/EMF""","No","","Inlcuded",67,1,1,NA,NA,NA,NA,NA,NA,NA,NA,NA,NA,NA,NA,NA,NA,NA,NA,NA,NA,NA,NA,NA,"merged"
"248","F9TV7JQR",NA,"Jakubowska-Lehrmann (2022)","Jakubowska-Lehrmann M; Bialowas M; Otremba Z; Hallmann A; Sliwinska-Wilczewska S; Urban-Malinga B",2022,"Do magnetic fields related to submarine power cables affect the functioning of a common bivalve?","The aim of the study was to determine the effect of static magnetic field (SMF) and electromagnetic field (EMF), of values usually recorded near submarine cables, on the bioenergetics, oxidative stress, and neurotoxicity in the cockle Cerastoderma glaucum. Bivalves maintained a positive energy balance, but the filtration rate and energy available for individual production were significantly lower in SMF-exposed animals compared to the control treatment. No changes in the respiration were noted but ammonia excretion rate was significantly lower after exposure to EMF. Changes in the activities of antioxidant enzymes and the lipid peroxidation were not observed however, exposure to both fields resulted in increased protein carbonylation. After exposure to EMF a significant inhibition of acetylcholinesterase activity was observed. As the present study for the first time revealed the oxidative damage and neurotoxicity in marine invertebrate after exposure to artificial magnetic fields, the need for further research is highlighted.","MARINE ENVIRONMENTAL RESEARCH","journalArticle","WIND FARM; ANIMAL; ANIMALS; ARTICLE; CONTROLLED STUDY; GROWTH; NONHUMAN; TEMPERATURE; OFFSHORE WIND FARMS; POTENTIAL IMPACTS; ELECTROMAGNETIC-FIELDS; OFFSHORE OIL WELL PRODUCTION; MAGNETIC FIELD; OFFSHORE STRUCTURE; ENERGY RESOURCE; ELECTROMAGNETIC FIELD; BIVALVE; BIVALVIA; TOXICITY; MOLLUSCS; SUBMARINE CABLE; RESPONSES; ELECTROMAGNETIC FIELDS; ENERGY YIELD; AMMONIA; ANTIOXIDANT ACTIVITY; LIPID PEROXIDATION; OXIDATIVE STRESS; STATIC MAGNETIC FIELDS; SUBMARINE CABLES; SUBMARINES; BIOENERGY; FILTRATION; ELECTROMAGNETISM; ENZYME ACTIVITY; MAGNETIC-FIELD; GROWTH RATE; SUBMARINE POWER CABLES; OXYGEN CONSUMPTION; AMMONIA EXCRETION; BIOCHEMISTRY; ENERGY BALANCE; SCOPE FOR GROWTH; MAGNETIC FIELDS; SUBMARINE-CABLES; ADVERSE EVENT; ACETYLCHOLINESTERASE; ACETYLCHOLINESTERASE ACTIVITY; ACID SECRETION; CARBONYLATION; CERASTODERMA GLAUCA; CERASTODERMA GLAUCUM; CLAM RUDITAPES DECUSSATUS; ENZYME INHIBITION; EXCRETION; FIELD OF VALUES; FILTRATION RATES; FUNCTIONAL BEHAVIOR; NEREIS-DIVERSICOLOR; NEUROTOXICITY; POSITIVE ENERGIES; PROTEIN CARBONYLATION; RESPIRATORY FUNCTION; STATIC MAGNETIC FIELD; eppi-reviewer","1879-0291","10.1016/j.marenvres.2022.105700",NA,NA,179,"CARLIER Antoine","carlier","Benthic macro-invertebrates ",NA,"Input of other forms of energy",NA,"yes",11,"Cerastoderma glaucum","filter-feeders","""C. glaucum is a common bivalve of shallow environments of the North-East Atlantic Ocean and European seas, including the Baltic Sea. Sites inhabited by this opportunistic filter feeder, which lives near the sediment surface, are characterised by high bioturbation potential""","adult","NS",NA,"not specified","not specified","NA","not specified","""We hypothesize that both magnetic fields affect the basic physiological processes of C. glaucum and consequently the amount of energy for growth and reproduction, but that more pronounced effect is observed after exposure to potentially more hazardous EMF.""","NS","NS","NA","1500","A","NA","""The aim of the present study was to find out if exposure to static magnetic field and electromagnetic field (50 Hz), of values typically recorded in the close vicinity of submarine cables, affect the physiological processes and bioenergetics, and induce oxidative stress and neurotoxicity in the cockle Cerastoderma glaucum.""","DC","6.4000000000000003E-3","NA","""The aim of the present study was to find out if exposure to static magnetic field and electromagnetic field (50 Hz), of values typically recorded in the close vicinity of submarine cables, affect the physiological processes and bioenergetics, and induce oxidative stress and neurotoxicity in the cockle Cerastoderma glaucum.""","NA","16",NA,"NA","NA","NA","NA","NA","0","8","days","8","ponctual","continuous","steady","water-sediment interface",NA,"50","NA","no","no","NA","individual","NA","quantitative","fitness","ammonia excretion rate","µmol NH4 / g DW / day","no impact/negligible","no","NA","""The ammonia excretion rate in bivalves was not affected by the exposure to SMF (t-test, t = 0.489, N1 = 17, N2 = 18, P = 0.489). The rate of this process amounted to 384.48 ± 107.79 μmol NH4+ g􀀀 1 DW d􀀀 1 in SMF and 421.01 ± 191.63 μmol NH4+ g􀀀 1 DW d􀀀 1 in relevant control. In EMF-exposed bivalves the excretion rate (105.58 ± 31.96 μmol NH4+ g􀀀 1 DW d􀀀 1) was significantly lower (t-test, t = 2.153, N1 = 18, N2 = 18, P = 0.038) than in the control treatment (135.44 ± 49.44 μmol NH4+ g􀀀 1 DW d􀀀 1).""","direct","""The ammonia excretion rate in bivalves was not affected by the exposure to SMF (t-test, t = 0.489, N1 = 17, N2 = 18, P = 0.489). The rate of this process amounted to 384.48 ± 107.79 μmol NH4+ g􀀀 1 DW d􀀀 1 in SMF and 421.01 ± 191.63 μmol NH4+ g􀀀 1 DW d􀀀 1 in relevant control. In EMF-exposed bivalves the excretion rate (105.58 ± 31.96 μmol NH4+ g􀀀 1 DW d􀀀 1) was significantly lower (t-test, t = 2.153, N1 = 18, N2 = 18, P = 0.038) than in the control treatment (135.44 ± 49.44 μmol NH4+ g􀀀 1 DW d􀀀 1).""","NA","NA","NA","NA","NA","NA","NA","NA","6","3","YES","Yes","mixed impact, since SMF-exposed showed no impact while EMF-exposed showed lower rate.",NA,"F9TV7JQR","","Jakubowska-Lehrmann (2022)","Jakubowska-Lehrmann M; Bialowas M; Otremba Z; Hallmann A; Sliwinska-Wilczewska S; Urban-Malinga B",2022,"Do magnetic fields related to submarine power cables affect the functioning of a common bivalve?","The aim of the study was to determine the effect of static magnetic field (SMF) and electromagnetic field (EMF), of values usually recorded near submarine cables, on the bioenergetics, oxidative stress, and neurotoxicity in the cockle Cerastoderma glaucum. Bivalves maintained a positive energy balance, but the filtration rate and energy available for individual production were significantly lower in SMF-exposed animals compared to the control treatment. No changes in the respiration were noted but ammonia excretion rate was significantly lower after exposure to EMF. Changes in the activities of antioxidant enzymes and the lipid peroxidation were not observed however, exposure to both fields resulted in increased protein carbonylation. After exposure to EMF a significant inhibition of acetylcholinesterase activity was observed. As the present study for the first time revealed the oxidative damage and neurotoxicity in marine invertebrate after exposure to artificial magnetic fields, the need for further research is highlighted.","MARINE ENVIRONMENTAL RESEARCH","journalArticle","WIND FARM; ANIMAL; ANIMALS; ARTICLE; CONTROLLED STUDY; GROWTH; NONHUMAN; TEMPERATURE; OFFSHORE WIND FARMS; POTENTIAL IMPACTS; ELECTROMAGNETIC-FIELDS; OFFSHORE OIL WELL PRODUCTION; MAGNETIC FIELD; OFFSHORE STRUCTURE; ENERGY RESOURCE; ELECTROMAGNETIC FIELD; BIVALVE; BIVALVIA; TOXICITY; MOLLUSCS; SUBMARINE CABLE; RESPONSES; ELECTROMAGNETIC FIELDS; ENERGY YIELD; AMMONIA; ANTIOXIDANT ACTIVITY; LIPID PEROXIDATION; OXIDATIVE STRESS; STATIC MAGNETIC FIELDS; SUBMARINE CABLES; SUBMARINES; BIOENERGY; FILTRATION; ELECTROMAGNETISM; ENZYME ACTIVITY; MAGNETIC-FIELD; GROWTH RATE; SUBMARINE POWER CABLES; OXYGEN CONSUMPTION; AMMONIA EXCRETION; BIOCHEMISTRY; ENERGY BALANCE; SCOPE FOR GROWTH; MAGNETIC FIELDS; SUBMARINE-CABLES; ADVERSE EVENT; ACETYLCHOLINESTERASE; ACETYLCHOLINESTERASE ACTIVITY; ACID SECRETION; CARBONYLATION; CERASTODERMA GLAUCA; CERASTODERMA GLAUCUM; CLAM RUDITAPES DECUSSATUS; ENZYME INHIBITION; EXCRETION; FIELD OF VALUES; FILTRATION RATES; FUNCTIONAL BEHAVIOR; NEREIS-DIVERSICOLOR; NEUROTOXICITY; POSITIVE ENERGIES; PROTEIN CARBONYLATION; RESPIRATORY FUNCTION; STATIC MAGNETIC FIELD; eppi-reviewer",NA,"1879-0291","10.1016/j.marenvres.2022.105700",NA,"","","179","CARLIER Antoine","","","","","carlier","","","","","","","","Article","No - Continue","No - Continue","No - Continue","Benthic macro-invertebrates ","","Cerastoderma glaucum","cockle",NA,NA,NA,NA,NA,"No",0,"Physical","","Input of other forms of energy","","No",NA,NA,NA,NA,"No",NA,NA,NA,"Yes","No-Effect",NA,"Mixed-Effect",NA,"Mixed-Effect","No-Effect",NA,NA,"No",NA,NA,NA,NA,"Yes","Mixed-Effect",NA,NA,"No",NA,NA,"No",NA,NA,"""...survival of C. glaucum after 8 days of exposure to SMF amounted to 80%. The same survival rate was observed in the control group. After exposure to EMF, the survival reached 97% and 94% in the relevant control.""; Fig1 ","No","No","Yes","No","No","No","No","No","No","No","Yes","No","No","No","No","No","No","No","No","Yes","No","No",NA,NA,NA,NA,NA,NA,NA,NA,NA,"Poland","53.130241, 19.982976","BALTIC SEA",NA,"56.380157, 18.944315",2020,2020,0,"Less than 1 month",NA,"No","No","Yes","No","No","No",NA,"Yes","Unsure","No","No","","Unsure","p8: "";..cables are often buried under 0.3–2 m sediment layer (Albert et al., 2020), whereas cables laid directly on the seabed may be covered by rocks, steel plates or cable anchoring of 15–30 cm (Taormina et al., 2018). Therefore, in future studies it would be reasonable and necessary to investigate variety of lower values of SMF/EMF""","No","","Inlcuded",68,1,1,NA,NA,NA,NA,NA,NA,NA,NA,NA,NA,NA,NA,NA,NA,NA,NA,NA,NA,NA,NA,NA,"merged"
"248","F9TV7JQR",NA,"Jakubowska-Lehrmann (2022)","Jakubowska-Lehrmann M; Bialowas M; Otremba Z; Hallmann A; Sliwinska-Wilczewska S; Urban-Malinga B",2022,"Do magnetic fields related to submarine power cables affect the functioning of a common bivalve?","The aim of the study was to determine the effect of static magnetic field (SMF) and electromagnetic field (EMF), of values usually recorded near submarine cables, on the bioenergetics, oxidative stress, and neurotoxicity in the cockle Cerastoderma glaucum. Bivalves maintained a positive energy balance, but the filtration rate and energy available for individual production were significantly lower in SMF-exposed animals compared to the control treatment. No changes in the respiration were noted but ammonia excretion rate was significantly lower after exposure to EMF. Changes in the activities of antioxidant enzymes and the lipid peroxidation were not observed however, exposure to both fields resulted in increased protein carbonylation. After exposure to EMF a significant inhibition of acetylcholinesterase activity was observed. As the present study for the first time revealed the oxidative damage and neurotoxicity in marine invertebrate after exposure to artificial magnetic fields, the need for further research is highlighted.","MARINE ENVIRONMENTAL RESEARCH","journalArticle","WIND FARM; ANIMAL; ANIMALS; ARTICLE; CONTROLLED STUDY; GROWTH; NONHUMAN; TEMPERATURE; OFFSHORE WIND FARMS; POTENTIAL IMPACTS; ELECTROMAGNETIC-FIELDS; OFFSHORE OIL WELL PRODUCTION; MAGNETIC FIELD; OFFSHORE STRUCTURE; ENERGY RESOURCE; ELECTROMAGNETIC FIELD; BIVALVE; BIVALVIA; TOXICITY; MOLLUSCS; SUBMARINE CABLE; RESPONSES; ELECTROMAGNETIC FIELDS; ENERGY YIELD; AMMONIA; ANTIOXIDANT ACTIVITY; LIPID PEROXIDATION; OXIDATIVE STRESS; STATIC MAGNETIC FIELDS; SUBMARINE CABLES; SUBMARINES; BIOENERGY; FILTRATION; ELECTROMAGNETISM; ENZYME ACTIVITY; MAGNETIC-FIELD; GROWTH RATE; SUBMARINE POWER CABLES; OXYGEN CONSUMPTION; AMMONIA EXCRETION; BIOCHEMISTRY; ENERGY BALANCE; SCOPE FOR GROWTH; MAGNETIC FIELDS; SUBMARINE-CABLES; ADVERSE EVENT; ACETYLCHOLINESTERASE; ACETYLCHOLINESTERASE ACTIVITY; ACID SECRETION; CARBONYLATION; CERASTODERMA GLAUCA; CERASTODERMA GLAUCUM; CLAM RUDITAPES DECUSSATUS; ENZYME INHIBITION; EXCRETION; FIELD OF VALUES; FILTRATION RATES; FUNCTIONAL BEHAVIOR; NEREIS-DIVERSICOLOR; NEUROTOXICITY; POSITIVE ENERGIES; PROTEIN CARBONYLATION; RESPIRATORY FUNCTION; STATIC MAGNETIC FIELD; eppi-reviewer","1879-0291","10.1016/j.marenvres.2022.105700",NA,NA,179,"CARLIER Antoine","carlier","Benthic macro-invertebrates ",NA,"Input of other forms of energy",NA,"yes",12,"Cerastoderma glaucum","filter-feeders","""C. glaucum is a common bivalve of shallow environments of the North-East Atlantic Ocean and European seas, including the Baltic Sea. Sites inhabited by this opportunistic filter feeder, which lives near the sediment surface, are characterised by high bioturbation potential""","adult","NS",NA,"not specified","not specified","NA","not specified","""We hypothesize that both magnetic fields affect the basic physiological processes of C. glaucum and consequently the amount of energy for growth and reproduction, but that more pronounced effect is observed after exposure to potentially more hazardous EMF.""","NS","NS","NA","1500","A","NA","""The aim of the present study was to find out if exposure to static magnetic field and electromagnetic field (50 Hz), of values typically recorded in the close vicinity of submarine cables, affect the physiological processes and bioenergetics, and induce oxidative stress and neurotoxicity in the cockle Cerastoderma glaucum.""","DC","6.4000000000000003E-3","NA","""The aim of the present study was to find out if exposure to static magnetic field and electromagnetic field (50 Hz), of values typically recorded in the close vicinity of submarine cables, affect the physiological processes and bioenergetics, and induce oxidative stress and neurotoxicity in the cockle Cerastoderma glaucum.""","NA","16",NA,"NA","NA","NA","NA","NA","0","8","days","8","ponctual","continuous","steady","water-sediment interface",NA,"50","NA","no","no","NA","molecular","NA","quantitative","fitness","stress biomarkers","mmol or nmol or U / g protein,","mixed","yes","NA","Figs 2, 3","direct",NA,"NA","NA","NA","NA","NA","NA","NA","NA","8","2","YES","Yes","significant impact observed for only 1 over 7 tested biomarkers, for both SMF and EMF conditions",NA,"F9TV7JQR","","Jakubowska-Lehrmann (2022)","Jakubowska-Lehrmann M; Bialowas M; Otremba Z; Hallmann A; Sliwinska-Wilczewska S; Urban-Malinga B",2022,"Do magnetic fields related to submarine power cables affect the functioning of a common bivalve?","The aim of the study was to determine the effect of static magnetic field (SMF) and electromagnetic field (EMF), of values usually recorded near submarine cables, on the bioenergetics, oxidative stress, and neurotoxicity in the cockle Cerastoderma glaucum. Bivalves maintained a positive energy balance, but the filtration rate and energy available for individual production were significantly lower in SMF-exposed animals compared to the control treatment. No changes in the respiration were noted but ammonia excretion rate was significantly lower after exposure to EMF. Changes in the activities of antioxidant enzymes and the lipid peroxidation were not observed however, exposure to both fields resulted in increased protein carbonylation. After exposure to EMF a significant inhibition of acetylcholinesterase activity was observed. As the present study for the first time revealed the oxidative damage and neurotoxicity in marine invertebrate after exposure to artificial magnetic fields, the need for further research is highlighted.","MARINE ENVIRONMENTAL RESEARCH","journalArticle","WIND FARM; ANIMAL; ANIMALS; ARTICLE; CONTROLLED STUDY; GROWTH; NONHUMAN; TEMPERATURE; OFFSHORE WIND FARMS; POTENTIAL IMPACTS; ELECTROMAGNETIC-FIELDS; OFFSHORE OIL WELL PRODUCTION; MAGNETIC FIELD; OFFSHORE STRUCTURE; ENERGY RESOURCE; ELECTROMAGNETIC FIELD; BIVALVE; BIVALVIA; TOXICITY; MOLLUSCS; SUBMARINE CABLE; RESPONSES; ELECTROMAGNETIC FIELDS; ENERGY YIELD; AMMONIA; ANTIOXIDANT ACTIVITY; LIPID PEROXIDATION; OXIDATIVE STRESS; STATIC MAGNETIC FIELDS; SUBMARINE CABLES; SUBMARINES; BIOENERGY; FILTRATION; ELECTROMAGNETISM; ENZYME ACTIVITY; MAGNETIC-FIELD; GROWTH RATE; SUBMARINE POWER CABLES; OXYGEN CONSUMPTION; AMMONIA EXCRETION; BIOCHEMISTRY; ENERGY BALANCE; SCOPE FOR GROWTH; MAGNETIC FIELDS; SUBMARINE-CABLES; ADVERSE EVENT; ACETYLCHOLINESTERASE; ACETYLCHOLINESTERASE ACTIVITY; ACID SECRETION; CARBONYLATION; CERASTODERMA GLAUCA; CERASTODERMA GLAUCUM; CLAM RUDITAPES DECUSSATUS; ENZYME INHIBITION; EXCRETION; FIELD OF VALUES; FILTRATION RATES; FUNCTIONAL BEHAVIOR; NEREIS-DIVERSICOLOR; NEUROTOXICITY; POSITIVE ENERGIES; PROTEIN CARBONYLATION; RESPIRATORY FUNCTION; STATIC MAGNETIC FIELD; eppi-reviewer",NA,"1879-0291","10.1016/j.marenvres.2022.105700",NA,"","","179","CARLIER Antoine","","","","","carlier","","","","","","","","Article","No - Continue","No - Continue","No - Continue","Benthic macro-invertebrates ","","Cerastoderma glaucum","cockle",NA,NA,NA,NA,NA,"No",0,"Physical","","Input of other forms of energy","","No",NA,NA,NA,NA,"No",NA,NA,NA,"Yes","No-Effect",NA,"Mixed-Effect",NA,"Mixed-Effect","No-Effect",NA,NA,"No",NA,NA,NA,NA,"Yes","Mixed-Effect",NA,NA,"No",NA,NA,"No",NA,NA,"""...survival of C. glaucum after 8 days of exposure to SMF amounted to 80%. The same survival rate was observed in the control group. After exposure to EMF, the survival reached 97% and 94% in the relevant control.""; Fig1 ","No","No","Yes","No","No","No","No","No","No","No","Yes","No","No","No","No","No","No","No","No","Yes","No","No",NA,NA,NA,NA,NA,NA,NA,NA,NA,"Poland","53.130241, 19.982976","BALTIC SEA",NA,"56.380157, 18.944315",2020,2020,0,"Less than 1 month",NA,"No","No","Yes","No","No","No",NA,"Yes","Unsure","No","No","","Unsure","p8: "";..cables are often buried under 0.3–2 m sediment layer (Albert et al., 2020), whereas cables laid directly on the seabed may be covered by rocks, steel plates or cable anchoring of 15–30 cm (Taormina et al., 2018). Therefore, in future studies it would be reasonable and necessary to investigate variety of lower values of SMF/EMF""","No","","Inlcuded",69,1,1,NA,NA,NA,NA,NA,NA,NA,NA,NA,NA,NA,NA,NA,NA,NA,NA,NA,NA,NA,NA,NA,"merged"
"356","33ETT36M","EPPI-Reviewer ID: 97357043","May (2017)","May R; Astrom J; Hamre O; Dahl EL",2017,"Do birds in flight respond to (ultra)violet lighting?","Background: Concerns for bird collisions with wind turbines affect the deployment of onshore and offshore windpower plants. To avoid delays in consenting processes and to streamline the construction and operation phase, functional mitigation measures are required which efficiently reduces bird mortality. Vision is the primary sensory system in birds, which for a number of species also includes the ultraviolet spectrum. Many bird species that are known to collide with offshore wind turbines are sensitive in the violet or ultraviolet spectrum. For species that are mainly active at lower ambient light levels, lighting may deter birds from the lit area. Utilizing (ultra) violet lights may in addition not disturb humans. However, we do not know whether UV-sensitive birds in flight actually respond behaviourally to UV lights. Methods: We therefore tested the efficacy of two types of lights within the violet (400 nm) and ultraviolet (365 nm) spectrum to deter birds from the lit area. These lights were placed vertically and monitored continuously between dusk and dawn using an avian radar system. Results: Relative to control nights, bird flight activity (abundance) was 27% lower when the ultraviolet light was on. Violet light resulted in a 12% decrease in overall abundance, and in addition, a vertical displacement was seen, increasing the average flight altitude by 7 m. Although temporal changes occurred, this effect persisted over the season below 40 m above sea level. Conclusions: Although the results from this pilot study are promising, we argue there still is a long way to go before a potentially functional design to mitigate collisions that has proven to be effective in situ may be in place.","AVIAN RESEARCH","journalArticle","WIND TURBINE; WIND; SEABIRDS; COLLISIONS; HABITUATION; MITIGATION; AVOIDANCE; DISPLACEMENT; EVOLUTION; AVIAN RADAR; ULTRAVIOLET; ULTRAVIOLET VISION","2053-7166","10.1186/s40657-017-0092-3",NA,NA,8,"KERBIRIOU Christian","kerbiriou","Birds",NA,"Structures as obstacles",NA,"no",1,"marine birds","terrestrial birds",NA,"adult","migration period",NA,"NA","not specified","yes","sensitivity suspected",NA,"NA","NA",NA,NA,NA,NA,NA,"NA","NA",NA,NA,"NA",NA,NA,"wavelength","350","NS",NA,"increased irradiance of 10 and 24% for respectively 365 and 400 nm (respectively: 0.169 and 0.646 Watt/m2).","370","NA",NA,NA,"ponctual","continuous","variable","air column above sea level",NA,NA,"NA","no","no","NA","NA","attraction","quantitative","spatial distribution","occurence","abundance (number of individuals) ; meters (change in flight altitude)","increase","yes","NA","light resulted in a 12% decrease in overall abundance, and in addition, a vertical displacement was seen, increasing the average flight altitude by 7 m.","direct",NA,"other","2.5","1","utra-violet","NA","NA","NA","NA","1","75 days","YES","Yes","If for species that are mainly active at lower ambient light levels, UV lighting may deter birds from the lit area. Authors argue there still is a long way to go before a potentially functional design to mitigate collisions at offshore wind turbines that has proven to be effective in situ may be in place",NA,"33ETT36M","EPPI-Reviewer ID: 97357043","May (2017)","May R; Astrom J; Hamre O; Dahl EL",2017,"Do birds in flight respond to (ultra)violet lighting?","Background: Concerns for bird collisions with wind turbines affect the deployment of onshore and offshore windpower plants. To avoid delays in consenting processes and to streamline the construction and operation phase, functional mitigation measures are required which efficiently reduces bird mortality. Vision is the primary sensory system in birds, which for a number of species also includes the ultraviolet spectrum. Many bird species that are known to collide with offshore wind turbines are sensitive in the violet or ultraviolet spectrum. For species that are mainly active at lower ambient light levels, lighting may deter birds from the lit area. Utilizing (ultra) violet lights may in addition not disturb humans. However, we do not know whether UV-sensitive birds in flight actually respond behaviourally to UV lights. Methods: We therefore tested the efficacy of two types of lights within the violet (400 nm) and ultraviolet (365 nm) spectrum to deter birds from the lit area. These lights were placed vertically and monitored continuously between dusk and dawn using an avian radar system. Results: Relative to control nights, bird flight activity (abundance) was 27% lower when the ultraviolet light was on. Violet light resulted in a 12% decrease in overall abundance, and in addition, a vertical displacement was seen, increasing the average flight altitude by 7 m. Although temporal changes occurred, this effect persisted over the season below 40 m above sea level. Conclusions: Although the results from this pilot study are promising, we argue there still is a long way to go before a potentially functional design to mitigate collisions that has proven to be effective in situ may be in place.","AVIAN RESEARCH","journalArticle","WIND TURBINE; WIND; SEABIRDS; COLLISIONS; HABITUATION; MITIGATION; AVOIDANCE; DISPLACEMENT; EVOLUTION; AVIAN RADAR; ULTRAVIOLET; ULTRAVIOLET VISION",NA,"2053-7166","10.1186/s40657-017-0092-3",NA,"","","8","KERBIRIOU Christian","kerbiriou","","","","kerbiriou","","","","","","Reviewd by EP","Sean","Article","No - Continue","No - Continue","No - Continue","Birds","Several species listed, but non specific results",NA,NA,NA,NA,NA,NA,NA,"Yes",0,"Physical","","Structures as obstacles","","No",NA,NA,NA,NA,"Yes",NA,"Effect",NA,"Yes",NA,NA,NA,NA,NA,"Effect",NA,NA,"Yes","Effect",NA,NA,NA,"No",NA,NA,NA,"No",NA,NA,"No",NA,"0","Fig. 4 & 5, Violet light resulted in a 12% decrease in overall abundance, and in addition, a vertical displacement was seen, increasing the average flight altitude by 7 m.","No","No","No","Yes","No","No","No","No","No","No","No","Yes","No","No","No","No","No","No","No","No","No","No",NA,NA,NA,NA,NA,NA,NA,NA,NA,"Norway","61.827932, 7.320914","Norwegian Sea",NA,"69.002027, 3.998004",2014,2014,0.25,"3",NA,"No","No","Yes","No","No","No",NA,"Yes","Unsure","No","Unsure","we argue there still is a long way to go before a potentially functional design to mitigate collisions that has proven to be effective in situ may be in place","No","","No","There is a test of the response of bird to ultraviolet lighting, but the experiment was carried out outside the wind-power plant, in addition authors argue there still is a long way to go before a potentially functional design to mitigate collisions that has proven to be effective in situ may be in place.","Inlcuded",70,1,1,NA,NA,NA,NA,NA,NA,NA,NA,NA,NA,NA,NA,NA,NA,NA,NA,NA,NA,NA,NA,NA,"merged"
"356","33ETT36M","EPPI-Reviewer ID: 97357043","May (2017)","May R; Astrom J; Hamre O; Dahl EL",2017,"Do birds in flight respond to (ultra)violet lighting?","Background: Concerns for bird collisions with wind turbines affect the deployment of onshore and offshore windpower plants. To avoid delays in consenting processes and to streamline the construction and operation phase, functional mitigation measures are required which efficiently reduces bird mortality. Vision is the primary sensory system in birds, which for a number of species also includes the ultraviolet spectrum. Many bird species that are known to collide with offshore wind turbines are sensitive in the violet or ultraviolet spectrum. For species that are mainly active at lower ambient light levels, lighting may deter birds from the lit area. Utilizing (ultra) violet lights may in addition not disturb humans. However, we do not know whether UV-sensitive birds in flight actually respond behaviourally to UV lights. Methods: We therefore tested the efficacy of two types of lights within the violet (400 nm) and ultraviolet (365 nm) spectrum to deter birds from the lit area. These lights were placed vertically and monitored continuously between dusk and dawn using an avian radar system. Results: Relative to control nights, bird flight activity (abundance) was 27% lower when the ultraviolet light was on. Violet light resulted in a 12% decrease in overall abundance, and in addition, a vertical displacement was seen, increasing the average flight altitude by 7 m. Although temporal changes occurred, this effect persisted over the season below 40 m above sea level. Conclusions: Although the results from this pilot study are promising, we argue there still is a long way to go before a potentially functional design to mitigate collisions that has proven to be effective in situ may be in place.","AVIAN RESEARCH","journalArticle","WIND TURBINE; WIND; SEABIRDS; COLLISIONS; HABITUATION; MITIGATION; AVOIDANCE; DISPLACEMENT; EVOLUTION; AVIAN RADAR; ULTRAVIOLET; ULTRAVIOLET VISION","2053-7166","10.1186/s40657-017-0092-3",NA,NA,8,"KERBIRIOU Christian","kerbiriou","Birds",NA,"Structures as obstacles",NA,"no",2,"marine birds","terrestrial birds",NA,"adult","migration period",NA,"NA","not specified","yes","sensitivity suspected",NA,"NA","NA",NA,NA,NA,NA,NA,"NA","NA",NA,NA,"NA",NA,NA,"wavelength","400","NS",NA,"increased irradiance of 10 and 24% for respectively 365 and 400 nm (respectively: 0.169 and 0.646 Watt/m2).","370","NA",NA,NA,"ponctual","continuous","variable","air column above sea level",NA,NA,"NA","no","no","NA","NA","attraction","quantitative","spatial distribution","occurence","abundance (number of individuals) ; meters (change in flight altitude)","increase","yes","NA","light resulted in a 12% decrease in overall abundance, and in addition, a vertical displacement was seen, increasing the average flight altitude by 7 m.","direct",NA,"other","2.5","1","utra-violet","NA","NA","NA","NA","1","75 days","YES","Yes","If for species that are mainly active at lower ambient light levels, UV lighting may deter birds from the lit area. Authors argue there still is a long way to go before a potentially functional design to mitigate collisions at offshore wind turbines that has proven to be effective in situ may be in place",NA,"33ETT36M","EPPI-Reviewer ID: 97357043","May (2017)","May R; Astrom J; Hamre O; Dahl EL",2017,"Do birds in flight respond to (ultra)violet lighting?","Background: Concerns for bird collisions with wind turbines affect the deployment of onshore and offshore windpower plants. To avoid delays in consenting processes and to streamline the construction and operation phase, functional mitigation measures are required which efficiently reduces bird mortality. Vision is the primary sensory system in birds, which for a number of species also includes the ultraviolet spectrum. Many bird species that are known to collide with offshore wind turbines are sensitive in the violet or ultraviolet spectrum. For species that are mainly active at lower ambient light levels, lighting may deter birds from the lit area. Utilizing (ultra) violet lights may in addition not disturb humans. However, we do not know whether UV-sensitive birds in flight actually respond behaviourally to UV lights. Methods: We therefore tested the efficacy of two types of lights within the violet (400 nm) and ultraviolet (365 nm) spectrum to deter birds from the lit area. These lights were placed vertically and monitored continuously between dusk and dawn using an avian radar system. Results: Relative to control nights, bird flight activity (abundance) was 27% lower when the ultraviolet light was on. Violet light resulted in a 12% decrease in overall abundance, and in addition, a vertical displacement was seen, increasing the average flight altitude by 7 m. Although temporal changes occurred, this effect persisted over the season below 40 m above sea level. Conclusions: Although the results from this pilot study are promising, we argue there still is a long way to go before a potentially functional design to mitigate collisions that has proven to be effective in situ may be in place.","AVIAN RESEARCH","journalArticle","WIND TURBINE; WIND; SEABIRDS; COLLISIONS; HABITUATION; MITIGATION; AVOIDANCE; DISPLACEMENT; EVOLUTION; AVIAN RADAR; ULTRAVIOLET; ULTRAVIOLET VISION",NA,"2053-7166","10.1186/s40657-017-0092-3",NA,"","","8","KERBIRIOU Christian","kerbiriou","","","","kerbiriou","","","","","","Reviewd by EP","Sean","Article","No - Continue","No - Continue","No - Continue","Birds","Several species listed, but non specific results",NA,NA,NA,NA,NA,NA,NA,"Yes",0,"Physical","","Structures as obstacles","","No",NA,NA,NA,NA,"Yes",NA,"Effect",NA,"Yes",NA,NA,NA,NA,NA,"Effect",NA,NA,"Yes","Effect",NA,NA,NA,"No",NA,NA,NA,"No",NA,NA,"No",NA,"0","Fig. 4 & 5, Violet light resulted in a 12% decrease in overall abundance, and in addition, a vertical displacement was seen, increasing the average flight altitude by 7 m.","No","No","No","Yes","No","No","No","No","No","No","No","Yes","No","No","No","No","No","No","No","No","No","No",NA,NA,NA,NA,NA,NA,NA,NA,NA,"Norway","61.827932, 7.320914","Norwegian Sea",NA,"69.002027, 3.998004",2014,2014,0.25,"3",NA,"No","No","Yes","No","No","No",NA,"Yes","Unsure","No","Unsure","we argue there still is a long way to go before a potentially functional design to mitigate collisions that has proven to be effective in situ may be in place","No","","No","There is a test of the response of bird to ultraviolet lighting, but the experiment was carried out outside the wind-power plant, in addition authors argue there still is a long way to go before a potentially functional design to mitigate collisions that has proven to be effective in situ may be in place.","Inlcuded",71,1,1,NA,NA,NA,NA,NA,NA,NA,NA,NA,NA,NA,NA,NA,NA,NA,NA,NA,NA,NA,NA,NA,"merged"
"435","I7WNJ259","EPPI-Reviewer ID: 97356375","Rebke (2019)","Rebke M; Dierschke V; Weiner CN; Aumuller R; Huill K; Hill R",2019,"Attraction of nocturnally migrating birds to artificial light: The influence of colour, intensity and blinking mode under different cloud cover conditions","A growing number of offshore wind farms have led to a tremendous increase in artificial lighting in the marine environment. This study disentangles the connection of light characteristics, which potentially influence the reaction of nocturnally migrating passerines to artificial illumination under different cloud cover conditions. In a spotlight experiment on a North Sea island, birds were exposed to combinations of light colour (red, yellow, green, blue, white), intensity (half, full) and blinking mode (intermittent, continuous) while measuring their number close to the light source with thermal imaging cameras. We found that no light variant was constantly avoided by nocturnally migrating passerines crossing the sea. The number of birds did neither differ between observation periods with blinking light of different colours nor compared to darkness. While intensity did not influence the number attracted, birds were drawn more towards continuous than towards blinking illumination, when stars were not visible. Red continuous light was the only exception that did not differ from the blinking counterpart. Continuous green, blue and white light attracted significantly more birds than continuous red light in overcast situations. Our results suggest that light sources offshore should be restricted to a minimum, but if lighting is needed, blinking light is to be preferred over continuous light, and if continuous light is required, red light should be applied.","BIOLOGICAL CONSERVATION","journalArticle","ATLANTIC OCEAN; NORTH SEA; WIND FARM; MIGRATION; MIGRATORY SPECIES; MARINE ENVIRONMENT; AVES; BIRD; COLLISIONS; ECOLOGY; OIL; ORIENTATION; NOCTURNAL ACTIVITY; COMMUNICATION TOWERS; PASSERINE; CLOUD COVER; CONTINUOUS AND INTERMITTENT LIGHT; LIGHT ATTRACTION; LIGHT CHARACTERISTICS; LIGHT INTENSITY; MICROMESISTIUS POUTASSOU; MIGRATING PASSERINES; NOCTURNAL BIRD MIGRATION; OBSTRUCTION LIGHT","1873-2917","10.1016/j.biocon.2019.02.029","220-227",NA,233,"CARLIER Antoine","carlier","Birds",NA,"Input of other forms of energy",NA,"yes",1,"passerines","terrestrial birds","Table A5","adult","migration period",NA,"not specified","not specified","yes","sensitivity known","""Despite many anecdotal evidence of bird attraction to light, a systematic long-term study investigating the effect of different light characteristics in combination with environmental factors potentially influencing behaviour of migrating birds is missing so far.""","NA","NA","NA","NS","NA","NA","NA","NA","NA","NA","NA","NA","NA","NA","wavelength, other","470","blue","(1-40) W/m²","Table A1","NA","NA","NA","NA","ponctual","continuous","steady","air column above sea level",NA,"NA","stars visible","no","no","NA","NA","attraction","quantitative","spatial distribution","occurence","number of birds per 15 min intervals","no impact/negligible","NA","unknown","""The camera with the wide angle lens revealed that in overcast situations more birds per block were recorded when the spotlights were switched on compared to intervals of darkness (Fig. 1, Appendix Figs. A4 and A5). This difference did not occur when stars were visible.""","direct",NA,"other","15 m","2","visible","NA","NA","NA","NA","3","2","YES","Yes","Impact significant only when stars are not visible, continuous light, and for certain wavelength (blue, green, white). Considering averall data set, not always clear if ""light on vs. off"" differences were significant or not (it seems not)",NA,"I7WNJ259","EPPI-Reviewer ID: 97356375","Rebke (2019)","Rebke M; Dierschke V; Weiner CN; Aumuller R; Huill K; Hill R",2019,"Attraction of nocturnally migrating birds to artificial light: The influence of colour, intensity and blinking mode under different cloud cover conditions","A growing number of offshore wind farms have led to a tremendous increase in artificial lighting in the marine environment. This study disentangles the connection of light characteristics, which potentially influence the reaction of nocturnally migrating passerines to artificial illumination under different cloud cover conditions. In a spotlight experiment on a North Sea island, birds were exposed to combinations of light colour (red, yellow, green, blue, white), intensity (half, full) and blinking mode (intermittent, continuous) while measuring their number close to the light source with thermal imaging cameras. We found that no light variant was constantly avoided by nocturnally migrating passerines crossing the sea. The number of birds did neither differ between observation periods with blinking light of different colours nor compared to darkness. While intensity did not influence the number attracted, birds were drawn more towards continuous than towards blinking illumination, when stars were not visible. Red continuous light was the only exception that did not differ from the blinking counterpart. Continuous green, blue and white light attracted significantly more birds than continuous red light in overcast situations. Our results suggest that light sources offshore should be restricted to a minimum, but if lighting is needed, blinking light is to be preferred over continuous light, and if continuous light is required, red light should be applied.","BIOLOGICAL CONSERVATION","journalArticle","ATLANTIC OCEAN; NORTH SEA; WIND FARM; MIGRATION; MIGRATORY SPECIES; MARINE ENVIRONMENT; AVES; BIRD; COLLISIONS; ECOLOGY; OIL; ORIENTATION; NOCTURNAL ACTIVITY; COMMUNICATION TOWERS; PASSERINE; CLOUD COVER; CONTINUOUS AND INTERMITTENT LIGHT; LIGHT ATTRACTION; LIGHT CHARACTERISTICS; LIGHT INTENSITY; MICROMESISTIUS POUTASSOU; MIGRATING PASSERINES; NOCTURNAL BIRD MIGRATION; OBSTRUCTION LIGHT",NA,"1873-2917","10.1016/j.biocon.2019.02.029",NA,"220-227","","233","CARLIER Antoine","","","","","carlier","","","X","","","","","Article","No - Continue","No - Continue","No - Continue","Birds","",NA,NA,NA,NA,NA,NA,NA,"Yes",0,"Physical","","Input of other forms of energy","","No",NA,NA,NA,NA,"No",NA,NA,NA,"Yes",NA,NA,NA,NA,NA,"Effect",NA,NA,"No",NA,NA,NA,NA,"No",NA,NA,NA,"No",NA,NA,"No",NA,"0","Figs 2, 3; ""bird calls were recorded throughout the experimental periods with a directional microphone (Sennheiser MKH 110), which was installed in a wind shield. Audio signals with a frequency above 1500 Hz were automatically stored on a computer and later identified by an experienced field ornithologist (Hill and Hüppop, 2008).""","No","No","No","Yes","No","No","No","No","No","Yes","No","No","No","No","No","No","No","No","No","No","No","No",NA,NA,NA,NA,NA,NA,NA,NA,NA,"Germany","50.631604, 10.690863","NORTH SEA","German Wadden Sea","56.447465, 3.451353",2013,2014,1,"More than 12 months",NA,"No","Yes","No","No","No","No",NA,"Yes","Unsure","No","No","","Yes","""The results from this study suggest that restricting the light sources offshore to a minimum is preferable. Illuminating the structures only when ships or aircrafts are approaching might be an option. In general, blinking light is to be preferred over continuous light, but if continuous light is needed, red light should be applied.""","No","","Inlcuded",72,1,1,NA,NA,NA,NA,NA,NA,NA,NA,NA,NA,NA,NA,NA,NA,NA,NA,NA,NA,NA,NA,NA,"merged"
"435","I7WNJ259","EPPI-Reviewer ID: 97356375","Rebke (2019)","Rebke M; Dierschke V; Weiner CN; Aumuller R; Huill K; Hill R",2019,"Attraction of nocturnally migrating birds to artificial light: The influence of colour, intensity and blinking mode under different cloud cover conditions","A growing number of offshore wind farms have led to a tremendous increase in artificial lighting in the marine environment. This study disentangles the connection of light characteristics, which potentially influence the reaction of nocturnally migrating passerines to artificial illumination under different cloud cover conditions. In a spotlight experiment on a North Sea island, birds were exposed to combinations of light colour (red, yellow, green, blue, white), intensity (half, full) and blinking mode (intermittent, continuous) while measuring their number close to the light source with thermal imaging cameras. We found that no light variant was constantly avoided by nocturnally migrating passerines crossing the sea. The number of birds did neither differ between observation periods with blinking light of different colours nor compared to darkness. While intensity did not influence the number attracted, birds were drawn more towards continuous than towards blinking illumination, when stars were not visible. Red continuous light was the only exception that did not differ from the blinking counterpart. Continuous green, blue and white light attracted significantly more birds than continuous red light in overcast situations. Our results suggest that light sources offshore should be restricted to a minimum, but if lighting is needed, blinking light is to be preferred over continuous light, and if continuous light is required, red light should be applied.","BIOLOGICAL CONSERVATION","journalArticle","ATLANTIC OCEAN; NORTH SEA; WIND FARM; MIGRATION; MIGRATORY SPECIES; MARINE ENVIRONMENT; AVES; BIRD; COLLISIONS; ECOLOGY; OIL; ORIENTATION; NOCTURNAL ACTIVITY; COMMUNICATION TOWERS; PASSERINE; CLOUD COVER; CONTINUOUS AND INTERMITTENT LIGHT; LIGHT ATTRACTION; LIGHT CHARACTERISTICS; LIGHT INTENSITY; MICROMESISTIUS POUTASSOU; MIGRATING PASSERINES; NOCTURNAL BIRD MIGRATION; OBSTRUCTION LIGHT","1873-2917","10.1016/j.biocon.2019.02.029","220-227",NA,233,"CARLIER Antoine","carlier","Birds",NA,"Input of other forms of energy",NA,"yes",2,"passerines","terrestrial birds","Table A5","adult","migration period",NA,"not specified","not specified","yes","sensitivity known","""Despite many anecdotal evidence of bird attraction to light, a systematic long-term study investigating the effect of different light characteristics in combination with environmental factors potentially influencing behaviour of migrating birds is missing so far.""","NA","NA","NA","NS","NA","NA","NA","NA","NA","NA","NA","NA","NA","NA","wavelength, other","530","green","(1-40) W/m²","Table A1","NA","NA","NA","NA","ponctual","continuous","steady","air column above sea level",NA,"NA","stars visible","no","no","NA","NA","attraction","quantitative","spatial distribution","occurence","number of birds per 15 min intervals","increase","no","unknown","""The camera with the wide angle lens revealed that in overcast situations more birds per block were recorded when the spotlights were switched on compared to intervals of darkness (Fig. 1, Appendix Figs. A4 and A5). This difference did not occur when stars were visible.""","direct",NA,"other","15 m","2","visible","NA","NA","NA","NA","3","2","YES","Yes","Impact significant only when stars are not visible, continuous light, and for certain wavelength (blue, green, white). Considering averall data set, not always clear if ""light on vs. off"" differences were significant or not (it seems not)",NA,"I7WNJ259","EPPI-Reviewer ID: 97356375","Rebke (2019)","Rebke M; Dierschke V; Weiner CN; Aumuller R; Huill K; Hill R",2019,"Attraction of nocturnally migrating birds to artificial light: The influence of colour, intensity and blinking mode under different cloud cover conditions","A growing number of offshore wind farms have led to a tremendous increase in artificial lighting in the marine environment. This study disentangles the connection of light characteristics, which potentially influence the reaction of nocturnally migrating passerines to artificial illumination under different cloud cover conditions. In a spotlight experiment on a North Sea island, birds were exposed to combinations of light colour (red, yellow, green, blue, white), intensity (half, full) and blinking mode (intermittent, continuous) while measuring their number close to the light source with thermal imaging cameras. We found that no light variant was constantly avoided by nocturnally migrating passerines crossing the sea. The number of birds did neither differ between observation periods with blinking light of different colours nor compared to darkness. While intensity did not influence the number attracted, birds were drawn more towards continuous than towards blinking illumination, when stars were not visible. Red continuous light was the only exception that did not differ from the blinking counterpart. Continuous green, blue and white light attracted significantly more birds than continuous red light in overcast situations. Our results suggest that light sources offshore should be restricted to a minimum, but if lighting is needed, blinking light is to be preferred over continuous light, and if continuous light is required, red light should be applied.","BIOLOGICAL CONSERVATION","journalArticle","ATLANTIC OCEAN; NORTH SEA; WIND FARM; MIGRATION; MIGRATORY SPECIES; MARINE ENVIRONMENT; AVES; BIRD; COLLISIONS; ECOLOGY; OIL; ORIENTATION; NOCTURNAL ACTIVITY; COMMUNICATION TOWERS; PASSERINE; CLOUD COVER; CONTINUOUS AND INTERMITTENT LIGHT; LIGHT ATTRACTION; LIGHT CHARACTERISTICS; LIGHT INTENSITY; MICROMESISTIUS POUTASSOU; MIGRATING PASSERINES; NOCTURNAL BIRD MIGRATION; OBSTRUCTION LIGHT",NA,"1873-2917","10.1016/j.biocon.2019.02.029",NA,"220-227","","233","CARLIER Antoine","","","","","carlier","","","X","","","","","Article","No - Continue","No - Continue","No - Continue","Birds","",NA,NA,NA,NA,NA,NA,NA,"Yes",0,"Physical","","Input of other forms of energy","","No",NA,NA,NA,NA,"No",NA,NA,NA,"Yes",NA,NA,NA,NA,NA,"Effect",NA,NA,"No",NA,NA,NA,NA,"No",NA,NA,NA,"No",NA,NA,"No",NA,"0","Figs 2, 3; ""bird calls were recorded throughout the experimental periods with a directional microphone (Sennheiser MKH 110), which was installed in a wind shield. Audio signals with a frequency above 1500 Hz were automatically stored on a computer and later identified by an experienced field ornithologist (Hill and Hüppop, 2008).""","No","No","No","Yes","No","No","No","No","No","Yes","No","No","No","No","No","No","No","No","No","No","No","No",NA,NA,NA,NA,NA,NA,NA,NA,NA,"Germany","50.631604, 10.690863","NORTH SEA","German Wadden Sea","56.447465, 3.451353",2013,2014,1,"More than 12 months",NA,"No","Yes","No","No","No","No",NA,"Yes","Unsure","No","No","","Yes","""The results from this study suggest that restricting the light sources offshore to a minimum is preferable. Illuminating the structures only when ships or aircrafts are approaching might be an option. In general, blinking light is to be preferred over continuous light, but if continuous light is needed, red light should be applied.""","No","","Inlcuded",73,1,1,NA,NA,NA,NA,NA,NA,NA,NA,NA,NA,NA,NA,NA,NA,NA,NA,NA,NA,NA,NA,NA,"merged"
"435","I7WNJ259","EPPI-Reviewer ID: 97356375","Rebke (2019)","Rebke M; Dierschke V; Weiner CN; Aumuller R; Huill K; Hill R",2019,"Attraction of nocturnally migrating birds to artificial light: The influence of colour, intensity and blinking mode under different cloud cover conditions","A growing number of offshore wind farms have led to a tremendous increase in artificial lighting in the marine environment. This study disentangles the connection of light characteristics, which potentially influence the reaction of nocturnally migrating passerines to artificial illumination under different cloud cover conditions. In a spotlight experiment on a North Sea island, birds were exposed to combinations of light colour (red, yellow, green, blue, white), intensity (half, full) and blinking mode (intermittent, continuous) while measuring their number close to the light source with thermal imaging cameras. We found that no light variant was constantly avoided by nocturnally migrating passerines crossing the sea. The number of birds did neither differ between observation periods with blinking light of different colours nor compared to darkness. While intensity did not influence the number attracted, birds were drawn more towards continuous than towards blinking illumination, when stars were not visible. Red continuous light was the only exception that did not differ from the blinking counterpart. Continuous green, blue and white light attracted significantly more birds than continuous red light in overcast situations. Our results suggest that light sources offshore should be restricted to a minimum, but if lighting is needed, blinking light is to be preferred over continuous light, and if continuous light is required, red light should be applied.","BIOLOGICAL CONSERVATION","journalArticle","ATLANTIC OCEAN; NORTH SEA; WIND FARM; MIGRATION; MIGRATORY SPECIES; MARINE ENVIRONMENT; AVES; BIRD; COLLISIONS; ECOLOGY; OIL; ORIENTATION; NOCTURNAL ACTIVITY; COMMUNICATION TOWERS; PASSERINE; CLOUD COVER; CONTINUOUS AND INTERMITTENT LIGHT; LIGHT ATTRACTION; LIGHT CHARACTERISTICS; LIGHT INTENSITY; MICROMESISTIUS POUTASSOU; MIGRATING PASSERINES; NOCTURNAL BIRD MIGRATION; OBSTRUCTION LIGHT","1873-2917","10.1016/j.biocon.2019.02.029","220-227",NA,233,"CARLIER Antoine","carlier","Birds",NA,"Input of other forms of energy",NA,"yes",3,"passerines","terrestrial birds","Table A5","adult","migration period",NA,"not specified","not specified","yes","sensitivity known","""Despite many anecdotal evidence of bird attraction to light, a systematic long-term study investigating the effect of different light characteristics in combination with environmental factors potentially influencing behaviour of migrating birds is missing so far.""","NA","NA","NA","NS","NA","NA","NA","NA","NA","NA","NA","NA","NA","NA","wavelength, other","627","red","(1-40) W/m²","Table A1","NA","NA","NA","NA","ponctual","continuous","steady","air column above sea level",NA,"NA","stars visible","no","no","NA","NA","attraction","quantitative","spatial distribution","occurence","number of birds per 15 min intervals","decrease","no","unknown","""The camera with the wide angle lens revealed that in overcast situations more birds per block were recorded when the spotlights were switched on compared to intervals of darkness (Fig. 1, Appendix Figs. A4 and A5). This difference did not occur when stars were visible.""","direct",NA,"other","15 m","2","visible","NA","NA","NA","NA","3","2","YES","Yes","Impact significant only when stars are not visible, continuous light, and for certain wavelength (blue, green, white). Considering averall data set, not always clear if ""light on vs. off"" differences were significant or not (it seems not)",NA,"I7WNJ259","EPPI-Reviewer ID: 97356375","Rebke (2019)","Rebke M; Dierschke V; Weiner CN; Aumuller R; Huill K; Hill R",2019,"Attraction of nocturnally migrating birds to artificial light: The influence of colour, intensity and blinking mode under different cloud cover conditions","A growing number of offshore wind farms have led to a tremendous increase in artificial lighting in the marine environment. This study disentangles the connection of light characteristics, which potentially influence the reaction of nocturnally migrating passerines to artificial illumination under different cloud cover conditions. In a spotlight experiment on a North Sea island, birds were exposed to combinations of light colour (red, yellow, green, blue, white), intensity (half, full) and blinking mode (intermittent, continuous) while measuring their number close to the light source with thermal imaging cameras. We found that no light variant was constantly avoided by nocturnally migrating passerines crossing the sea. The number of birds did neither differ between observation periods with blinking light of different colours nor compared to darkness. While intensity did not influence the number attracted, birds were drawn more towards continuous than towards blinking illumination, when stars were not visible. Red continuous light was the only exception that did not differ from the blinking counterpart. Continuous green, blue and white light attracted significantly more birds than continuous red light in overcast situations. Our results suggest that light sources offshore should be restricted to a minimum, but if lighting is needed, blinking light is to be preferred over continuous light, and if continuous light is required, red light should be applied.","BIOLOGICAL CONSERVATION","journalArticle","ATLANTIC OCEAN; NORTH SEA; WIND FARM; MIGRATION; MIGRATORY SPECIES; MARINE ENVIRONMENT; AVES; BIRD; COLLISIONS; ECOLOGY; OIL; ORIENTATION; NOCTURNAL ACTIVITY; COMMUNICATION TOWERS; PASSERINE; CLOUD COVER; CONTINUOUS AND INTERMITTENT LIGHT; LIGHT ATTRACTION; LIGHT CHARACTERISTICS; LIGHT INTENSITY; MICROMESISTIUS POUTASSOU; MIGRATING PASSERINES; NOCTURNAL BIRD MIGRATION; OBSTRUCTION LIGHT",NA,"1873-2917","10.1016/j.biocon.2019.02.029",NA,"220-227","","233","CARLIER Antoine","","","","","carlier","","","X","","","","","Article","No - Continue","No - Continue","No - Continue","Birds","",NA,NA,NA,NA,NA,NA,NA,"Yes",0,"Physical","","Input of other forms of energy","","No",NA,NA,NA,NA,"No",NA,NA,NA,"Yes",NA,NA,NA,NA,NA,"Effect",NA,NA,"No",NA,NA,NA,NA,"No",NA,NA,NA,"No",NA,NA,"No",NA,"0","Figs 2, 3; ""bird calls were recorded throughout the experimental periods with a directional microphone (Sennheiser MKH 110), which was installed in a wind shield. Audio signals with a frequency above 1500 Hz were automatically stored on a computer and later identified by an experienced field ornithologist (Hill and Hüppop, 2008).""","No","No","No","Yes","No","No","No","No","No","Yes","No","No","No","No","No","No","No","No","No","No","No","No",NA,NA,NA,NA,NA,NA,NA,NA,NA,"Germany","50.631604, 10.690863","NORTH SEA","German Wadden Sea","56.447465, 3.451353",2013,2014,1,"More than 12 months",NA,"No","Yes","No","No","No","No",NA,"Yes","Unsure","No","No","","Yes","""The results from this study suggest that restricting the light sources offshore to a minimum is preferable. Illuminating the structures only when ships or aircrafts are approaching might be an option. In general, blinking light is to be preferred over continuous light, but if continuous light is needed, red light should be applied.""","No","","Inlcuded",74,1,1,NA,NA,NA,NA,NA,NA,NA,NA,NA,NA,NA,NA,NA,NA,NA,NA,NA,NA,NA,NA,NA,"merged"
"435","I7WNJ259","EPPI-Reviewer ID: 97356375","Rebke (2019)","Rebke M; Dierschke V; Weiner CN; Aumuller R; Huill K; Hill R",2019,"Attraction of nocturnally migrating birds to artificial light: The influence of colour, intensity and blinking mode under different cloud cover conditions","A growing number of offshore wind farms have led to a tremendous increase in artificial lighting in the marine environment. This study disentangles the connection of light characteristics, which potentially influence the reaction of nocturnally migrating passerines to artificial illumination under different cloud cover conditions. In a spotlight experiment on a North Sea island, birds were exposed to combinations of light colour (red, yellow, green, blue, white), intensity (half, full) and blinking mode (intermittent, continuous) while measuring their number close to the light source with thermal imaging cameras. We found that no light variant was constantly avoided by nocturnally migrating passerines crossing the sea. The number of birds did neither differ between observation periods with blinking light of different colours nor compared to darkness. While intensity did not influence the number attracted, birds were drawn more towards continuous than towards blinking illumination, when stars were not visible. Red continuous light was the only exception that did not differ from the blinking counterpart. Continuous green, blue and white light attracted significantly more birds than continuous red light in overcast situations. Our results suggest that light sources offshore should be restricted to a minimum, but if lighting is needed, blinking light is to be preferred over continuous light, and if continuous light is required, red light should be applied.","BIOLOGICAL CONSERVATION","journalArticle","ATLANTIC OCEAN; NORTH SEA; WIND FARM; MIGRATION; MIGRATORY SPECIES; MARINE ENVIRONMENT; AVES; BIRD; COLLISIONS; ECOLOGY; OIL; ORIENTATION; NOCTURNAL ACTIVITY; COMMUNICATION TOWERS; PASSERINE; CLOUD COVER; CONTINUOUS AND INTERMITTENT LIGHT; LIGHT ATTRACTION; LIGHT CHARACTERISTICS; LIGHT INTENSITY; MICROMESISTIUS POUTASSOU; MIGRATING PASSERINES; NOCTURNAL BIRD MIGRATION; OBSTRUCTION LIGHT","1873-2917","10.1016/j.biocon.2019.02.029","220-227",NA,233,"CARLIER Antoine","carlier","Birds",NA,"Input of other forms of energy",NA,"yes",4,"passerines","terrestrial birds","Table A5","adult","migration period",NA,"not specified","not specified","yes","sensitivity known","""Despite many anecdotal evidence of bird attraction to light, a systematic long-term study investigating the effect of different light characteristics in combination with environmental factors potentially influencing behaviour of migrating birds is missing so far.""","NA","NA","NA","NS","NA","NA","NA","NA","NA","NA","NA","NA","NA","NA","wavelength, other","530+627","yellow","(1-40) W/m²","Table A1","NA","NA","NA","NA","ponctual","continuous","steady","air column above sea level",NA,"NA","stars visible","no","no","NA","NA","attraction","quantitative","spatial distribution","occurence","number of birds per 15 min intervals","increase","no","unknown","""The camera with the wide angle lens revealed that in overcast situations more birds per block were recorded when the spotlights were switched on compared to intervals of darkness (Fig. 1, Appendix Figs. A4 and A5). This difference did not occur when stars were visible.""","direct",NA,"other","15 m","2","visible","NA","NA","NA","NA","3","2","YES","Yes","Impact significant only when stars are not visible, continuous light, and for certain wavelength (blue, green, white). Considering averall data set, not always clear if ""light on vs. off"" differences were significant or not (it seems not)",NA,"I7WNJ259","EPPI-Reviewer ID: 97356375","Rebke (2019)","Rebke M; Dierschke V; Weiner CN; Aumuller R; Huill K; Hill R",2019,"Attraction of nocturnally migrating birds to artificial light: The influence of colour, intensity and blinking mode under different cloud cover conditions","A growing number of offshore wind farms have led to a tremendous increase in artificial lighting in the marine environment. This study disentangles the connection of light characteristics, which potentially influence the reaction of nocturnally migrating passerines to artificial illumination under different cloud cover conditions. In a spotlight experiment on a North Sea island, birds were exposed to combinations of light colour (red, yellow, green, blue, white), intensity (half, full) and blinking mode (intermittent, continuous) while measuring their number close to the light source with thermal imaging cameras. We found that no light variant was constantly avoided by nocturnally migrating passerines crossing the sea. The number of birds did neither differ between observation periods with blinking light of different colours nor compared to darkness. While intensity did not influence the number attracted, birds were drawn more towards continuous than towards blinking illumination, when stars were not visible. Red continuous light was the only exception that did not differ from the blinking counterpart. Continuous green, blue and white light attracted significantly more birds than continuous red light in overcast situations. Our results suggest that light sources offshore should be restricted to a minimum, but if lighting is needed, blinking light is to be preferred over continuous light, and if continuous light is required, red light should be applied.","BIOLOGICAL CONSERVATION","journalArticle","ATLANTIC OCEAN; NORTH SEA; WIND FARM; MIGRATION; MIGRATORY SPECIES; MARINE ENVIRONMENT; AVES; BIRD; COLLISIONS; ECOLOGY; OIL; ORIENTATION; NOCTURNAL ACTIVITY; COMMUNICATION TOWERS; PASSERINE; CLOUD COVER; CONTINUOUS AND INTERMITTENT LIGHT; LIGHT ATTRACTION; LIGHT CHARACTERISTICS; LIGHT INTENSITY; MICROMESISTIUS POUTASSOU; MIGRATING PASSERINES; NOCTURNAL BIRD MIGRATION; OBSTRUCTION LIGHT",NA,"1873-2917","10.1016/j.biocon.2019.02.029",NA,"220-227","","233","CARLIER Antoine","","","","","carlier","","","X","","","","","Article","No - Continue","No - Continue","No - Continue","Birds","",NA,NA,NA,NA,NA,NA,NA,"Yes",0,"Physical","","Input of other forms of energy","","No",NA,NA,NA,NA,"No",NA,NA,NA,"Yes",NA,NA,NA,NA,NA,"Effect",NA,NA,"No",NA,NA,NA,NA,"No",NA,NA,NA,"No",NA,NA,"No",NA,"0","Figs 2, 3; ""bird calls were recorded throughout the experimental periods with a directional microphone (Sennheiser MKH 110), which was installed in a wind shield. Audio signals with a frequency above 1500 Hz were automatically stored on a computer and later identified by an experienced field ornithologist (Hill and Hüppop, 2008).""","No","No","No","Yes","No","No","No","No","No","Yes","No","No","No","No","No","No","No","No","No","No","No","No",NA,NA,NA,NA,NA,NA,NA,NA,NA,"Germany","50.631604, 10.690863","NORTH SEA","German Wadden Sea","56.447465, 3.451353",2013,2014,1,"More than 12 months",NA,"No","Yes","No","No","No","No",NA,"Yes","Unsure","No","No","","Yes","""The results from this study suggest that restricting the light sources offshore to a minimum is preferable. Illuminating the structures only when ships or aircrafts are approaching might be an option. In general, blinking light is to be preferred over continuous light, but if continuous light is needed, red light should be applied.""","No","","Inlcuded",75,1,1,NA,NA,NA,NA,NA,NA,NA,NA,NA,NA,NA,NA,NA,NA,NA,NA,NA,NA,NA,NA,NA,"merged"
"435","I7WNJ259","EPPI-Reviewer ID: 97356375","Rebke (2019)","Rebke M; Dierschke V; Weiner CN; Aumuller R; Huill K; Hill R",2019,"Attraction of nocturnally migrating birds to artificial light: The influence of colour, intensity and blinking mode under different cloud cover conditions","A growing number of offshore wind farms have led to a tremendous increase in artificial lighting in the marine environment. This study disentangles the connection of light characteristics, which potentially influence the reaction of nocturnally migrating passerines to artificial illumination under different cloud cover conditions. In a spotlight experiment on a North Sea island, birds were exposed to combinations of light colour (red, yellow, green, blue, white), intensity (half, full) and blinking mode (intermittent, continuous) while measuring their number close to the light source with thermal imaging cameras. We found that no light variant was constantly avoided by nocturnally migrating passerines crossing the sea. The number of birds did neither differ between observation periods with blinking light of different colours nor compared to darkness. While intensity did not influence the number attracted, birds were drawn more towards continuous than towards blinking illumination, when stars were not visible. Red continuous light was the only exception that did not differ from the blinking counterpart. Continuous green, blue and white light attracted significantly more birds than continuous red light in overcast situations. Our results suggest that light sources offshore should be restricted to a minimum, but if lighting is needed, blinking light is to be preferred over continuous light, and if continuous light is required, red light should be applied.","BIOLOGICAL CONSERVATION","journalArticle","ATLANTIC OCEAN; NORTH SEA; WIND FARM; MIGRATION; MIGRATORY SPECIES; MARINE ENVIRONMENT; AVES; BIRD; COLLISIONS; ECOLOGY; OIL; ORIENTATION; NOCTURNAL ACTIVITY; COMMUNICATION TOWERS; PASSERINE; CLOUD COVER; CONTINUOUS AND INTERMITTENT LIGHT; LIGHT ATTRACTION; LIGHT CHARACTERISTICS; LIGHT INTENSITY; MICROMESISTIUS POUTASSOU; MIGRATING PASSERINES; NOCTURNAL BIRD MIGRATION; OBSTRUCTION LIGHT","1873-2917","10.1016/j.biocon.2019.02.029","220-227",NA,233,"CARLIER Antoine","carlier","Birds",NA,"Input of other forms of energy",NA,"yes",5,"passerines","terrestrial birds","Table A5","adult","migration period",NA,"not specified","not specified","yes","sensitivity known","""Despite many anecdotal evidence of bird attraction to light, a systematic long-term study investigating the effect of different light characteristics in combination with environmental factors potentially influencing behaviour of migrating birds is missing so far.""","NA","NA","NA","NS","NA","NA","NA","NA","NA","NA","NA","NA","NA","NA","wavelength, other","470+530+627","white","(1-40) W/m²","Table A1","NA","NA","NA","NA","ponctual","continuous","steady","air column above sea level",NA,"NA","stars visible","no","no","NA","NA","attraction","quantitative","spatial distribution","occurence","number of birds per 15 min intervals","no impact/negligible","NA","unknown","""The camera with the wide angle lens revealed that in overcast situations more birds per block were recorded when the spotlights were switched on compared to intervals of darkness (Fig. 1, Appendix Figs. A4 and A5). This difference did not occur when stars were visible.""","direct",NA,"other","15 m","2","visible","NA","NA","NA","NA","3","2","YES","Yes","Impact significant only when stars are not visible, continuous light, and for certain wavelength (blue, green, white). Considering averall data set, not always clear if ""light on vs. off"" differences were significant or not (it seems not)",NA,"I7WNJ259","EPPI-Reviewer ID: 97356375","Rebke (2019)","Rebke M; Dierschke V; Weiner CN; Aumuller R; Huill K; Hill R",2019,"Attraction of nocturnally migrating birds to artificial light: The influence of colour, intensity and blinking mode under different cloud cover conditions","A growing number of offshore wind farms have led to a tremendous increase in artificial lighting in the marine environment. This study disentangles the connection of light characteristics, which potentially influence the reaction of nocturnally migrating passerines to artificial illumination under different cloud cover conditions. In a spotlight experiment on a North Sea island, birds were exposed to combinations of light colour (red, yellow, green, blue, white), intensity (half, full) and blinking mode (intermittent, continuous) while measuring their number close to the light source with thermal imaging cameras. We found that no light variant was constantly avoided by nocturnally migrating passerines crossing the sea. The number of birds did neither differ between observation periods with blinking light of different colours nor compared to darkness. While intensity did not influence the number attracted, birds were drawn more towards continuous than towards blinking illumination, when stars were not visible. Red continuous light was the only exception that did not differ from the blinking counterpart. Continuous green, blue and white light attracted significantly more birds than continuous red light in overcast situations. Our results suggest that light sources offshore should be restricted to a minimum, but if lighting is needed, blinking light is to be preferred over continuous light, and if continuous light is required, red light should be applied.","BIOLOGICAL CONSERVATION","journalArticle","ATLANTIC OCEAN; NORTH SEA; WIND FARM; MIGRATION; MIGRATORY SPECIES; MARINE ENVIRONMENT; AVES; BIRD; COLLISIONS; ECOLOGY; OIL; ORIENTATION; NOCTURNAL ACTIVITY; COMMUNICATION TOWERS; PASSERINE; CLOUD COVER; CONTINUOUS AND INTERMITTENT LIGHT; LIGHT ATTRACTION; LIGHT CHARACTERISTICS; LIGHT INTENSITY; MICROMESISTIUS POUTASSOU; MIGRATING PASSERINES; NOCTURNAL BIRD MIGRATION; OBSTRUCTION LIGHT",NA,"1873-2917","10.1016/j.biocon.2019.02.029",NA,"220-227","","233","CARLIER Antoine","","","","","carlier","","","X","","","","","Article","No - Continue","No - Continue","No - Continue","Birds","",NA,NA,NA,NA,NA,NA,NA,"Yes",0,"Physical","","Input of other forms of energy","","No",NA,NA,NA,NA,"No",NA,NA,NA,"Yes",NA,NA,NA,NA,NA,"Effect",NA,NA,"No",NA,NA,NA,NA,"No",NA,NA,NA,"No",NA,NA,"No",NA,"0","Figs 2, 3; ""bird calls were recorded throughout the experimental periods with a directional microphone (Sennheiser MKH 110), which was installed in a wind shield. Audio signals with a frequency above 1500 Hz were automatically stored on a computer and later identified by an experienced field ornithologist (Hill and Hüppop, 2008).""","No","No","No","Yes","No","No","No","No","No","Yes","No","No","No","No","No","No","No","No","No","No","No","No",NA,NA,NA,NA,NA,NA,NA,NA,NA,"Germany","50.631604, 10.690863","NORTH SEA","German Wadden Sea","56.447465, 3.451353",2013,2014,1,"More than 12 months",NA,"No","Yes","No","No","No","No",NA,"Yes","Unsure","No","No","","Yes","""The results from this study suggest that restricting the light sources offshore to a minimum is preferable. Illuminating the structures only when ships or aircrafts are approaching might be an option. In general, blinking light is to be preferred over continuous light, but if continuous light is needed, red light should be applied.""","No","","Inlcuded",76,1,1,NA,NA,NA,NA,NA,NA,NA,NA,NA,NA,NA,NA,NA,NA,NA,NA,NA,NA,NA,NA,NA,"merged"
"435","I7WNJ259","EPPI-Reviewer ID: 97356375","Rebke (2019)","Rebke M; Dierschke V; Weiner CN; Aumuller R; Huill K; Hill R",2019,"Attraction of nocturnally migrating birds to artificial light: The influence of colour, intensity and blinking mode under different cloud cover conditions","A growing number of offshore wind farms have led to a tremendous increase in artificial lighting in the marine environment. This study disentangles the connection of light characteristics, which potentially influence the reaction of nocturnally migrating passerines to artificial illumination under different cloud cover conditions. In a spotlight experiment on a North Sea island, birds were exposed to combinations of light colour (red, yellow, green, blue, white), intensity (half, full) and blinking mode (intermittent, continuous) while measuring their number close to the light source with thermal imaging cameras. We found that no light variant was constantly avoided by nocturnally migrating passerines crossing the sea. The number of birds did neither differ between observation periods with blinking light of different colours nor compared to darkness. While intensity did not influence the number attracted, birds were drawn more towards continuous than towards blinking illumination, when stars were not visible. Red continuous light was the only exception that did not differ from the blinking counterpart. Continuous green, blue and white light attracted significantly more birds than continuous red light in overcast situations. Our results suggest that light sources offshore should be restricted to a minimum, but if lighting is needed, blinking light is to be preferred over continuous light, and if continuous light is required, red light should be applied.","BIOLOGICAL CONSERVATION","journalArticle","ATLANTIC OCEAN; NORTH SEA; WIND FARM; MIGRATION; MIGRATORY SPECIES; MARINE ENVIRONMENT; AVES; BIRD; COLLISIONS; ECOLOGY; OIL; ORIENTATION; NOCTURNAL ACTIVITY; COMMUNICATION TOWERS; PASSERINE; CLOUD COVER; CONTINUOUS AND INTERMITTENT LIGHT; LIGHT ATTRACTION; LIGHT CHARACTERISTICS; LIGHT INTENSITY; MICROMESISTIUS POUTASSOU; MIGRATING PASSERINES; NOCTURNAL BIRD MIGRATION; OBSTRUCTION LIGHT","1873-2917","10.1016/j.biocon.2019.02.029","220-227",NA,233,"CARLIER Antoine","carlier","Birds",NA,"Input of other forms of energy",NA,"yes",6,"passerines","terrestrial birds","Table A5","adult","migration period",NA,"not specified","not specified","yes","sensitivity known","""Despite many anecdotal evidence of bird attraction to light, a systematic long-term study investigating the effect of different light characteristics in combination with environmental factors potentially influencing behaviour of migrating birds is missing so far.""","NA","NA","NA","NS","NA","NA","NA","NA","NA","NA","NA","NA","NA","NA","wavelength, other","470","blue","(1-40) W/m²","Table A1","NA","NA","NA","NA","ponctual","discontinuous","steady","air column above sea level",NA,"NA","stars visible","no","no","NA","NA","attraction","quantitative","spatial distribution","occurence","number of birds per 15 min intervals","mixed","no","unknown","""The camera with the wide angle lens revealed that in overcast situations more birds per block were recorded when the spotlights were switched on compared to intervals of darkness (Fig. 1, Appendix Figs. A4 and A5). This difference did not occur when stars were visible.""","direct",NA,"other","15 m","2","visible","NA","NA","NA","NA","3","2","YES","Yes","Impact significant only when stars are not visible, continuous light, and for certain wavelength (blue, green, white). Considering averall data set, not always clear if ""light on vs. off"" differences were significant or not (it seems not)",NA,"I7WNJ259","EPPI-Reviewer ID: 97356375","Rebke (2019)","Rebke M; Dierschke V; Weiner CN; Aumuller R; Huill K; Hill R",2019,"Attraction of nocturnally migrating birds to artificial light: The influence of colour, intensity and blinking mode under different cloud cover conditions","A growing number of offshore wind farms have led to a tremendous increase in artificial lighting in the marine environment. This study disentangles the connection of light characteristics, which potentially influence the reaction of nocturnally migrating passerines to artificial illumination under different cloud cover conditions. In a spotlight experiment on a North Sea island, birds were exposed to combinations of light colour (red, yellow, green, blue, white), intensity (half, full) and blinking mode (intermittent, continuous) while measuring their number close to the light source with thermal imaging cameras. We found that no light variant was constantly avoided by nocturnally migrating passerines crossing the sea. The number of birds did neither differ between observation periods with blinking light of different colours nor compared to darkness. While intensity did not influence the number attracted, birds were drawn more towards continuous than towards blinking illumination, when stars were not visible. Red continuous light was the only exception that did not differ from the blinking counterpart. Continuous green, blue and white light attracted significantly more birds than continuous red light in overcast situations. Our results suggest that light sources offshore should be restricted to a minimum, but if lighting is needed, blinking light is to be preferred over continuous light, and if continuous light is required, red light should be applied.","BIOLOGICAL CONSERVATION","journalArticle","ATLANTIC OCEAN; NORTH SEA; WIND FARM; MIGRATION; MIGRATORY SPECIES; MARINE ENVIRONMENT; AVES; BIRD; COLLISIONS; ECOLOGY; OIL; ORIENTATION; NOCTURNAL ACTIVITY; COMMUNICATION TOWERS; PASSERINE; CLOUD COVER; CONTINUOUS AND INTERMITTENT LIGHT; LIGHT ATTRACTION; LIGHT CHARACTERISTICS; LIGHT INTENSITY; MICROMESISTIUS POUTASSOU; MIGRATING PASSERINES; NOCTURNAL BIRD MIGRATION; OBSTRUCTION LIGHT",NA,"1873-2917","10.1016/j.biocon.2019.02.029",NA,"220-227","","233","CARLIER Antoine","","","","","carlier","","","X","","","","","Article","No - Continue","No - Continue","No - Continue","Birds","",NA,NA,NA,NA,NA,NA,NA,"Yes",0,"Physical","","Input of other forms of energy","","No",NA,NA,NA,NA,"No",NA,NA,NA,"Yes",NA,NA,NA,NA,NA,"Effect",NA,NA,"No",NA,NA,NA,NA,"No",NA,NA,NA,"No",NA,NA,"No",NA,"0","Figs 2, 3; ""bird calls were recorded throughout the experimental periods with a directional microphone (Sennheiser MKH 110), which was installed in a wind shield. Audio signals with a frequency above 1500 Hz were automatically stored on a computer and later identified by an experienced field ornithologist (Hill and Hüppop, 2008).""","No","No","No","Yes","No","No","No","No","No","Yes","No","No","No","No","No","No","No","No","No","No","No","No",NA,NA,NA,NA,NA,NA,NA,NA,NA,"Germany","50.631604, 10.690863","NORTH SEA","German Wadden Sea","56.447465, 3.451353",2013,2014,1,"More than 12 months",NA,"No","Yes","No","No","No","No",NA,"Yes","Unsure","No","No","","Yes","""The results from this study suggest that restricting the light sources offshore to a minimum is preferable. Illuminating the structures only when ships or aircrafts are approaching might be an option. In general, blinking light is to be preferred over continuous light, but if continuous light is needed, red light should be applied.""","No","","Inlcuded",77,1,1,NA,NA,NA,NA,NA,NA,NA,NA,NA,NA,NA,NA,NA,NA,NA,NA,NA,NA,NA,NA,NA,"merged"
"435","I7WNJ259","EPPI-Reviewer ID: 97356375","Rebke (2019)","Rebke M; Dierschke V; Weiner CN; Aumuller R; Huill K; Hill R",2019,"Attraction of nocturnally migrating birds to artificial light: The influence of colour, intensity and blinking mode under different cloud cover conditions","A growing number of offshore wind farms have led to a tremendous increase in artificial lighting in the marine environment. This study disentangles the connection of light characteristics, which potentially influence the reaction of nocturnally migrating passerines to artificial illumination under different cloud cover conditions. In a spotlight experiment on a North Sea island, birds were exposed to combinations of light colour (red, yellow, green, blue, white), intensity (half, full) and blinking mode (intermittent, continuous) while measuring their number close to the light source with thermal imaging cameras. We found that no light variant was constantly avoided by nocturnally migrating passerines crossing the sea. The number of birds did neither differ between observation periods with blinking light of different colours nor compared to darkness. While intensity did not influence the number attracted, birds were drawn more towards continuous than towards blinking illumination, when stars were not visible. Red continuous light was the only exception that did not differ from the blinking counterpart. Continuous green, blue and white light attracted significantly more birds than continuous red light in overcast situations. Our results suggest that light sources offshore should be restricted to a minimum, but if lighting is needed, blinking light is to be preferred over continuous light, and if continuous light is required, red light should be applied.","BIOLOGICAL CONSERVATION","journalArticle","ATLANTIC OCEAN; NORTH SEA; WIND FARM; MIGRATION; MIGRATORY SPECIES; MARINE ENVIRONMENT; AVES; BIRD; COLLISIONS; ECOLOGY; OIL; ORIENTATION; NOCTURNAL ACTIVITY; COMMUNICATION TOWERS; PASSERINE; CLOUD COVER; CONTINUOUS AND INTERMITTENT LIGHT; LIGHT ATTRACTION; LIGHT CHARACTERISTICS; LIGHT INTENSITY; MICROMESISTIUS POUTASSOU; MIGRATING PASSERINES; NOCTURNAL BIRD MIGRATION; OBSTRUCTION LIGHT","1873-2917","10.1016/j.biocon.2019.02.029","220-227",NA,233,"CARLIER Antoine","carlier","Birds",NA,"Input of other forms of energy",NA,"yes",7,"passerines","terrestrial birds","Table A5","adult","migration period",NA,"not specified","not specified","yes","sensitivity known","""Despite many anecdotal evidence of bird attraction to light, a systematic long-term study investigating the effect of different light characteristics in combination with environmental factors potentially influencing behaviour of migrating birds is missing so far.""","NA","NA","NA","NS","NA","NA","NA","NA","NA","NA","NA","NA","NA","NA","wavelength, other","530","green","(1-40) W/m²","Table A1","NA","NA","NA","NA","ponctual","discontinuous","steady","air column above sea level",NA,"NA","stars visible","no","no","NA","NA","attraction","quantitative","spatial distribution","occurence","number of birds per 15 min intervals","mixed","no","unknown","""The camera with the wide angle lens revealed that in overcast situations more birds per block were recorded when the spotlights were switched on compared to intervals of darkness (Fig. 1, Appendix Figs. A4 and A5). This difference did not occur when stars were visible.""","direct",NA,"other","15 m","2","visible","NA","NA","NA","NA","3","2","YES","Yes","Impact significant only when stars are not visible, continuous light, and for certain wavelength (blue, green, white). Considering averall data set, not always clear if ""light on vs. off"" differences were significant or not (it seems not)",NA,"I7WNJ259","EPPI-Reviewer ID: 97356375","Rebke (2019)","Rebke M; Dierschke V; Weiner CN; Aumuller R; Huill K; Hill R",2019,"Attraction of nocturnally migrating birds to artificial light: The influence of colour, intensity and blinking mode under different cloud cover conditions","A growing number of offshore wind farms have led to a tremendous increase in artificial lighting in the marine environment. This study disentangles the connection of light characteristics, which potentially influence the reaction of nocturnally migrating passerines to artificial illumination under different cloud cover conditions. In a spotlight experiment on a North Sea island, birds were exposed to combinations of light colour (red, yellow, green, blue, white), intensity (half, full) and blinking mode (intermittent, continuous) while measuring their number close to the light source with thermal imaging cameras. We found that no light variant was constantly avoided by nocturnally migrating passerines crossing the sea. The number of birds did neither differ between observation periods with blinking light of different colours nor compared to darkness. While intensity did not influence the number attracted, birds were drawn more towards continuous than towards blinking illumination, when stars were not visible. Red continuous light was the only exception that did not differ from the blinking counterpart. Continuous green, blue and white light attracted significantly more birds than continuous red light in overcast situations. Our results suggest that light sources offshore should be restricted to a minimum, but if lighting is needed, blinking light is to be preferred over continuous light, and if continuous light is required, red light should be applied.","BIOLOGICAL CONSERVATION","journalArticle","ATLANTIC OCEAN; NORTH SEA; WIND FARM; MIGRATION; MIGRATORY SPECIES; MARINE ENVIRONMENT; AVES; BIRD; COLLISIONS; ECOLOGY; OIL; ORIENTATION; NOCTURNAL ACTIVITY; COMMUNICATION TOWERS; PASSERINE; CLOUD COVER; CONTINUOUS AND INTERMITTENT LIGHT; LIGHT ATTRACTION; LIGHT CHARACTERISTICS; LIGHT INTENSITY; MICROMESISTIUS POUTASSOU; MIGRATING PASSERINES; NOCTURNAL BIRD MIGRATION; OBSTRUCTION LIGHT",NA,"1873-2917","10.1016/j.biocon.2019.02.029",NA,"220-227","","233","CARLIER Antoine","","","","","carlier","","","X","","","","","Article","No - Continue","No - Continue","No - Continue","Birds","",NA,NA,NA,NA,NA,NA,NA,"Yes",0,"Physical","","Input of other forms of energy","","No",NA,NA,NA,NA,"No",NA,NA,NA,"Yes",NA,NA,NA,NA,NA,"Effect",NA,NA,"No",NA,NA,NA,NA,"No",NA,NA,NA,"No",NA,NA,"No",NA,"0","Figs 2, 3; ""bird calls were recorded throughout the experimental periods with a directional microphone (Sennheiser MKH 110), which was installed in a wind shield. Audio signals with a frequency above 1500 Hz were automatically stored on a computer and later identified by an experienced field ornithologist (Hill and Hüppop, 2008).""","No","No","No","Yes","No","No","No","No","No","Yes","No","No","No","No","No","No","No","No","No","No","No","No",NA,NA,NA,NA,NA,NA,NA,NA,NA,"Germany","50.631604, 10.690863","NORTH SEA","German Wadden Sea","56.447465, 3.451353",2013,2014,1,"More than 12 months",NA,"No","Yes","No","No","No","No",NA,"Yes","Unsure","No","No","","Yes","""The results from this study suggest that restricting the light sources offshore to a minimum is preferable. Illuminating the structures only when ships or aircrafts are approaching might be an option. In general, blinking light is to be preferred over continuous light, but if continuous light is needed, red light should be applied.""","No","","Inlcuded",78,1,1,NA,NA,NA,NA,NA,NA,NA,NA,NA,NA,NA,NA,NA,NA,NA,NA,NA,NA,NA,NA,NA,"merged"
"435","I7WNJ259","EPPI-Reviewer ID: 97356375","Rebke (2019)","Rebke M; Dierschke V; Weiner CN; Aumuller R; Huill K; Hill R",2019,"Attraction of nocturnally migrating birds to artificial light: The influence of colour, intensity and blinking mode under different cloud cover conditions","A growing number of offshore wind farms have led to a tremendous increase in artificial lighting in the marine environment. This study disentangles the connection of light characteristics, which potentially influence the reaction of nocturnally migrating passerines to artificial illumination under different cloud cover conditions. In a spotlight experiment on a North Sea island, birds were exposed to combinations of light colour (red, yellow, green, blue, white), intensity (half, full) and blinking mode (intermittent, continuous) while measuring their number close to the light source with thermal imaging cameras. We found that no light variant was constantly avoided by nocturnally migrating passerines crossing the sea. The number of birds did neither differ between observation periods with blinking light of different colours nor compared to darkness. While intensity did not influence the number attracted, birds were drawn more towards continuous than towards blinking illumination, when stars were not visible. Red continuous light was the only exception that did not differ from the blinking counterpart. Continuous green, blue and white light attracted significantly more birds than continuous red light in overcast situations. Our results suggest that light sources offshore should be restricted to a minimum, but if lighting is needed, blinking light is to be preferred over continuous light, and if continuous light is required, red light should be applied.","BIOLOGICAL CONSERVATION","journalArticle","ATLANTIC OCEAN; NORTH SEA; WIND FARM; MIGRATION; MIGRATORY SPECIES; MARINE ENVIRONMENT; AVES; BIRD; COLLISIONS; ECOLOGY; OIL; ORIENTATION; NOCTURNAL ACTIVITY; COMMUNICATION TOWERS; PASSERINE; CLOUD COVER; CONTINUOUS AND INTERMITTENT LIGHT; LIGHT ATTRACTION; LIGHT CHARACTERISTICS; LIGHT INTENSITY; MICROMESISTIUS POUTASSOU; MIGRATING PASSERINES; NOCTURNAL BIRD MIGRATION; OBSTRUCTION LIGHT","1873-2917","10.1016/j.biocon.2019.02.029","220-227",NA,233,"CARLIER Antoine","carlier","Birds",NA,"Input of other forms of energy",NA,"yes",8,"passerines","terrestrial birds","Table A5","adult","migration period",NA,"not specified","not specified","yes","sensitivity known","""Despite many anecdotal evidence of bird attraction to light, a systematic long-term study investigating the effect of different light characteristics in combination with environmental factors potentially influencing behaviour of migrating birds is missing so far.""","NA","NA","NA","NS","NA","NA","NA","NA","NA","NA","NA","NA","NA","NA","wavelength, other","627","red","(1-40) W/m²","Table A1","NA","NA","NA","NA","ponctual","discontinuous","steady","air column above sea level",NA,"NA","stars visible","no","no","NA","NA","attraction","quantitative","spatial distribution","occurence","number of birds per 15 min intervals","no impact/negligible","NA","unknown","""The camera with the wide angle lens revealed that in overcast situations more birds per block were recorded when the spotlights were switched on compared to intervals of darkness (Fig. 1, Appendix Figs. A4 and A5). This difference did not occur when stars were visible.""","direct",NA,"other","15 m","2","visible","NA","NA","NA","NA","3","2","YES","Yes","Impact significant only when stars are not visible, continuous light, and for certain wavelength (blue, green, white). Considering averall data set, not always clear if ""light on vs. off"" differences were significant or not (it seems not)",NA,"I7WNJ259","EPPI-Reviewer ID: 97356375","Rebke (2019)","Rebke M; Dierschke V; Weiner CN; Aumuller R; Huill K; Hill R",2019,"Attraction of nocturnally migrating birds to artificial light: The influence of colour, intensity and blinking mode under different cloud cover conditions","A growing number of offshore wind farms have led to a tremendous increase in artificial lighting in the marine environment. This study disentangles the connection of light characteristics, which potentially influence the reaction of nocturnally migrating passerines to artificial illumination under different cloud cover conditions. In a spotlight experiment on a North Sea island, birds were exposed to combinations of light colour (red, yellow, green, blue, white), intensity (half, full) and blinking mode (intermittent, continuous) while measuring their number close to the light source with thermal imaging cameras. We found that no light variant was constantly avoided by nocturnally migrating passerines crossing the sea. The number of birds did neither differ between observation periods with blinking light of different colours nor compared to darkness. While intensity did not influence the number attracted, birds were drawn more towards continuous than towards blinking illumination, when stars were not visible. Red continuous light was the only exception that did not differ from the blinking counterpart. Continuous green, blue and white light attracted significantly more birds than continuous red light in overcast situations. Our results suggest that light sources offshore should be restricted to a minimum, but if lighting is needed, blinking light is to be preferred over continuous light, and if continuous light is required, red light should be applied.","BIOLOGICAL CONSERVATION","journalArticle","ATLANTIC OCEAN; NORTH SEA; WIND FARM; MIGRATION; MIGRATORY SPECIES; MARINE ENVIRONMENT; AVES; BIRD; COLLISIONS; ECOLOGY; OIL; ORIENTATION; NOCTURNAL ACTIVITY; COMMUNICATION TOWERS; PASSERINE; CLOUD COVER; CONTINUOUS AND INTERMITTENT LIGHT; LIGHT ATTRACTION; LIGHT CHARACTERISTICS; LIGHT INTENSITY; MICROMESISTIUS POUTASSOU; MIGRATING PASSERINES; NOCTURNAL BIRD MIGRATION; OBSTRUCTION LIGHT",NA,"1873-2917","10.1016/j.biocon.2019.02.029",NA,"220-227","","233","CARLIER Antoine","","","","","carlier","","","X","","","","","Article","No - Continue","No - Continue","No - Continue","Birds","",NA,NA,NA,NA,NA,NA,NA,"Yes",0,"Physical","","Input of other forms of energy","","No",NA,NA,NA,NA,"No",NA,NA,NA,"Yes",NA,NA,NA,NA,NA,"Effect",NA,NA,"No",NA,NA,NA,NA,"No",NA,NA,NA,"No",NA,NA,"No",NA,"0","Figs 2, 3; ""bird calls were recorded throughout the experimental periods with a directional microphone (Sennheiser MKH 110), which was installed in a wind shield. Audio signals with a frequency above 1500 Hz were automatically stored on a computer and later identified by an experienced field ornithologist (Hill and Hüppop, 2008).""","No","No","No","Yes","No","No","No","No","No","Yes","No","No","No","No","No","No","No","No","No","No","No","No",NA,NA,NA,NA,NA,NA,NA,NA,NA,"Germany","50.631604, 10.690863","NORTH SEA","German Wadden Sea","56.447465, 3.451353",2013,2014,1,"More than 12 months",NA,"No","Yes","No","No","No","No",NA,"Yes","Unsure","No","No","","Yes","""The results from this study suggest that restricting the light sources offshore to a minimum is preferable. Illuminating the structures only when ships or aircrafts are approaching might be an option. In general, blinking light is to be preferred over continuous light, but if continuous light is needed, red light should be applied.""","No","","Inlcuded",79,1,1,NA,NA,NA,NA,NA,NA,NA,NA,NA,NA,NA,NA,NA,NA,NA,NA,NA,NA,NA,NA,NA,"merged"
"435","I7WNJ259","EPPI-Reviewer ID: 97356375","Rebke (2019)","Rebke M; Dierschke V; Weiner CN; Aumuller R; Huill K; Hill R",2019,"Attraction of nocturnally migrating birds to artificial light: The influence of colour, intensity and blinking mode under different cloud cover conditions","A growing number of offshore wind farms have led to a tremendous increase in artificial lighting in the marine environment. This study disentangles the connection of light characteristics, which potentially influence the reaction of nocturnally migrating passerines to artificial illumination under different cloud cover conditions. In a spotlight experiment on a North Sea island, birds were exposed to combinations of light colour (red, yellow, green, blue, white), intensity (half, full) and blinking mode (intermittent, continuous) while measuring their number close to the light source with thermal imaging cameras. We found that no light variant was constantly avoided by nocturnally migrating passerines crossing the sea. The number of birds did neither differ between observation periods with blinking light of different colours nor compared to darkness. While intensity did not influence the number attracted, birds were drawn more towards continuous than towards blinking illumination, when stars were not visible. Red continuous light was the only exception that did not differ from the blinking counterpart. Continuous green, blue and white light attracted significantly more birds than continuous red light in overcast situations. Our results suggest that light sources offshore should be restricted to a minimum, but if lighting is needed, blinking light is to be preferred over continuous light, and if continuous light is required, red light should be applied.","BIOLOGICAL CONSERVATION","journalArticle","ATLANTIC OCEAN; NORTH SEA; WIND FARM; MIGRATION; MIGRATORY SPECIES; MARINE ENVIRONMENT; AVES; BIRD; COLLISIONS; ECOLOGY; OIL; ORIENTATION; NOCTURNAL ACTIVITY; COMMUNICATION TOWERS; PASSERINE; CLOUD COVER; CONTINUOUS AND INTERMITTENT LIGHT; LIGHT ATTRACTION; LIGHT CHARACTERISTICS; LIGHT INTENSITY; MICROMESISTIUS POUTASSOU; MIGRATING PASSERINES; NOCTURNAL BIRD MIGRATION; OBSTRUCTION LIGHT","1873-2917","10.1016/j.biocon.2019.02.029","220-227",NA,233,"CARLIER Antoine","carlier","Birds",NA,"Input of other forms of energy",NA,"yes",9,"passerines","terrestrial birds","Table A5","adult","migration period",NA,"not specified","not specified","yes","sensitivity known","""Despite many anecdotal evidence of bird attraction to light, a systematic long-term study investigating the effect of different light characteristics in combination with environmental factors potentially influencing behaviour of migrating birds is missing so far.""","NA","NA","NA","NS","NA","NA","NA","NA","NA","NA","NA","NA","NA","NA","wavelength, other","530+627","yellow","(1-40) W/m²","Table A1","NA","NA","NA","NA","ponctual","discontinuous","steady","air column above sea level",NA,"NA","stars visible","no","no","NA","NA","attraction","quantitative","spatial distribution","occurence","number of birds per 15 min intervals","no impact/negligible","NA","unknown","""The camera with the wide angle lens revealed that in overcast situations more birds per block were recorded when the spotlights were switched on compared to intervals of darkness (Fig. 1, Appendix Figs. A4 and A5). This difference did not occur when stars were visible.""","direct",NA,"other","15 m","2","visible","NA","NA","NA","NA","3","2","YES","Yes","Impact significant only when stars are not visible, continuous light, and for certain wavelength (blue, green, white). Considering averall data set, not always clear if ""light on vs. off"" differences were significant or not (it seems not)",NA,"I7WNJ259","EPPI-Reviewer ID: 97356375","Rebke (2019)","Rebke M; Dierschke V; Weiner CN; Aumuller R; Huill K; Hill R",2019,"Attraction of nocturnally migrating birds to artificial light: The influence of colour, intensity and blinking mode under different cloud cover conditions","A growing number of offshore wind farms have led to a tremendous increase in artificial lighting in the marine environment. This study disentangles the connection of light characteristics, which potentially influence the reaction of nocturnally migrating passerines to artificial illumination under different cloud cover conditions. In a spotlight experiment on a North Sea island, birds were exposed to combinations of light colour (red, yellow, green, blue, white), intensity (half, full) and blinking mode (intermittent, continuous) while measuring their number close to the light source with thermal imaging cameras. We found that no light variant was constantly avoided by nocturnally migrating passerines crossing the sea. The number of birds did neither differ between observation periods with blinking light of different colours nor compared to darkness. While intensity did not influence the number attracted, birds were drawn more towards continuous than towards blinking illumination, when stars were not visible. Red continuous light was the only exception that did not differ from the blinking counterpart. Continuous green, blue and white light attracted significantly more birds than continuous red light in overcast situations. Our results suggest that light sources offshore should be restricted to a minimum, but if lighting is needed, blinking light is to be preferred over continuous light, and if continuous light is required, red light should be applied.","BIOLOGICAL CONSERVATION","journalArticle","ATLANTIC OCEAN; NORTH SEA; WIND FARM; MIGRATION; MIGRATORY SPECIES; MARINE ENVIRONMENT; AVES; BIRD; COLLISIONS; ECOLOGY; OIL; ORIENTATION; NOCTURNAL ACTIVITY; COMMUNICATION TOWERS; PASSERINE; CLOUD COVER; CONTINUOUS AND INTERMITTENT LIGHT; LIGHT ATTRACTION; LIGHT CHARACTERISTICS; LIGHT INTENSITY; MICROMESISTIUS POUTASSOU; MIGRATING PASSERINES; NOCTURNAL BIRD MIGRATION; OBSTRUCTION LIGHT",NA,"1873-2917","10.1016/j.biocon.2019.02.029",NA,"220-227","","233","CARLIER Antoine","","","","","carlier","","","X","","","","","Article","No - Continue","No - Continue","No - Continue","Birds","",NA,NA,NA,NA,NA,NA,NA,"Yes",0,"Physical","","Input of other forms of energy","","No",NA,NA,NA,NA,"No",NA,NA,NA,"Yes",NA,NA,NA,NA,NA,"Effect",NA,NA,"No",NA,NA,NA,NA,"No",NA,NA,NA,"No",NA,NA,"No",NA,"0","Figs 2, 3; ""bird calls were recorded throughout the experimental periods with a directional microphone (Sennheiser MKH 110), which was installed in a wind shield. Audio signals with a frequency above 1500 Hz were automatically stored on a computer and later identified by an experienced field ornithologist (Hill and Hüppop, 2008).""","No","No","No","Yes","No","No","No","No","No","Yes","No","No","No","No","No","No","No","No","No","No","No","No",NA,NA,NA,NA,NA,NA,NA,NA,NA,"Germany","50.631604, 10.690863","NORTH SEA","German Wadden Sea","56.447465, 3.451353",2013,2014,1,"More than 12 months",NA,"No","Yes","No","No","No","No",NA,"Yes","Unsure","No","No","","Yes","""The results from this study suggest that restricting the light sources offshore to a minimum is preferable. Illuminating the structures only when ships or aircrafts are approaching might be an option. In general, blinking light is to be preferred over continuous light, but if continuous light is needed, red light should be applied.""","No","","Inlcuded",80,1,1,NA,NA,NA,NA,NA,NA,NA,NA,NA,NA,NA,NA,NA,NA,NA,NA,NA,NA,NA,NA,NA,"merged"
"435","I7WNJ259","EPPI-Reviewer ID: 97356375","Rebke (2019)","Rebke M; Dierschke V; Weiner CN; Aumuller R; Huill K; Hill R",2019,"Attraction of nocturnally migrating birds to artificial light: The influence of colour, intensity and blinking mode under different cloud cover conditions","A growing number of offshore wind farms have led to a tremendous increase in artificial lighting in the marine environment. This study disentangles the connection of light characteristics, which potentially influence the reaction of nocturnally migrating passerines to artificial illumination under different cloud cover conditions. In a spotlight experiment on a North Sea island, birds were exposed to combinations of light colour (red, yellow, green, blue, white), intensity (half, full) and blinking mode (intermittent, continuous) while measuring their number close to the light source with thermal imaging cameras. We found that no light variant was constantly avoided by nocturnally migrating passerines crossing the sea. The number of birds did neither differ between observation periods with blinking light of different colours nor compared to darkness. While intensity did not influence the number attracted, birds were drawn more towards continuous than towards blinking illumination, when stars were not visible. Red continuous light was the only exception that did not differ from the blinking counterpart. Continuous green, blue and white light attracted significantly more birds than continuous red light in overcast situations. Our results suggest that light sources offshore should be restricted to a minimum, but if lighting is needed, blinking light is to be preferred over continuous light, and if continuous light is required, red light should be applied.","BIOLOGICAL CONSERVATION","journalArticle","ATLANTIC OCEAN; NORTH SEA; WIND FARM; MIGRATION; MIGRATORY SPECIES; MARINE ENVIRONMENT; AVES; BIRD; COLLISIONS; ECOLOGY; OIL; ORIENTATION; NOCTURNAL ACTIVITY; COMMUNICATION TOWERS; PASSERINE; CLOUD COVER; CONTINUOUS AND INTERMITTENT LIGHT; LIGHT ATTRACTION; LIGHT CHARACTERISTICS; LIGHT INTENSITY; MICROMESISTIUS POUTASSOU; MIGRATING PASSERINES; NOCTURNAL BIRD MIGRATION; OBSTRUCTION LIGHT","1873-2917","10.1016/j.biocon.2019.02.029","220-227",NA,233,"CARLIER Antoine","carlier","Birds",NA,"Input of other forms of energy",NA,"yes",10,"passerines","terrestrial birds","Table A5","adult","migration period",NA,"not specified","not specified","yes","sensitivity known","""Despite many anecdotal evidence of bird attraction to light, a systematic long-term study investigating the effect of different light characteristics in combination with environmental factors potentially influencing behaviour of migrating birds is missing so far.""","NA","NA","NA","NS","NA","NA","NA","NA","NA","NA","NA","NA","NA","NA","wavelength, other","470+530+627","white","(1-40) W/m²","Table A1","NA","NA","NA","NA","ponctual","discontinuous","steady","air column above sea level",NA,"NA","stars visible","no","no","NA","NA","attraction","quantitative","spatial distribution","occurence","number of birds per 15 min intervals","mixed","no","unknown","""The camera with the wide angle lens revealed that in overcast situations more birds per block were recorded when the spotlights were switched on compared to intervals of darkness (Fig. 1, Appendix Figs. A4 and A5). This difference did not occur when stars were visible.""","direct",NA,"other","15 m","2","visible","NA","NA","NA","NA","3","2","YES","Yes","Impact significant only when stars are not visible, continuous light, and for certain wavelength (blue, green, white). Considering averall data set, not always clear if ""light on vs. off"" differences were significant or not (it seems not)",NA,"I7WNJ259","EPPI-Reviewer ID: 97356375","Rebke (2019)","Rebke M; Dierschke V; Weiner CN; Aumuller R; Huill K; Hill R",2019,"Attraction of nocturnally migrating birds to artificial light: The influence of colour, intensity and blinking mode under different cloud cover conditions","A growing number of offshore wind farms have led to a tremendous increase in artificial lighting in the marine environment. This study disentangles the connection of light characteristics, which potentially influence the reaction of nocturnally migrating passerines to artificial illumination under different cloud cover conditions. In a spotlight experiment on a North Sea island, birds were exposed to combinations of light colour (red, yellow, green, blue, white), intensity (half, full) and blinking mode (intermittent, continuous) while measuring their number close to the light source with thermal imaging cameras. We found that no light variant was constantly avoided by nocturnally migrating passerines crossing the sea. The number of birds did neither differ between observation periods with blinking light of different colours nor compared to darkness. While intensity did not influence the number attracted, birds were drawn more towards continuous than towards blinking illumination, when stars were not visible. Red continuous light was the only exception that did not differ from the blinking counterpart. Continuous green, blue and white light attracted significantly more birds than continuous red light in overcast situations. Our results suggest that light sources offshore should be restricted to a minimum, but if lighting is needed, blinking light is to be preferred over continuous light, and if continuous light is required, red light should be applied.","BIOLOGICAL CONSERVATION","journalArticle","ATLANTIC OCEAN; NORTH SEA; WIND FARM; MIGRATION; MIGRATORY SPECIES; MARINE ENVIRONMENT; AVES; BIRD; COLLISIONS; ECOLOGY; OIL; ORIENTATION; NOCTURNAL ACTIVITY; COMMUNICATION TOWERS; PASSERINE; CLOUD COVER; CONTINUOUS AND INTERMITTENT LIGHT; LIGHT ATTRACTION; LIGHT CHARACTERISTICS; LIGHT INTENSITY; MICROMESISTIUS POUTASSOU; MIGRATING PASSERINES; NOCTURNAL BIRD MIGRATION; OBSTRUCTION LIGHT",NA,"1873-2917","10.1016/j.biocon.2019.02.029",NA,"220-227","","233","CARLIER Antoine","","","","","carlier","","","X","","","","","Article","No - Continue","No - Continue","No - Continue","Birds","",NA,NA,NA,NA,NA,NA,NA,"Yes",0,"Physical","","Input of other forms of energy","","No",NA,NA,NA,NA,"No",NA,NA,NA,"Yes",NA,NA,NA,NA,NA,"Effect",NA,NA,"No",NA,NA,NA,NA,"No",NA,NA,NA,"No",NA,NA,"No",NA,"0","Figs 2, 3; ""bird calls were recorded throughout the experimental periods with a directional microphone (Sennheiser MKH 110), which was installed in a wind shield. Audio signals with a frequency above 1500 Hz were automatically stored on a computer and later identified by an experienced field ornithologist (Hill and Hüppop, 2008).""","No","No","No","Yes","No","No","No","No","No","Yes","No","No","No","No","No","No","No","No","No","No","No","No",NA,NA,NA,NA,NA,NA,NA,NA,NA,"Germany","50.631604, 10.690863","NORTH SEA","German Wadden Sea","56.447465, 3.451353",2013,2014,1,"More than 12 months",NA,"No","Yes","No","No","No","No",NA,"Yes","Unsure","No","No","","Yes","""The results from this study suggest that restricting the light sources offshore to a minimum is preferable. Illuminating the structures only when ships or aircrafts are approaching might be an option. In general, blinking light is to be preferred over continuous light, but if continuous light is needed, red light should be applied.""","No","","Inlcuded",81,1,1,NA,NA,NA,NA,NA,NA,NA,NA,NA,NA,NA,NA,NA,NA,NA,NA,NA,NA,NA,NA,NA,"merged"
"435","I7WNJ259","EPPI-Reviewer ID: 97356375","Rebke (2019)","Rebke M; Dierschke V; Weiner CN; Aumuller R; Huill K; Hill R",2019,"Attraction of nocturnally migrating birds to artificial light: The influence of colour, intensity and blinking mode under different cloud cover conditions","A growing number of offshore wind farms have led to a tremendous increase in artificial lighting in the marine environment. This study disentangles the connection of light characteristics, which potentially influence the reaction of nocturnally migrating passerines to artificial illumination under different cloud cover conditions. In a spotlight experiment on a North Sea island, birds were exposed to combinations of light colour (red, yellow, green, blue, white), intensity (half, full) and blinking mode (intermittent, continuous) while measuring their number close to the light source with thermal imaging cameras. We found that no light variant was constantly avoided by nocturnally migrating passerines crossing the sea. The number of birds did neither differ between observation periods with blinking light of different colours nor compared to darkness. While intensity did not influence the number attracted, birds were drawn more towards continuous than towards blinking illumination, when stars were not visible. Red continuous light was the only exception that did not differ from the blinking counterpart. Continuous green, blue and white light attracted significantly more birds than continuous red light in overcast situations. Our results suggest that light sources offshore should be restricted to a minimum, but if lighting is needed, blinking light is to be preferred over continuous light, and if continuous light is required, red light should be applied.","BIOLOGICAL CONSERVATION","journalArticle","ATLANTIC OCEAN; NORTH SEA; WIND FARM; MIGRATION; MIGRATORY SPECIES; MARINE ENVIRONMENT; AVES; BIRD; COLLISIONS; ECOLOGY; OIL; ORIENTATION; NOCTURNAL ACTIVITY; COMMUNICATION TOWERS; PASSERINE; CLOUD COVER; CONTINUOUS AND INTERMITTENT LIGHT; LIGHT ATTRACTION; LIGHT CHARACTERISTICS; LIGHT INTENSITY; MICROMESISTIUS POUTASSOU; MIGRATING PASSERINES; NOCTURNAL BIRD MIGRATION; OBSTRUCTION LIGHT","1873-2917","10.1016/j.biocon.2019.02.029","220-227",NA,233,"CARLIER Antoine","carlier","Birds",NA,"Input of other forms of energy",NA,"yes",11,"passerines","terrestrial birds","Table A5","adult","migration period",NA,"not specified","not specified","yes","sensitivity known","""Despite many anecdotal evidence of bird attraction to light, a systematic long-term study investigating the effect of different light characteristics in combination with environmental factors potentially influencing behaviour of migrating birds is missing so far.""","NA","NA","NA","NS","NA","NA","NA","NA","NA","NA","NA","NA","NA","NA","wavelength, other","470","blue","(1-40) W/m²","Table A1","NA","NA","NA","NA","ponctual","continuous","steady","air column above sea level",NA,"NA","stars NOT visible","no","no","NA","NA","attraction","quantitative","spatial distribution","occurence","number of birds per 15 min intervals","increase","yes","unknown","""The camera with the wide angle lens revealed that in overcast situations more birds per block were recorded when the spotlights were switched on compared to intervals of darkness (Fig. 1, Appendix Figs. A4 and A5). This difference did not occur when stars were visible.""","direct",NA,"other","15 m","2","visible","NA","NA","NA","NA","3","2","YES","Yes","Impact significant only when stars are not visible, continuous light, and for certain wavelength (blue, green, white). Considering averall data set, not always clear if ""light on vs. off"" differences were significant or not (it seems not)",NA,"I7WNJ259","EPPI-Reviewer ID: 97356375","Rebke (2019)","Rebke M; Dierschke V; Weiner CN; Aumuller R; Huill K; Hill R",2019,"Attraction of nocturnally migrating birds to artificial light: The influence of colour, intensity and blinking mode under different cloud cover conditions","A growing number of offshore wind farms have led to a tremendous increase in artificial lighting in the marine environment. This study disentangles the connection of light characteristics, which potentially influence the reaction of nocturnally migrating passerines to artificial illumination under different cloud cover conditions. In a spotlight experiment on a North Sea island, birds were exposed to combinations of light colour (red, yellow, green, blue, white), intensity (half, full) and blinking mode (intermittent, continuous) while measuring their number close to the light source with thermal imaging cameras. We found that no light variant was constantly avoided by nocturnally migrating passerines crossing the sea. The number of birds did neither differ between observation periods with blinking light of different colours nor compared to darkness. While intensity did not influence the number attracted, birds were drawn more towards continuous than towards blinking illumination, when stars were not visible. Red continuous light was the only exception that did not differ from the blinking counterpart. Continuous green, blue and white light attracted significantly more birds than continuous red light in overcast situations. Our results suggest that light sources offshore should be restricted to a minimum, but if lighting is needed, blinking light is to be preferred over continuous light, and if continuous light is required, red light should be applied.","BIOLOGICAL CONSERVATION","journalArticle","ATLANTIC OCEAN; NORTH SEA; WIND FARM; MIGRATION; MIGRATORY SPECIES; MARINE ENVIRONMENT; AVES; BIRD; COLLISIONS; ECOLOGY; OIL; ORIENTATION; NOCTURNAL ACTIVITY; COMMUNICATION TOWERS; PASSERINE; CLOUD COVER; CONTINUOUS AND INTERMITTENT LIGHT; LIGHT ATTRACTION; LIGHT CHARACTERISTICS; LIGHT INTENSITY; MICROMESISTIUS POUTASSOU; MIGRATING PASSERINES; NOCTURNAL BIRD MIGRATION; OBSTRUCTION LIGHT",NA,"1873-2917","10.1016/j.biocon.2019.02.029",NA,"220-227","","233","CARLIER Antoine","","","","","carlier","","","X","","","","","Article","No - Continue","No - Continue","No - Continue","Birds","",NA,NA,NA,NA,NA,NA,NA,"Yes",0,"Physical","","Input of other forms of energy","","No",NA,NA,NA,NA,"No",NA,NA,NA,"Yes",NA,NA,NA,NA,NA,"Effect",NA,NA,"No",NA,NA,NA,NA,"No",NA,NA,NA,"No",NA,NA,"No",NA,"0","Figs 2, 3; ""bird calls were recorded throughout the experimental periods with a directional microphone (Sennheiser MKH 110), which was installed in a wind shield. Audio signals with a frequency above 1500 Hz were automatically stored on a computer and later identified by an experienced field ornithologist (Hill and Hüppop, 2008).""","No","No","No","Yes","No","No","No","No","No","Yes","No","No","No","No","No","No","No","No","No","No","No","No",NA,NA,NA,NA,NA,NA,NA,NA,NA,"Germany","50.631604, 10.690863","NORTH SEA","German Wadden Sea","56.447465, 3.451353",2013,2014,1,"More than 12 months",NA,"No","Yes","No","No","No","No",NA,"Yes","Unsure","No","No","","Yes","""The results from this study suggest that restricting the light sources offshore to a minimum is preferable. Illuminating the structures only when ships or aircrafts are approaching might be an option. In general, blinking light is to be preferred over continuous light, but if continuous light is needed, red light should be applied.""","No","","Inlcuded",82,1,1,NA,NA,NA,NA,NA,NA,NA,NA,NA,NA,NA,NA,NA,NA,NA,NA,NA,NA,NA,NA,NA,"merged"
"435","I7WNJ259","EPPI-Reviewer ID: 97356375","Rebke (2019)","Rebke M; Dierschke V; Weiner CN; Aumuller R; Huill K; Hill R",2019,"Attraction of nocturnally migrating birds to artificial light: The influence of colour, intensity and blinking mode under different cloud cover conditions","A growing number of offshore wind farms have led to a tremendous increase in artificial lighting in the marine environment. This study disentangles the connection of light characteristics, which potentially influence the reaction of nocturnally migrating passerines to artificial illumination under different cloud cover conditions. In a spotlight experiment on a North Sea island, birds were exposed to combinations of light colour (red, yellow, green, blue, white), intensity (half, full) and blinking mode (intermittent, continuous) while measuring their number close to the light source with thermal imaging cameras. We found that no light variant was constantly avoided by nocturnally migrating passerines crossing the sea. The number of birds did neither differ between observation periods with blinking light of different colours nor compared to darkness. While intensity did not influence the number attracted, birds were drawn more towards continuous than towards blinking illumination, when stars were not visible. Red continuous light was the only exception that did not differ from the blinking counterpart. Continuous green, blue and white light attracted significantly more birds than continuous red light in overcast situations. Our results suggest that light sources offshore should be restricted to a minimum, but if lighting is needed, blinking light is to be preferred over continuous light, and if continuous light is required, red light should be applied.","BIOLOGICAL CONSERVATION","journalArticle","ATLANTIC OCEAN; NORTH SEA; WIND FARM; MIGRATION; MIGRATORY SPECIES; MARINE ENVIRONMENT; AVES; BIRD; COLLISIONS; ECOLOGY; OIL; ORIENTATION; NOCTURNAL ACTIVITY; COMMUNICATION TOWERS; PASSERINE; CLOUD COVER; CONTINUOUS AND INTERMITTENT LIGHT; LIGHT ATTRACTION; LIGHT CHARACTERISTICS; LIGHT INTENSITY; MICROMESISTIUS POUTASSOU; MIGRATING PASSERINES; NOCTURNAL BIRD MIGRATION; OBSTRUCTION LIGHT","1873-2917","10.1016/j.biocon.2019.02.029","220-227",NA,233,"CARLIER Antoine","carlier","Birds",NA,"Input of other forms of energy",NA,"yes",12,"passerines","terrestrial birds","Table A5","adult","migration period",NA,"not specified","not specified","yes","sensitivity known","""Despite many anecdotal evidence of bird attraction to light, a systematic long-term study investigating the effect of different light characteristics in combination with environmental factors potentially influencing behaviour of migrating birds is missing so far.""","NA","NA","NA","NS","NA","NA","NA","NA","NA","NA","NA","NA","NA","NA","wavelength, other","530","green","(1-40) W/m²","Table A1","NA","NA","NA","NA","ponctual","continuous","steady","air column above sea level",NA,"NA","stars NOT visible","no","no","NA","NA","attraction","quantitative","spatial distribution","occurence","number of birds per 15 min intervals","increase","yes","unknown","""The camera with the wide angle lens revealed that in overcast situations more birds per block were recorded when the spotlights were switched on compared to intervals of darkness (Fig. 1, Appendix Figs. A4 and A5). This difference did not occur when stars were visible.""","direct",NA,"other","15 m","2","visible","NA","NA","NA","NA","3","2","YES","Yes","Impact significant only when stars are not visible, continuous light, and for certain wavelength (blue, green, white). Considering averall data set, not always clear if ""light on vs. off"" differences were significant or not (it seems not)",NA,"I7WNJ259","EPPI-Reviewer ID: 97356375","Rebke (2019)","Rebke M; Dierschke V; Weiner CN; Aumuller R; Huill K; Hill R",2019,"Attraction of nocturnally migrating birds to artificial light: The influence of colour, intensity and blinking mode under different cloud cover conditions","A growing number of offshore wind farms have led to a tremendous increase in artificial lighting in the marine environment. This study disentangles the connection of light characteristics, which potentially influence the reaction of nocturnally migrating passerines to artificial illumination under different cloud cover conditions. In a spotlight experiment on a North Sea island, birds were exposed to combinations of light colour (red, yellow, green, blue, white), intensity (half, full) and blinking mode (intermittent, continuous) while measuring their number close to the light source with thermal imaging cameras. We found that no light variant was constantly avoided by nocturnally migrating passerines crossing the sea. The number of birds did neither differ between observation periods with blinking light of different colours nor compared to darkness. While intensity did not influence the number attracted, birds were drawn more towards continuous than towards blinking illumination, when stars were not visible. Red continuous light was the only exception that did not differ from the blinking counterpart. Continuous green, blue and white light attracted significantly more birds than continuous red light in overcast situations. Our results suggest that light sources offshore should be restricted to a minimum, but if lighting is needed, blinking light is to be preferred over continuous light, and if continuous light is required, red light should be applied.","BIOLOGICAL CONSERVATION","journalArticle","ATLANTIC OCEAN; NORTH SEA; WIND FARM; MIGRATION; MIGRATORY SPECIES; MARINE ENVIRONMENT; AVES; BIRD; COLLISIONS; ECOLOGY; OIL; ORIENTATION; NOCTURNAL ACTIVITY; COMMUNICATION TOWERS; PASSERINE; CLOUD COVER; CONTINUOUS AND INTERMITTENT LIGHT; LIGHT ATTRACTION; LIGHT CHARACTERISTICS; LIGHT INTENSITY; MICROMESISTIUS POUTASSOU; MIGRATING PASSERINES; NOCTURNAL BIRD MIGRATION; OBSTRUCTION LIGHT",NA,"1873-2917","10.1016/j.biocon.2019.02.029",NA,"220-227","","233","CARLIER Antoine","","","","","carlier","","","X","","","","","Article","No - Continue","No - Continue","No - Continue","Birds","",NA,NA,NA,NA,NA,NA,NA,"Yes",0,"Physical","","Input of other forms of energy","","No",NA,NA,NA,NA,"No",NA,NA,NA,"Yes",NA,NA,NA,NA,NA,"Effect",NA,NA,"No",NA,NA,NA,NA,"No",NA,NA,NA,"No",NA,NA,"No",NA,"0","Figs 2, 3; ""bird calls were recorded throughout the experimental periods with a directional microphone (Sennheiser MKH 110), which was installed in a wind shield. Audio signals with a frequency above 1500 Hz were automatically stored on a computer and later identified by an experienced field ornithologist (Hill and Hüppop, 2008).""","No","No","No","Yes","No","No","No","No","No","Yes","No","No","No","No","No","No","No","No","No","No","No","No",NA,NA,NA,NA,NA,NA,NA,NA,NA,"Germany","50.631604, 10.690863","NORTH SEA","German Wadden Sea","56.447465, 3.451353",2013,2014,1,"More than 12 months",NA,"No","Yes","No","No","No","No",NA,"Yes","Unsure","No","No","","Yes","""The results from this study suggest that restricting the light sources offshore to a minimum is preferable. Illuminating the structures only when ships or aircrafts are approaching might be an option. In general, blinking light is to be preferred over continuous light, but if continuous light is needed, red light should be applied.""","No","","Inlcuded",83,1,1,NA,NA,NA,NA,NA,NA,NA,NA,NA,NA,NA,NA,NA,NA,NA,NA,NA,NA,NA,NA,NA,"merged"
"435","I7WNJ259","EPPI-Reviewer ID: 97356375","Rebke (2019)","Rebke M; Dierschke V; Weiner CN; Aumuller R; Huill K; Hill R",2019,"Attraction of nocturnally migrating birds to artificial light: The influence of colour, intensity and blinking mode under different cloud cover conditions","A growing number of offshore wind farms have led to a tremendous increase in artificial lighting in the marine environment. This study disentangles the connection of light characteristics, which potentially influence the reaction of nocturnally migrating passerines to artificial illumination under different cloud cover conditions. In a spotlight experiment on a North Sea island, birds were exposed to combinations of light colour (red, yellow, green, blue, white), intensity (half, full) and blinking mode (intermittent, continuous) while measuring their number close to the light source with thermal imaging cameras. We found that no light variant was constantly avoided by nocturnally migrating passerines crossing the sea. The number of birds did neither differ between observation periods with blinking light of different colours nor compared to darkness. While intensity did not influence the number attracted, birds were drawn more towards continuous than towards blinking illumination, when stars were not visible. Red continuous light was the only exception that did not differ from the blinking counterpart. Continuous green, blue and white light attracted significantly more birds than continuous red light in overcast situations. Our results suggest that light sources offshore should be restricted to a minimum, but if lighting is needed, blinking light is to be preferred over continuous light, and if continuous light is required, red light should be applied.","BIOLOGICAL CONSERVATION","journalArticle","ATLANTIC OCEAN; NORTH SEA; WIND FARM; MIGRATION; MIGRATORY SPECIES; MARINE ENVIRONMENT; AVES; BIRD; COLLISIONS; ECOLOGY; OIL; ORIENTATION; NOCTURNAL ACTIVITY; COMMUNICATION TOWERS; PASSERINE; CLOUD COVER; CONTINUOUS AND INTERMITTENT LIGHT; LIGHT ATTRACTION; LIGHT CHARACTERISTICS; LIGHT INTENSITY; MICROMESISTIUS POUTASSOU; MIGRATING PASSERINES; NOCTURNAL BIRD MIGRATION; OBSTRUCTION LIGHT","1873-2917","10.1016/j.biocon.2019.02.029","220-227",NA,233,"CARLIER Antoine","carlier","Birds",NA,"Input of other forms of energy",NA,"yes",13,"passerines","terrestrial birds","Table A5","adult","migration period",NA,"not specified","not specified","yes","sensitivity known","""Despite many anecdotal evidence of bird attraction to light, a systematic long-term study investigating the effect of different light characteristics in combination with environmental factors potentially influencing behaviour of migrating birds is missing so far.""","NA","NA","NA","NS","NA","NA","NA","NA","NA","NA","NA","NA","NA","NA","wavelength, other","627","red","(1-40) W/m²","Table A1","NA","NA","NA","NA","ponctual","continuous","steady","air column above sea level",NA,"NA","stars NOT visible","no","no","NA","NA","attraction","quantitative","spatial distribution","occurence","number of birds per 15 min intervals","mixed","no","unknown","""The camera with the wide angle lens revealed that in overcast situations more birds per block were recorded when the spotlights were switched on compared to intervals of darkness (Fig. 1, Appendix Figs. A4 and A5). This difference did not occur when stars were visible.""","direct",NA,"other","15 m","2","visible","NA","NA","NA","NA","3","2","YES","Yes","Impact significant only when stars are not visible, continuous light, and for certain wavelength (blue, green, white). Considering averall data set, not always clear if ""light on vs. off"" differences were significant or not (it seems not)",NA,"I7WNJ259","EPPI-Reviewer ID: 97356375","Rebke (2019)","Rebke M; Dierschke V; Weiner CN; Aumuller R; Huill K; Hill R",2019,"Attraction of nocturnally migrating birds to artificial light: The influence of colour, intensity and blinking mode under different cloud cover conditions","A growing number of offshore wind farms have led to a tremendous increase in artificial lighting in the marine environment. This study disentangles the connection of light characteristics, which potentially influence the reaction of nocturnally migrating passerines to artificial illumination under different cloud cover conditions. In a spotlight experiment on a North Sea island, birds were exposed to combinations of light colour (red, yellow, green, blue, white), intensity (half, full) and blinking mode (intermittent, continuous) while measuring their number close to the light source with thermal imaging cameras. We found that no light variant was constantly avoided by nocturnally migrating passerines crossing the sea. The number of birds did neither differ between observation periods with blinking light of different colours nor compared to darkness. While intensity did not influence the number attracted, birds were drawn more towards continuous than towards blinking illumination, when stars were not visible. Red continuous light was the only exception that did not differ from the blinking counterpart. Continuous green, blue and white light attracted significantly more birds than continuous red light in overcast situations. Our results suggest that light sources offshore should be restricted to a minimum, but if lighting is needed, blinking light is to be preferred over continuous light, and if continuous light is required, red light should be applied.","BIOLOGICAL CONSERVATION","journalArticle","ATLANTIC OCEAN; NORTH SEA; WIND FARM; MIGRATION; MIGRATORY SPECIES; MARINE ENVIRONMENT; AVES; BIRD; COLLISIONS; ECOLOGY; OIL; ORIENTATION; NOCTURNAL ACTIVITY; COMMUNICATION TOWERS; PASSERINE; CLOUD COVER; CONTINUOUS AND INTERMITTENT LIGHT; LIGHT ATTRACTION; LIGHT CHARACTERISTICS; LIGHT INTENSITY; MICROMESISTIUS POUTASSOU; MIGRATING PASSERINES; NOCTURNAL BIRD MIGRATION; OBSTRUCTION LIGHT",NA,"1873-2917","10.1016/j.biocon.2019.02.029",NA,"220-227","","233","CARLIER Antoine","","","","","carlier","","","X","","","","","Article","No - Continue","No - Continue","No - Continue","Birds","",NA,NA,NA,NA,NA,NA,NA,"Yes",0,"Physical","","Input of other forms of energy","","No",NA,NA,NA,NA,"No",NA,NA,NA,"Yes",NA,NA,NA,NA,NA,"Effect",NA,NA,"No",NA,NA,NA,NA,"No",NA,NA,NA,"No",NA,NA,"No",NA,"0","Figs 2, 3; ""bird calls were recorded throughout the experimental periods with a directional microphone (Sennheiser MKH 110), which was installed in a wind shield. Audio signals with a frequency above 1500 Hz were automatically stored on a computer and later identified by an experienced field ornithologist (Hill and Hüppop, 2008).""","No","No","No","Yes","No","No","No","No","No","Yes","No","No","No","No","No","No","No","No","No","No","No","No",NA,NA,NA,NA,NA,NA,NA,NA,NA,"Germany","50.631604, 10.690863","NORTH SEA","German Wadden Sea","56.447465, 3.451353",2013,2014,1,"More than 12 months",NA,"No","Yes","No","No","No","No",NA,"Yes","Unsure","No","No","","Yes","""The results from this study suggest that restricting the light sources offshore to a minimum is preferable. Illuminating the structures only when ships or aircrafts are approaching might be an option. In general, blinking light is to be preferred over continuous light, but if continuous light is needed, red light should be applied.""","No","","Inlcuded",84,1,1,NA,NA,NA,NA,NA,NA,NA,NA,NA,NA,NA,NA,NA,NA,NA,NA,NA,NA,NA,NA,NA,"merged"
"435","I7WNJ259","EPPI-Reviewer ID: 97356375","Rebke (2019)","Rebke M; Dierschke V; Weiner CN; Aumuller R; Huill K; Hill R",2019,"Attraction of nocturnally migrating birds to artificial light: The influence of colour, intensity and blinking mode under different cloud cover conditions","A growing number of offshore wind farms have led to a tremendous increase in artificial lighting in the marine environment. This study disentangles the connection of light characteristics, which potentially influence the reaction of nocturnally migrating passerines to artificial illumination under different cloud cover conditions. In a spotlight experiment on a North Sea island, birds were exposed to combinations of light colour (red, yellow, green, blue, white), intensity (half, full) and blinking mode (intermittent, continuous) while measuring their number close to the light source with thermal imaging cameras. We found that no light variant was constantly avoided by nocturnally migrating passerines crossing the sea. The number of birds did neither differ between observation periods with blinking light of different colours nor compared to darkness. While intensity did not influence the number attracted, birds were drawn more towards continuous than towards blinking illumination, when stars were not visible. Red continuous light was the only exception that did not differ from the blinking counterpart. Continuous green, blue and white light attracted significantly more birds than continuous red light in overcast situations. Our results suggest that light sources offshore should be restricted to a minimum, but if lighting is needed, blinking light is to be preferred over continuous light, and if continuous light is required, red light should be applied.","BIOLOGICAL CONSERVATION","journalArticle","ATLANTIC OCEAN; NORTH SEA; WIND FARM; MIGRATION; MIGRATORY SPECIES; MARINE ENVIRONMENT; AVES; BIRD; COLLISIONS; ECOLOGY; OIL; ORIENTATION; NOCTURNAL ACTIVITY; COMMUNICATION TOWERS; PASSERINE; CLOUD COVER; CONTINUOUS AND INTERMITTENT LIGHT; LIGHT ATTRACTION; LIGHT CHARACTERISTICS; LIGHT INTENSITY; MICROMESISTIUS POUTASSOU; MIGRATING PASSERINES; NOCTURNAL BIRD MIGRATION; OBSTRUCTION LIGHT","1873-2917","10.1016/j.biocon.2019.02.029","220-227",NA,233,"CARLIER Antoine","carlier","Birds",NA,"Input of other forms of energy",NA,"yes",14,"passerines","terrestrial birds","Table A5","adult","migration period",NA,"not specified","not specified","yes","sensitivity known","""Despite many anecdotal evidence of bird attraction to light, a systematic long-term study investigating the effect of different light characteristics in combination with environmental factors potentially influencing behaviour of migrating birds is missing so far.""","NA","NA","NA","NS","NA","NA","NA","NA","NA","NA","NA","NA","NA","NA","wavelength, other","530+627","yellow","(1-40) W/m²","Table A1","NA","NA","NA","NA","ponctual","continuous","steady","air column above sea level",NA,"NA","stars NOT visible","no","no","NA","NA","attraction","quantitative","spatial distribution","occurence","number of birds per 15 min intervals","increase","no","unknown","""The camera with the wide angle lens revealed that in overcast situations more birds per block were recorded when the spotlights were switched on compared to intervals of darkness (Fig. 1, Appendix Figs. A4 and A5). This difference did not occur when stars were visible.""","direct",NA,"other","15 m","2","visible","NA","NA","NA","NA","3","2","YES","Yes","Impact significant only when stars are not visible, continuous light, and for certain wavelength (blue, green, white). Considering averall data set, not always clear if ""light on vs. off"" differences were significant or not (it seems not)",NA,"I7WNJ259","EPPI-Reviewer ID: 97356375","Rebke (2019)","Rebke M; Dierschke V; Weiner CN; Aumuller R; Huill K; Hill R",2019,"Attraction of nocturnally migrating birds to artificial light: The influence of colour, intensity and blinking mode under different cloud cover conditions","A growing number of offshore wind farms have led to a tremendous increase in artificial lighting in the marine environment. This study disentangles the connection of light characteristics, which potentially influence the reaction of nocturnally migrating passerines to artificial illumination under different cloud cover conditions. In a spotlight experiment on a North Sea island, birds were exposed to combinations of light colour (red, yellow, green, blue, white), intensity (half, full) and blinking mode (intermittent, continuous) while measuring their number close to the light source with thermal imaging cameras. We found that no light variant was constantly avoided by nocturnally migrating passerines crossing the sea. The number of birds did neither differ between observation periods with blinking light of different colours nor compared to darkness. While intensity did not influence the number attracted, birds were drawn more towards continuous than towards blinking illumination, when stars were not visible. Red continuous light was the only exception that did not differ from the blinking counterpart. Continuous green, blue and white light attracted significantly more birds than continuous red light in overcast situations. Our results suggest that light sources offshore should be restricted to a minimum, but if lighting is needed, blinking light is to be preferred over continuous light, and if continuous light is required, red light should be applied.","BIOLOGICAL CONSERVATION","journalArticle","ATLANTIC OCEAN; NORTH SEA; WIND FARM; MIGRATION; MIGRATORY SPECIES; MARINE ENVIRONMENT; AVES; BIRD; COLLISIONS; ECOLOGY; OIL; ORIENTATION; NOCTURNAL ACTIVITY; COMMUNICATION TOWERS; PASSERINE; CLOUD COVER; CONTINUOUS AND INTERMITTENT LIGHT; LIGHT ATTRACTION; LIGHT CHARACTERISTICS; LIGHT INTENSITY; MICROMESISTIUS POUTASSOU; MIGRATING PASSERINES; NOCTURNAL BIRD MIGRATION; OBSTRUCTION LIGHT",NA,"1873-2917","10.1016/j.biocon.2019.02.029",NA,"220-227","","233","CARLIER Antoine","","","","","carlier","","","X","","","","","Article","No - Continue","No - Continue","No - Continue","Birds","",NA,NA,NA,NA,NA,NA,NA,"Yes",0,"Physical","","Input of other forms of energy","","No",NA,NA,NA,NA,"No",NA,NA,NA,"Yes",NA,NA,NA,NA,NA,"Effect",NA,NA,"No",NA,NA,NA,NA,"No",NA,NA,NA,"No",NA,NA,"No",NA,"0","Figs 2, 3; ""bird calls were recorded throughout the experimental periods with a directional microphone (Sennheiser MKH 110), which was installed in a wind shield. Audio signals with a frequency above 1500 Hz were automatically stored on a computer and later identified by an experienced field ornithologist (Hill and Hüppop, 2008).""","No","No","No","Yes","No","No","No","No","No","Yes","No","No","No","No","No","No","No","No","No","No","No","No",NA,NA,NA,NA,NA,NA,NA,NA,NA,"Germany","50.631604, 10.690863","NORTH SEA","German Wadden Sea","56.447465, 3.451353",2013,2014,1,"More than 12 months",NA,"No","Yes","No","No","No","No",NA,"Yes","Unsure","No","No","","Yes","""The results from this study suggest that restricting the light sources offshore to a minimum is preferable. Illuminating the structures only when ships or aircrafts are approaching might be an option. In general, blinking light is to be preferred over continuous light, but if continuous light is needed, red light should be applied.""","No","","Inlcuded",85,1,1,NA,NA,NA,NA,NA,NA,NA,NA,NA,NA,NA,NA,NA,NA,NA,NA,NA,NA,NA,NA,NA,"merged"
"435","I7WNJ259","EPPI-Reviewer ID: 97356375","Rebke (2019)","Rebke M; Dierschke V; Weiner CN; Aumuller R; Huill K; Hill R",2019,"Attraction of nocturnally migrating birds to artificial light: The influence of colour, intensity and blinking mode under different cloud cover conditions","A growing number of offshore wind farms have led to a tremendous increase in artificial lighting in the marine environment. This study disentangles the connection of light characteristics, which potentially influence the reaction of nocturnally migrating passerines to artificial illumination under different cloud cover conditions. In a spotlight experiment on a North Sea island, birds were exposed to combinations of light colour (red, yellow, green, blue, white), intensity (half, full) and blinking mode (intermittent, continuous) while measuring their number close to the light source with thermal imaging cameras. We found that no light variant was constantly avoided by nocturnally migrating passerines crossing the sea. The number of birds did neither differ between observation periods with blinking light of different colours nor compared to darkness. While intensity did not influence the number attracted, birds were drawn more towards continuous than towards blinking illumination, when stars were not visible. Red continuous light was the only exception that did not differ from the blinking counterpart. Continuous green, blue and white light attracted significantly more birds than continuous red light in overcast situations. Our results suggest that light sources offshore should be restricted to a minimum, but if lighting is needed, blinking light is to be preferred over continuous light, and if continuous light is required, red light should be applied.","BIOLOGICAL CONSERVATION","journalArticle","ATLANTIC OCEAN; NORTH SEA; WIND FARM; MIGRATION; MIGRATORY SPECIES; MARINE ENVIRONMENT; AVES; BIRD; COLLISIONS; ECOLOGY; OIL; ORIENTATION; NOCTURNAL ACTIVITY; COMMUNICATION TOWERS; PASSERINE; CLOUD COVER; CONTINUOUS AND INTERMITTENT LIGHT; LIGHT ATTRACTION; LIGHT CHARACTERISTICS; LIGHT INTENSITY; MICROMESISTIUS POUTASSOU; MIGRATING PASSERINES; NOCTURNAL BIRD MIGRATION; OBSTRUCTION LIGHT","1873-2917","10.1016/j.biocon.2019.02.029","220-227",NA,233,"CARLIER Antoine","carlier","Birds",NA,"Input of other forms of energy",NA,"yes",15,"passerines","terrestrial birds","Table A5","adult","migration period",NA,"not specified","not specified","yes","sensitivity known","""Despite many anecdotal evidence of bird attraction to light, a systematic long-term study investigating the effect of different light characteristics in combination with environmental factors potentially influencing behaviour of migrating birds is missing so far.""","NA","NA","NA","NS","NA","NA","NA","NA","NA","NA","NA","NA","NA","NA","wavelength, other","470+530+627","white","(1-40) W/m²","Table A1","NA","NA","NA","NA","ponctual","continuous","steady","air column above sea level",NA,"NA","stars NOT visible","no","no","NA","NA","attraction","quantitative","spatial distribution","occurence","number of birds per 15 min intervals","increase","yes","unknown","""The camera with the wide angle lens revealed that in overcast situations more birds per block were recorded when the spotlights were switched on compared to intervals of darkness (Fig. 1, Appendix Figs. A4 and A5). This difference did not occur when stars were visible.""","direct",NA,"other","15 m","2","visible","NA","NA","NA","NA","3","2","YES","Yes","Impact significant only when stars are not visible, continuous light, and for certain wavelength (blue, green, white). Considering averall data set, not always clear if ""light on vs. off"" differences were significant or not (it seems not)",NA,"I7WNJ259","EPPI-Reviewer ID: 97356375","Rebke (2019)","Rebke M; Dierschke V; Weiner CN; Aumuller R; Huill K; Hill R",2019,"Attraction of nocturnally migrating birds to artificial light: The influence of colour, intensity and blinking mode under different cloud cover conditions","A growing number of offshore wind farms have led to a tremendous increase in artificial lighting in the marine environment. This study disentangles the connection of light characteristics, which potentially influence the reaction of nocturnally migrating passerines to artificial illumination under different cloud cover conditions. In a spotlight experiment on a North Sea island, birds were exposed to combinations of light colour (red, yellow, green, blue, white), intensity (half, full) and blinking mode (intermittent, continuous) while measuring their number close to the light source with thermal imaging cameras. We found that no light variant was constantly avoided by nocturnally migrating passerines crossing the sea. The number of birds did neither differ between observation periods with blinking light of different colours nor compared to darkness. While intensity did not influence the number attracted, birds were drawn more towards continuous than towards blinking illumination, when stars were not visible. Red continuous light was the only exception that did not differ from the blinking counterpart. Continuous green, blue and white light attracted significantly more birds than continuous red light in overcast situations. Our results suggest that light sources offshore should be restricted to a minimum, but if lighting is needed, blinking light is to be preferred over continuous light, and if continuous light is required, red light should be applied.","BIOLOGICAL CONSERVATION","journalArticle","ATLANTIC OCEAN; NORTH SEA; WIND FARM; MIGRATION; MIGRATORY SPECIES; MARINE ENVIRONMENT; AVES; BIRD; COLLISIONS; ECOLOGY; OIL; ORIENTATION; NOCTURNAL ACTIVITY; COMMUNICATION TOWERS; PASSERINE; CLOUD COVER; CONTINUOUS AND INTERMITTENT LIGHT; LIGHT ATTRACTION; LIGHT CHARACTERISTICS; LIGHT INTENSITY; MICROMESISTIUS POUTASSOU; MIGRATING PASSERINES; NOCTURNAL BIRD MIGRATION; OBSTRUCTION LIGHT",NA,"1873-2917","10.1016/j.biocon.2019.02.029",NA,"220-227","","233","CARLIER Antoine","","","","","carlier","","","X","","","","","Article","No - Continue","No - Continue","No - Continue","Birds","",NA,NA,NA,NA,NA,NA,NA,"Yes",0,"Physical","","Input of other forms of energy","","No",NA,NA,NA,NA,"No",NA,NA,NA,"Yes",NA,NA,NA,NA,NA,"Effect",NA,NA,"No",NA,NA,NA,NA,"No",NA,NA,NA,"No",NA,NA,"No",NA,"0","Figs 2, 3; ""bird calls were recorded throughout the experimental periods with a directional microphone (Sennheiser MKH 110), which was installed in a wind shield. Audio signals with a frequency above 1500 Hz were automatically stored on a computer and later identified by an experienced field ornithologist (Hill and Hüppop, 2008).""","No","No","No","Yes","No","No","No","No","No","Yes","No","No","No","No","No","No","No","No","No","No","No","No",NA,NA,NA,NA,NA,NA,NA,NA,NA,"Germany","50.631604, 10.690863","NORTH SEA","German Wadden Sea","56.447465, 3.451353",2013,2014,1,"More than 12 months",NA,"No","Yes","No","No","No","No",NA,"Yes","Unsure","No","No","","Yes","""The results from this study suggest that restricting the light sources offshore to a minimum is preferable. Illuminating the structures only when ships or aircrafts are approaching might be an option. In general, blinking light is to be preferred over continuous light, but if continuous light is needed, red light should be applied.""","No","","Inlcuded",86,1,1,NA,NA,NA,NA,NA,NA,NA,NA,NA,NA,NA,NA,NA,NA,NA,NA,NA,NA,NA,NA,NA,"merged"
"435","I7WNJ259","EPPI-Reviewer ID: 97356375","Rebke (2019)","Rebke M; Dierschke V; Weiner CN; Aumuller R; Huill K; Hill R",2019,"Attraction of nocturnally migrating birds to artificial light: The influence of colour, intensity and blinking mode under different cloud cover conditions","A growing number of offshore wind farms have led to a tremendous increase in artificial lighting in the marine environment. This study disentangles the connection of light characteristics, which potentially influence the reaction of nocturnally migrating passerines to artificial illumination under different cloud cover conditions. In a spotlight experiment on a North Sea island, birds were exposed to combinations of light colour (red, yellow, green, blue, white), intensity (half, full) and blinking mode (intermittent, continuous) while measuring their number close to the light source with thermal imaging cameras. We found that no light variant was constantly avoided by nocturnally migrating passerines crossing the sea. The number of birds did neither differ between observation periods with blinking light of different colours nor compared to darkness. While intensity did not influence the number attracted, birds were drawn more towards continuous than towards blinking illumination, when stars were not visible. Red continuous light was the only exception that did not differ from the blinking counterpart. Continuous green, blue and white light attracted significantly more birds than continuous red light in overcast situations. Our results suggest that light sources offshore should be restricted to a minimum, but if lighting is needed, blinking light is to be preferred over continuous light, and if continuous light is required, red light should be applied.","BIOLOGICAL CONSERVATION","journalArticle","ATLANTIC OCEAN; NORTH SEA; WIND FARM; MIGRATION; MIGRATORY SPECIES; MARINE ENVIRONMENT; AVES; BIRD; COLLISIONS; ECOLOGY; OIL; ORIENTATION; NOCTURNAL ACTIVITY; COMMUNICATION TOWERS; PASSERINE; CLOUD COVER; CONTINUOUS AND INTERMITTENT LIGHT; LIGHT ATTRACTION; LIGHT CHARACTERISTICS; LIGHT INTENSITY; MICROMESISTIUS POUTASSOU; MIGRATING PASSERINES; NOCTURNAL BIRD MIGRATION; OBSTRUCTION LIGHT","1873-2917","10.1016/j.biocon.2019.02.029","220-227",NA,233,"CARLIER Antoine","carlier","Birds",NA,"Input of other forms of energy",NA,"yes",16,"passerines","terrestrial birds","Table A5","adult","migration period",NA,"not specified","not specified","yes","sensitivity known","""Despite many anecdotal evidence of bird attraction to light, a systematic long-term study investigating the effect of different light characteristics in combination with environmental factors potentially influencing behaviour of migrating birds is missing so far.""","NA","NA","NA","NS","NA","NA","NA","NA","NA","NA","NA","NA","NA","NA","wavelength, other","470","blue","(1-40) W/m²","Table A1","NA","NA","NA","NA","ponctual","discontinuous","steady","air column above sea level",NA,"NA","stars NOT visible","no","no","NA","NA","attraction","quantitative","spatial distribution","occurence","number of birds per 15 min intervals","no impact/negligible","NA","unknown","""The camera with the wide angle lens revealed that in overcast situations more birds per block were recorded when the spotlights were switched on compared to intervals of darkness (Fig. 1, Appendix Figs. A4 and A5). This difference did not occur when stars were visible.""","direct",NA,"other","15 m","2","visible","NA","NA","NA","NA","3","2","YES","Yes","Impact significant only when stars are not visible, continuous light, and for certain wavelength (blue, green, white). Considering averall data set, not always clear if ""light on vs. off"" differences were significant or not (it seems not)",NA,"I7WNJ259","EPPI-Reviewer ID: 97356375","Rebke (2019)","Rebke M; Dierschke V; Weiner CN; Aumuller R; Huill K; Hill R",2019,"Attraction of nocturnally migrating birds to artificial light: The influence of colour, intensity and blinking mode under different cloud cover conditions","A growing number of offshore wind farms have led to a tremendous increase in artificial lighting in the marine environment. This study disentangles the connection of light characteristics, which potentially influence the reaction of nocturnally migrating passerines to artificial illumination under different cloud cover conditions. In a spotlight experiment on a North Sea island, birds were exposed to combinations of light colour (red, yellow, green, blue, white), intensity (half, full) and blinking mode (intermittent, continuous) while measuring their number close to the light source with thermal imaging cameras. We found that no light variant was constantly avoided by nocturnally migrating passerines crossing the sea. The number of birds did neither differ between observation periods with blinking light of different colours nor compared to darkness. While intensity did not influence the number attracted, birds were drawn more towards continuous than towards blinking illumination, when stars were not visible. Red continuous light was the only exception that did not differ from the blinking counterpart. Continuous green, blue and white light attracted significantly more birds than continuous red light in overcast situations. Our results suggest that light sources offshore should be restricted to a minimum, but if lighting is needed, blinking light is to be preferred over continuous light, and if continuous light is required, red light should be applied.","BIOLOGICAL CONSERVATION","journalArticle","ATLANTIC OCEAN; NORTH SEA; WIND FARM; MIGRATION; MIGRATORY SPECIES; MARINE ENVIRONMENT; AVES; BIRD; COLLISIONS; ECOLOGY; OIL; ORIENTATION; NOCTURNAL ACTIVITY; COMMUNICATION TOWERS; PASSERINE; CLOUD COVER; CONTINUOUS AND INTERMITTENT LIGHT; LIGHT ATTRACTION; LIGHT CHARACTERISTICS; LIGHT INTENSITY; MICROMESISTIUS POUTASSOU; MIGRATING PASSERINES; NOCTURNAL BIRD MIGRATION; OBSTRUCTION LIGHT",NA,"1873-2917","10.1016/j.biocon.2019.02.029",NA,"220-227","","233","CARLIER Antoine","","","","","carlier","","","X","","","","","Article","No - Continue","No - Continue","No - Continue","Birds","",NA,NA,NA,NA,NA,NA,NA,"Yes",0,"Physical","","Input of other forms of energy","","No",NA,NA,NA,NA,"No",NA,NA,NA,"Yes",NA,NA,NA,NA,NA,"Effect",NA,NA,"No",NA,NA,NA,NA,"No",NA,NA,NA,"No",NA,NA,"No",NA,"0","Figs 2, 3; ""bird calls were recorded throughout the experimental periods with a directional microphone (Sennheiser MKH 110), which was installed in a wind shield. Audio signals with a frequency above 1500 Hz were automatically stored on a computer and later identified by an experienced field ornithologist (Hill and Hüppop, 2008).""","No","No","No","Yes","No","No","No","No","No","Yes","No","No","No","No","No","No","No","No","No","No","No","No",NA,NA,NA,NA,NA,NA,NA,NA,NA,"Germany","50.631604, 10.690863","NORTH SEA","German Wadden Sea","56.447465, 3.451353",2013,2014,1,"More than 12 months",NA,"No","Yes","No","No","No","No",NA,"Yes","Unsure","No","No","","Yes","""The results from this study suggest that restricting the light sources offshore to a minimum is preferable. Illuminating the structures only when ships or aircrafts are approaching might be an option. In general, blinking light is to be preferred over continuous light, but if continuous light is needed, red light should be applied.""","No","","Inlcuded",87,1,1,NA,NA,NA,NA,NA,NA,NA,NA,NA,NA,NA,NA,NA,NA,NA,NA,NA,NA,NA,NA,NA,"merged"
"435","I7WNJ259","EPPI-Reviewer ID: 97356375","Rebke (2019)","Rebke M; Dierschke V; Weiner CN; Aumuller R; Huill K; Hill R",2019,"Attraction of nocturnally migrating birds to artificial light: The influence of colour, intensity and blinking mode under different cloud cover conditions","A growing number of offshore wind farms have led to a tremendous increase in artificial lighting in the marine environment. This study disentangles the connection of light characteristics, which potentially influence the reaction of nocturnally migrating passerines to artificial illumination under different cloud cover conditions. In a spotlight experiment on a North Sea island, birds were exposed to combinations of light colour (red, yellow, green, blue, white), intensity (half, full) and blinking mode (intermittent, continuous) while measuring their number close to the light source with thermal imaging cameras. We found that no light variant was constantly avoided by nocturnally migrating passerines crossing the sea. The number of birds did neither differ between observation periods with blinking light of different colours nor compared to darkness. While intensity did not influence the number attracted, birds were drawn more towards continuous than towards blinking illumination, when stars were not visible. Red continuous light was the only exception that did not differ from the blinking counterpart. Continuous green, blue and white light attracted significantly more birds than continuous red light in overcast situations. Our results suggest that light sources offshore should be restricted to a minimum, but if lighting is needed, blinking light is to be preferred over continuous light, and if continuous light is required, red light should be applied.","BIOLOGICAL CONSERVATION","journalArticle","ATLANTIC OCEAN; NORTH SEA; WIND FARM; MIGRATION; MIGRATORY SPECIES; MARINE ENVIRONMENT; AVES; BIRD; COLLISIONS; ECOLOGY; OIL; ORIENTATION; NOCTURNAL ACTIVITY; COMMUNICATION TOWERS; PASSERINE; CLOUD COVER; CONTINUOUS AND INTERMITTENT LIGHT; LIGHT ATTRACTION; LIGHT CHARACTERISTICS; LIGHT INTENSITY; MICROMESISTIUS POUTASSOU; MIGRATING PASSERINES; NOCTURNAL BIRD MIGRATION; OBSTRUCTION LIGHT","1873-2917","10.1016/j.biocon.2019.02.029","220-227",NA,233,"CARLIER Antoine","carlier","Birds",NA,"Input of other forms of energy",NA,"yes",17,"passerines","terrestrial birds","Table A5","adult","migration period",NA,"not specified","not specified","yes","sensitivity known","""Despite many anecdotal evidence of bird attraction to light, a systematic long-term study investigating the effect of different light characteristics in combination with environmental factors potentially influencing behaviour of migrating birds is missing so far.""","NA","NA","NA","NS","NA","NA","NA","NA","NA","NA","NA","NA","NA","NA","wavelength, other","530","green","(1-40) W/m²","Table A1","NA","NA","NA","NA","ponctual","discontinuous","steady","air column above sea level",NA,"NA","stars NOT visible","no","no","NA","NA","attraction","quantitative","spatial distribution","occurence","number of birds per 15 min intervals","no impact/negligible","NA","unknown","""The camera with the wide angle lens revealed that in overcast situations more birds per block were recorded when the spotlights were switched on compared to intervals of darkness (Fig. 1, Appendix Figs. A4 and A5). This difference did not occur when stars were visible.""","direct",NA,"other","15 m","2","visible","NA","NA","NA","NA","3","2","YES","Yes","Impact significant only when stars are not visible, continuous light, and for certain wavelength (blue, green, white). Considering averall data set, not always clear if ""light on vs. off"" differences were significant or not (it seems not)",NA,"I7WNJ259","EPPI-Reviewer ID: 97356375","Rebke (2019)","Rebke M; Dierschke V; Weiner CN; Aumuller R; Huill K; Hill R",2019,"Attraction of nocturnally migrating birds to artificial light: The influence of colour, intensity and blinking mode under different cloud cover conditions","A growing number of offshore wind farms have led to a tremendous increase in artificial lighting in the marine environment. This study disentangles the connection of light characteristics, which potentially influence the reaction of nocturnally migrating passerines to artificial illumination under different cloud cover conditions. In a spotlight experiment on a North Sea island, birds were exposed to combinations of light colour (red, yellow, green, blue, white), intensity (half, full) and blinking mode (intermittent, continuous) while measuring their number close to the light source with thermal imaging cameras. We found that no light variant was constantly avoided by nocturnally migrating passerines crossing the sea. The number of birds did neither differ between observation periods with blinking light of different colours nor compared to darkness. While intensity did not influence the number attracted, birds were drawn more towards continuous than towards blinking illumination, when stars were not visible. Red continuous light was the only exception that did not differ from the blinking counterpart. Continuous green, blue and white light attracted significantly more birds than continuous red light in overcast situations. Our results suggest that light sources offshore should be restricted to a minimum, but if lighting is needed, blinking light is to be preferred over continuous light, and if continuous light is required, red light should be applied.","BIOLOGICAL CONSERVATION","journalArticle","ATLANTIC OCEAN; NORTH SEA; WIND FARM; MIGRATION; MIGRATORY SPECIES; MARINE ENVIRONMENT; AVES; BIRD; COLLISIONS; ECOLOGY; OIL; ORIENTATION; NOCTURNAL ACTIVITY; COMMUNICATION TOWERS; PASSERINE; CLOUD COVER; CONTINUOUS AND INTERMITTENT LIGHT; LIGHT ATTRACTION; LIGHT CHARACTERISTICS; LIGHT INTENSITY; MICROMESISTIUS POUTASSOU; MIGRATING PASSERINES; NOCTURNAL BIRD MIGRATION; OBSTRUCTION LIGHT",NA,"1873-2917","10.1016/j.biocon.2019.02.029",NA,"220-227","","233","CARLIER Antoine","","","","","carlier","","","X","","","","","Article","No - Continue","No - Continue","No - Continue","Birds","",NA,NA,NA,NA,NA,NA,NA,"Yes",0,"Physical","","Input of other forms of energy","","No",NA,NA,NA,NA,"No",NA,NA,NA,"Yes",NA,NA,NA,NA,NA,"Effect",NA,NA,"No",NA,NA,NA,NA,"No",NA,NA,NA,"No",NA,NA,"No",NA,"0","Figs 2, 3; ""bird calls were recorded throughout the experimental periods with a directional microphone (Sennheiser MKH 110), which was installed in a wind shield. Audio signals with a frequency above 1500 Hz were automatically stored on a computer and later identified by an experienced field ornithologist (Hill and Hüppop, 2008).""","No","No","No","Yes","No","No","No","No","No","Yes","No","No","No","No","No","No","No","No","No","No","No","No",NA,NA,NA,NA,NA,NA,NA,NA,NA,"Germany","50.631604, 10.690863","NORTH SEA","German Wadden Sea","56.447465, 3.451353",2013,2014,1,"More than 12 months",NA,"No","Yes","No","No","No","No",NA,"Yes","Unsure","No","No","","Yes","""The results from this study suggest that restricting the light sources offshore to a minimum is preferable. Illuminating the structures only when ships or aircrafts are approaching might be an option. In general, blinking light is to be preferred over continuous light, but if continuous light is needed, red light should be applied.""","No","","Inlcuded",88,1,1,NA,NA,NA,NA,NA,NA,NA,NA,NA,NA,NA,NA,NA,NA,NA,NA,NA,NA,NA,NA,NA,"merged"
"435","I7WNJ259","EPPI-Reviewer ID: 97356375","Rebke (2019)","Rebke M; Dierschke V; Weiner CN; Aumuller R; Huill K; Hill R",2019,"Attraction of nocturnally migrating birds to artificial light: The influence of colour, intensity and blinking mode under different cloud cover conditions","A growing number of offshore wind farms have led to a tremendous increase in artificial lighting in the marine environment. This study disentangles the connection of light characteristics, which potentially influence the reaction of nocturnally migrating passerines to artificial illumination under different cloud cover conditions. In a spotlight experiment on a North Sea island, birds were exposed to combinations of light colour (red, yellow, green, blue, white), intensity (half, full) and blinking mode (intermittent, continuous) while measuring their number close to the light source with thermal imaging cameras. We found that no light variant was constantly avoided by nocturnally migrating passerines crossing the sea. The number of birds did neither differ between observation periods with blinking light of different colours nor compared to darkness. While intensity did not influence the number attracted, birds were drawn more towards continuous than towards blinking illumination, when stars were not visible. Red continuous light was the only exception that did not differ from the blinking counterpart. Continuous green, blue and white light attracted significantly more birds than continuous red light in overcast situations. Our results suggest that light sources offshore should be restricted to a minimum, but if lighting is needed, blinking light is to be preferred over continuous light, and if continuous light is required, red light should be applied.","BIOLOGICAL CONSERVATION","journalArticle","ATLANTIC OCEAN; NORTH SEA; WIND FARM; MIGRATION; MIGRATORY SPECIES; MARINE ENVIRONMENT; AVES; BIRD; COLLISIONS; ECOLOGY; OIL; ORIENTATION; NOCTURNAL ACTIVITY; COMMUNICATION TOWERS; PASSERINE; CLOUD COVER; CONTINUOUS AND INTERMITTENT LIGHT; LIGHT ATTRACTION; LIGHT CHARACTERISTICS; LIGHT INTENSITY; MICROMESISTIUS POUTASSOU; MIGRATING PASSERINES; NOCTURNAL BIRD MIGRATION; OBSTRUCTION LIGHT","1873-2917","10.1016/j.biocon.2019.02.029","220-227",NA,233,"CARLIER Antoine","carlier","Birds",NA,"Input of other forms of energy",NA,"yes",18,"passerines","terrestrial birds","Table A5","adult","migration period",NA,"not specified","not specified","yes","sensitivity known","""Despite many anecdotal evidence of bird attraction to light, a systematic long-term study investigating the effect of different light characteristics in combination with environmental factors potentially influencing behaviour of migrating birds is missing so far.""","NA","NA","NA","NS","NA","NA","NA","NA","NA","NA","NA","NA","NA","NA","wavelength, other","627","red","(1-40) W/m²","Table A1","NA","NA","NA","NA","ponctual","discontinuous","steady","air column above sea level",NA,"NA","stars NOT visible","no","no","NA","NA","attraction","quantitative","spatial distribution","occurence","number of birds per 15 min intervals","no impact/negligible","NA","unknown","""The camera with the wide angle lens revealed that in overcast situations more birds per block were recorded when the spotlights were switched on compared to intervals of darkness (Fig. 1, Appendix Figs. A4 and A5). This difference did not occur when stars were visible.""","direct",NA,"other","15 m","2","visible","NA","NA","NA","NA","3","2","YES","Yes","Impact significant only when stars are not visible, continuous light, and for certain wavelength (blue, green, white). Considering averall data set, not always clear if ""light on vs. off"" differences were significant or not (it seems not)",NA,"I7WNJ259","EPPI-Reviewer ID: 97356375","Rebke (2019)","Rebke M; Dierschke V; Weiner CN; Aumuller R; Huill K; Hill R",2019,"Attraction of nocturnally migrating birds to artificial light: The influence of colour, intensity and blinking mode under different cloud cover conditions","A growing number of offshore wind farms have led to a tremendous increase in artificial lighting in the marine environment. This study disentangles the connection of light characteristics, which potentially influence the reaction of nocturnally migrating passerines to artificial illumination under different cloud cover conditions. In a spotlight experiment on a North Sea island, birds were exposed to combinations of light colour (red, yellow, green, blue, white), intensity (half, full) and blinking mode (intermittent, continuous) while measuring their number close to the light source with thermal imaging cameras. We found that no light variant was constantly avoided by nocturnally migrating passerines crossing the sea. The number of birds did neither differ between observation periods with blinking light of different colours nor compared to darkness. While intensity did not influence the number attracted, birds were drawn more towards continuous than towards blinking illumination, when stars were not visible. Red continuous light was the only exception that did not differ from the blinking counterpart. Continuous green, blue and white light attracted significantly more birds than continuous red light in overcast situations. Our results suggest that light sources offshore should be restricted to a minimum, but if lighting is needed, blinking light is to be preferred over continuous light, and if continuous light is required, red light should be applied.","BIOLOGICAL CONSERVATION","journalArticle","ATLANTIC OCEAN; NORTH SEA; WIND FARM; MIGRATION; MIGRATORY SPECIES; MARINE ENVIRONMENT; AVES; BIRD; COLLISIONS; ECOLOGY; OIL; ORIENTATION; NOCTURNAL ACTIVITY; COMMUNICATION TOWERS; PASSERINE; CLOUD COVER; CONTINUOUS AND INTERMITTENT LIGHT; LIGHT ATTRACTION; LIGHT CHARACTERISTICS; LIGHT INTENSITY; MICROMESISTIUS POUTASSOU; MIGRATING PASSERINES; NOCTURNAL BIRD MIGRATION; OBSTRUCTION LIGHT",NA,"1873-2917","10.1016/j.biocon.2019.02.029",NA,"220-227","","233","CARLIER Antoine","","","","","carlier","","","X","","","","","Article","No - Continue","No - Continue","No - Continue","Birds","",NA,NA,NA,NA,NA,NA,NA,"Yes",0,"Physical","","Input of other forms of energy","","No",NA,NA,NA,NA,"No",NA,NA,NA,"Yes",NA,NA,NA,NA,NA,"Effect",NA,NA,"No",NA,NA,NA,NA,"No",NA,NA,NA,"No",NA,NA,"No",NA,"0","Figs 2, 3; ""bird calls were recorded throughout the experimental periods with a directional microphone (Sennheiser MKH 110), which was installed in a wind shield. Audio signals with a frequency above 1500 Hz were automatically stored on a computer and later identified by an experienced field ornithologist (Hill and Hüppop, 2008).""","No","No","No","Yes","No","No","No","No","No","Yes","No","No","No","No","No","No","No","No","No","No","No","No",NA,NA,NA,NA,NA,NA,NA,NA,NA,"Germany","50.631604, 10.690863","NORTH SEA","German Wadden Sea","56.447465, 3.451353",2013,2014,1,"More than 12 months",NA,"No","Yes","No","No","No","No",NA,"Yes","Unsure","No","No","","Yes","""The results from this study suggest that restricting the light sources offshore to a minimum is preferable. Illuminating the structures only when ships or aircrafts are approaching might be an option. In general, blinking light is to be preferred over continuous light, but if continuous light is needed, red light should be applied.""","No","","Inlcuded",89,1,1,NA,NA,NA,NA,NA,NA,NA,NA,NA,NA,NA,NA,NA,NA,NA,NA,NA,NA,NA,NA,NA,"merged"
"435","I7WNJ259","EPPI-Reviewer ID: 97356375","Rebke (2019)","Rebke M; Dierschke V; Weiner CN; Aumuller R; Huill K; Hill R",2019,"Attraction of nocturnally migrating birds to artificial light: The influence of colour, intensity and blinking mode under different cloud cover conditions","A growing number of offshore wind farms have led to a tremendous increase in artificial lighting in the marine environment. This study disentangles the connection of light characteristics, which potentially influence the reaction of nocturnally migrating passerines to artificial illumination under different cloud cover conditions. In a spotlight experiment on a North Sea island, birds were exposed to combinations of light colour (red, yellow, green, blue, white), intensity (half, full) and blinking mode (intermittent, continuous) while measuring their number close to the light source with thermal imaging cameras. We found that no light variant was constantly avoided by nocturnally migrating passerines crossing the sea. The number of birds did neither differ between observation periods with blinking light of different colours nor compared to darkness. While intensity did not influence the number attracted, birds were drawn more towards continuous than towards blinking illumination, when stars were not visible. Red continuous light was the only exception that did not differ from the blinking counterpart. Continuous green, blue and white light attracted significantly more birds than continuous red light in overcast situations. Our results suggest that light sources offshore should be restricted to a minimum, but if lighting is needed, blinking light is to be preferred over continuous light, and if continuous light is required, red light should be applied.","BIOLOGICAL CONSERVATION","journalArticle","ATLANTIC OCEAN; NORTH SEA; WIND FARM; MIGRATION; MIGRATORY SPECIES; MARINE ENVIRONMENT; AVES; BIRD; COLLISIONS; ECOLOGY; OIL; ORIENTATION; NOCTURNAL ACTIVITY; COMMUNICATION TOWERS; PASSERINE; CLOUD COVER; CONTINUOUS AND INTERMITTENT LIGHT; LIGHT ATTRACTION; LIGHT CHARACTERISTICS; LIGHT INTENSITY; MICROMESISTIUS POUTASSOU; MIGRATING PASSERINES; NOCTURNAL BIRD MIGRATION; OBSTRUCTION LIGHT","1873-2917","10.1016/j.biocon.2019.02.029","220-227",NA,233,"CARLIER Antoine","carlier","Birds",NA,"Input of other forms of energy",NA,"yes",19,"passerines","terrestrial birds","Table A5","adult","migration period",NA,"not specified","not specified","yes","sensitivity known","""Despite many anecdotal evidence of bird attraction to light, a systematic long-term study investigating the effect of different light characteristics in combination with environmental factors potentially influencing behaviour of migrating birds is missing so far.""","NA","NA","NA","NS","NA","NA","NA","NA","NA","NA","NA","NA","NA","NA","wavelength, other","530+627","yellow","(1-40) W/m²","Table A1","NA","NA","NA","NA","ponctual","discontinuous","steady","air column above sea level",NA,"NA","stars NOT visible","no","no","NA","NA","attraction","quantitative","spatial distribution","occurence","number of birds per 15 min intervals","no impact/negligible","NA","unknown","""The camera with the wide angle lens revealed that in overcast situations more birds per block were recorded when the spotlights were switched on compared to intervals of darkness (Fig. 1, Appendix Figs. A4 and A5). This difference did not occur when stars were visible.""","direct",NA,"other","15 m","2","visible","NA","NA","NA","NA","3","2","YES","Yes","Impact significant only when stars are not visible, continuous light, and for certain wavelength (blue, green, white). Considering averall data set, not always clear if ""light on vs. off"" differences were significant or not (it seems not)",NA,"I7WNJ259","EPPI-Reviewer ID: 97356375","Rebke (2019)","Rebke M; Dierschke V; Weiner CN; Aumuller R; Huill K; Hill R",2019,"Attraction of nocturnally migrating birds to artificial light: The influence of colour, intensity and blinking mode under different cloud cover conditions","A growing number of offshore wind farms have led to a tremendous increase in artificial lighting in the marine environment. This study disentangles the connection of light characteristics, which potentially influence the reaction of nocturnally migrating passerines to artificial illumination under different cloud cover conditions. In a spotlight experiment on a North Sea island, birds were exposed to combinations of light colour (red, yellow, green, blue, white), intensity (half, full) and blinking mode (intermittent, continuous) while measuring their number close to the light source with thermal imaging cameras. We found that no light variant was constantly avoided by nocturnally migrating passerines crossing the sea. The number of birds did neither differ between observation periods with blinking light of different colours nor compared to darkness. While intensity did not influence the number attracted, birds were drawn more towards continuous than towards blinking illumination, when stars were not visible. Red continuous light was the only exception that did not differ from the blinking counterpart. Continuous green, blue and white light attracted significantly more birds than continuous red light in overcast situations. Our results suggest that light sources offshore should be restricted to a minimum, but if lighting is needed, blinking light is to be preferred over continuous light, and if continuous light is required, red light should be applied.","BIOLOGICAL CONSERVATION","journalArticle","ATLANTIC OCEAN; NORTH SEA; WIND FARM; MIGRATION; MIGRATORY SPECIES; MARINE ENVIRONMENT; AVES; BIRD; COLLISIONS; ECOLOGY; OIL; ORIENTATION; NOCTURNAL ACTIVITY; COMMUNICATION TOWERS; PASSERINE; CLOUD COVER; CONTINUOUS AND INTERMITTENT LIGHT; LIGHT ATTRACTION; LIGHT CHARACTERISTICS; LIGHT INTENSITY; MICROMESISTIUS POUTASSOU; MIGRATING PASSERINES; NOCTURNAL BIRD MIGRATION; OBSTRUCTION LIGHT",NA,"1873-2917","10.1016/j.biocon.2019.02.029",NA,"220-227","","233","CARLIER Antoine","","","","","carlier","","","X","","","","","Article","No - Continue","No - Continue","No - Continue","Birds","",NA,NA,NA,NA,NA,NA,NA,"Yes",0,"Physical","","Input of other forms of energy","","No",NA,NA,NA,NA,"No",NA,NA,NA,"Yes",NA,NA,NA,NA,NA,"Effect",NA,NA,"No",NA,NA,NA,NA,"No",NA,NA,NA,"No",NA,NA,"No",NA,"0","Figs 2, 3; ""bird calls were recorded throughout the experimental periods with a directional microphone (Sennheiser MKH 110), which was installed in a wind shield. Audio signals with a frequency above 1500 Hz were automatically stored on a computer and later identified by an experienced field ornithologist (Hill and Hüppop, 2008).""","No","No","No","Yes","No","No","No","No","No","Yes","No","No","No","No","No","No","No","No","No","No","No","No",NA,NA,NA,NA,NA,NA,NA,NA,NA,"Germany","50.631604, 10.690863","NORTH SEA","German Wadden Sea","56.447465, 3.451353",2013,2014,1,"More than 12 months",NA,"No","Yes","No","No","No","No",NA,"Yes","Unsure","No","No","","Yes","""The results from this study suggest that restricting the light sources offshore to a minimum is preferable. Illuminating the structures only when ships or aircrafts are approaching might be an option. In general, blinking light is to be preferred over continuous light, but if continuous light is needed, red light should be applied.""","No","","Inlcuded",90,1,1,NA,NA,NA,NA,NA,NA,NA,NA,NA,NA,NA,NA,NA,NA,NA,NA,NA,NA,NA,NA,NA,"merged"
"435","I7WNJ259","EPPI-Reviewer ID: 97356375","Rebke (2019)","Rebke M; Dierschke V; Weiner CN; Aumuller R; Huill K; Hill R",2019,"Attraction of nocturnally migrating birds to artificial light: The influence of colour, intensity and blinking mode under different cloud cover conditions","A growing number of offshore wind farms have led to a tremendous increase in artificial lighting in the marine environment. This study disentangles the connection of light characteristics, which potentially influence the reaction of nocturnally migrating passerines to artificial illumination under different cloud cover conditions. In a spotlight experiment on a North Sea island, birds were exposed to combinations of light colour (red, yellow, green, blue, white), intensity (half, full) and blinking mode (intermittent, continuous) while measuring their number close to the light source with thermal imaging cameras. We found that no light variant was constantly avoided by nocturnally migrating passerines crossing the sea. The number of birds did neither differ between observation periods with blinking light of different colours nor compared to darkness. While intensity did not influence the number attracted, birds were drawn more towards continuous than towards blinking illumination, when stars were not visible. Red continuous light was the only exception that did not differ from the blinking counterpart. Continuous green, blue and white light attracted significantly more birds than continuous red light in overcast situations. Our results suggest that light sources offshore should be restricted to a minimum, but if lighting is needed, blinking light is to be preferred over continuous light, and if continuous light is required, red light should be applied.","BIOLOGICAL CONSERVATION","journalArticle","ATLANTIC OCEAN; NORTH SEA; WIND FARM; MIGRATION; MIGRATORY SPECIES; MARINE ENVIRONMENT; AVES; BIRD; COLLISIONS; ECOLOGY; OIL; ORIENTATION; NOCTURNAL ACTIVITY; COMMUNICATION TOWERS; PASSERINE; CLOUD COVER; CONTINUOUS AND INTERMITTENT LIGHT; LIGHT ATTRACTION; LIGHT CHARACTERISTICS; LIGHT INTENSITY; MICROMESISTIUS POUTASSOU; MIGRATING PASSERINES; NOCTURNAL BIRD MIGRATION; OBSTRUCTION LIGHT","1873-2917","10.1016/j.biocon.2019.02.029","220-227",NA,233,"CARLIER Antoine","carlier","Birds",NA,"Input of other forms of energy",NA,"yes",20,"passerines","terrestrial birds","Table A5","adult","migration period",NA,"not specified","not specified","yes","sensitivity known","""Despite many anecdotal evidence of bird attraction to light, a systematic long-term study investigating the effect of different light characteristics in combination with environmental factors potentially influencing behaviour of migrating birds is missing so far.""","NA","NA","NA","NS","NA","NA","NA","NA","NA","NA","NA","NA","NA","NA","wavelength, other","470+530+627","white","(1-40) W/m²","Table A1","NA","NA","NA","NA","ponctual","discontinuous","steady","air column above sea level",NA,"NA","stars NOT visible","no","no","NA","NA","attraction","quantitative","spatial distribution","occurence","number of birds per 15 min intervals","no impact/negligible","NA","unknown","""The camera with the wide angle lens revealed that in overcast situations more birds per block were recorded when the spotlights were switched on compared to intervals of darkness (Fig. 1, Appendix Figs. A4 and A5). This difference did not occur when stars were visible.""","direct",NA,"other","15 m","2","visible","NA","NA","NA","NA","3","2","YES","Yes","Impact significant only when stars are not visible, continuous light, and for certain wavelength (blue, green, white). Considering averall data set, not always clear if ""light on vs. off"" differences were significant or not (it seems not)",NA,"I7WNJ259","EPPI-Reviewer ID: 97356375","Rebke (2019)","Rebke M; Dierschke V; Weiner CN; Aumuller R; Huill K; Hill R",2019,"Attraction of nocturnally migrating birds to artificial light: The influence of colour, intensity and blinking mode under different cloud cover conditions","A growing number of offshore wind farms have led to a tremendous increase in artificial lighting in the marine environment. This study disentangles the connection of light characteristics, which potentially influence the reaction of nocturnally migrating passerines to artificial illumination under different cloud cover conditions. In a spotlight experiment on a North Sea island, birds were exposed to combinations of light colour (red, yellow, green, blue, white), intensity (half, full) and blinking mode (intermittent, continuous) while measuring their number close to the light source with thermal imaging cameras. We found that no light variant was constantly avoided by nocturnally migrating passerines crossing the sea. The number of birds did neither differ between observation periods with blinking light of different colours nor compared to darkness. While intensity did not influence the number attracted, birds were drawn more towards continuous than towards blinking illumination, when stars were not visible. Red continuous light was the only exception that did not differ from the blinking counterpart. Continuous green, blue and white light attracted significantly more birds than continuous red light in overcast situations. Our results suggest that light sources offshore should be restricted to a minimum, but if lighting is needed, blinking light is to be preferred over continuous light, and if continuous light is required, red light should be applied.","BIOLOGICAL CONSERVATION","journalArticle","ATLANTIC OCEAN; NORTH SEA; WIND FARM; MIGRATION; MIGRATORY SPECIES; MARINE ENVIRONMENT; AVES; BIRD; COLLISIONS; ECOLOGY; OIL; ORIENTATION; NOCTURNAL ACTIVITY; COMMUNICATION TOWERS; PASSERINE; CLOUD COVER; CONTINUOUS AND INTERMITTENT LIGHT; LIGHT ATTRACTION; LIGHT CHARACTERISTICS; LIGHT INTENSITY; MICROMESISTIUS POUTASSOU; MIGRATING PASSERINES; NOCTURNAL BIRD MIGRATION; OBSTRUCTION LIGHT",NA,"1873-2917","10.1016/j.biocon.2019.02.029",NA,"220-227","","233","CARLIER Antoine","","","","","carlier","","","X","","","","","Article","No - Continue","No - Continue","No - Continue","Birds","",NA,NA,NA,NA,NA,NA,NA,"Yes",0,"Physical","","Input of other forms of energy","","No",NA,NA,NA,NA,"No",NA,NA,NA,"Yes",NA,NA,NA,NA,NA,"Effect",NA,NA,"No",NA,NA,NA,NA,"No",NA,NA,NA,"No",NA,NA,"No",NA,"0","Figs 2, 3; ""bird calls were recorded throughout the experimental periods with a directional microphone (Sennheiser MKH 110), which was installed in a wind shield. Audio signals with a frequency above 1500 Hz were automatically stored on a computer and later identified by an experienced field ornithologist (Hill and Hüppop, 2008).""","No","No","No","Yes","No","No","No","No","No","Yes","No","No","No","No","No","No","No","No","No","No","No","No",NA,NA,NA,NA,NA,NA,NA,NA,NA,"Germany","50.631604, 10.690863","NORTH SEA","German Wadden Sea","56.447465, 3.451353",2013,2014,1,"More than 12 months",NA,"No","Yes","No","No","No","No",NA,"Yes","Unsure","No","No","","Yes","""The results from this study suggest that restricting the light sources offshore to a minimum is preferable. Illuminating the structures only when ships or aircrafts are approaching might be an option. In general, blinking light is to be preferred over continuous light, but if continuous light is needed, red light should be applied.""","No","","Inlcuded",91,1,1,NA,NA,NA,NA,NA,NA,NA,NA,NA,NA,NA,NA,NA,NA,NA,NA,NA,NA,NA,NA,NA,"merged"
"456","JSQAJSQF","EPPI-Reviewer ID: 97357446","Rydell (2015)","Rydell J; Wickman A",2015,"Bat activity at a small wind turbine in the Baltic Sea","Activity of bats at an old wind park four km off the island of Gotland in the Baltic Sea was monitored during 50 nights from August to October 2013, using an automatic bat detector (Pettersson D500-X) mounted on one of the turbines. Single individuals or pairs of common noctules Nyctalus noctula were recorded on five occasions only (26 and 27 August), all in calm weather and when little or no rotor movement occurred. Since such conditions were unusual (five of 50 nights of observation) the visits by the bats were unlikely to be chance events (migrating bats passing the turbine), but more likely involved bats attracted to the turbines. However, no feeding buzzes were recorded and the bats never stayed near the turbine more than one minute. The turbines studied are lit by 250 W white lights and this could have been the reason why bats visited the turbines, because such lights potentially attract insects. The bats could not have been attracted to the turbines by any factor related of the movement of the rotor or the generator, such as Doppler-effects, noise, heat or electric fields.","ACTA CHIROPTEROLOGICA","journalArticle","ACTIVITY PATTERN; ATLANTIC OCEAN; MORTALITY; WIND TURBINE; ACOUSTIC MONITORING; BEHAVIOR; MIGRATION; BALTIC SEA; IMPACTS; OFFSHORE APPLICATION; BAT; HEXAPODA; FATALITIES; MONITORING SYSTEM; SWEDEN; BAT MIGRATION; ENERGY FACILITIES; GOTLAND; HYPOTHESES; INSECT; NOCTULES; NYCTALUS NOCTULA; OFF-SHORE","1733-5329","10.3161/15081109acc2015.17.2.011","359-364","2",17,"CARLIER Antoine","carlier","Chiroptera",NA,"Input of other forms of energy",NA,"no",1,"Nyctalus noctula","terrestrial chiropters","""Gotland has sizeable populations of two migratory bat species, N. noctula and Pipistrellus nathusii (Ahlén, 2009)."" + ""This survey was made at the Bockstigen Wind Park, located four km southwest of the Swedish island of Gotland in the Baltic Sea (Fig. 1).""","adult","other","hypothesis of foraging event","not specified","not specified","yes","sensitivity suspected","""Bats routinely cross the Baltic Sea and the North Sea on their migration (Ahlén et al., 2009; Rydell et al., 2014). There are occasional reports of bats that visit off-shore wind turbines in this region (Poerink et al., 2013) and even forage on what seems to be migrating insects over the Baltic Sea (Ahlén et al., 2007), but how frequently this happens is unknown""; ""It seems possible that these lights actually attracted the bats to the turbines, because they sometimes accumulate insects on which the bats feed""","NA","NA","NA","NS","NA","NA","NA","NA","NA","NA","NA","NA","NA","NA","wavelength, intensity","NS","white","250 W","""The flood lights consisted in this case of two 250 W bulbs emitting white or yellowish light. They were mounted on the platform ca. five meters above the water and directed upwards towards the tower""","NA","NA",NA,NA,"ponctual","NS","steady","air column above sea level","""The wind turbines that eventually will replace the current ones at Bockstigen and elsewhere will be much higher, and as such probably more attractive to bats (Barclay et al., 2007).""","NS","NA","no","no","NA","NA","attraction","quantitative","spatial distribution","occurence","bat recordings","NA","NA","NA","NA","unknown","""It seems possible that these lights actually attracted the bats to the turbines, because they sometimes accumulate insects on which the bats feed""","turbine","5 m","2","visible","NA","NA","NA","NA","1","50","NO","Yes","main pressure type is artificial light, but link with bat is unclear (may be indirect) and there is no control site.",NA,"JSQAJSQF","EPPI-Reviewer ID: 97357446","Rydell (2015)","Rydell J; Wickman A",2015,"Bat activity at a small wind turbine in the Baltic Sea","Activity of bats at an old wind park four km off the island of Gotland in the Baltic Sea was monitored during 50 nights from August to October 2013, using an automatic bat detector (Pettersson D500-X) mounted on one of the turbines. Single individuals or pairs of common noctules Nyctalus noctula were recorded on five occasions only (26 and 27 August), all in calm weather and when little or no rotor movement occurred. Since such conditions were unusual (five of 50 nights of observation) the visits by the bats were unlikely to be chance events (migrating bats passing the turbine), but more likely involved bats attracted to the turbines. However, no feeding buzzes were recorded and the bats never stayed near the turbine more than one minute. The turbines studied are lit by 250 W white lights and this could have been the reason why bats visited the turbines, because such lights potentially attract insects. The bats could not have been attracted to the turbines by any factor related of the movement of the rotor or the generator, such as Doppler-effects, noise, heat or electric fields.","ACTA CHIROPTEROLOGICA","journalArticle","ACTIVITY PATTERN; ATLANTIC OCEAN; MORTALITY; WIND TURBINE; ACOUSTIC MONITORING; BEHAVIOR; MIGRATION; BALTIC SEA; IMPACTS; OFFSHORE APPLICATION; BAT; HEXAPODA; FATALITIES; MONITORING SYSTEM; SWEDEN; BAT MIGRATION; ENERGY FACILITIES; GOTLAND; HYPOTHESES; INSECT; NOCTULES; NYCTALUS NOCTULA; OFF-SHORE",NA,"1733-5329","10.3161/15081109acc2015.17.2.011",NA,"359-364","2","17","CARLIER Antoine","carlier","","","","carlier","","","","","","","","Article","No - Continue","No - Continue","No - Continue","Chiroptera","","Nyctalus noctula","Common noctules",NA,NA,NA,NA,NA,"No",0,"Physical","","Input of other forms of energy","","No",NA,NA,NA,NA,"Yes",NA,"Measured",NA,"Yes",NA,NA,NA,NA,NA,"Measured",NA,NA,"No",NA,NA,NA,NA,"No",NA,NA,NA,"No",NA,NA,"No",NA,"0","""Only six files contained bat calls. All were search phase calls from common noctules Nyctalus noctula (Fig. 2). Five such files were recorded during the night 26–27 August between 21.16 and 01.01 h""","Yes","No","No","No","No","No","Yes","No","No","No","No","No","Yes","Yes","No","No","No","No","No","No","No","No",NA,NA,"Bockstigen Wind Park","5","2.5",NA,NA,NA,NA,"Sweden","60.065061, 16.707435","BALTIC SEA","","56.380157, 18.944315",2013,2013,0.1666,"2","1 turbine","No","Yes","No","No","No","No",NA,"Unsure","Unsure","No","No","","Unsure","""It is well known from on-shore wind farms that visits
by bats predominantly occur during low wind
speed, and this is actually the basis for efficient miti -
gation measures at wind turbines on shore (Arnett et
al., 2011). If the pattern that we observed also occurs
at other wind farms in the Baltic Sea, which has
not been examined, as far as we know, mitigation of
the off-shore turbines at low wind speed to save bats
would be easy to design and can probably occur at
a minimum cost in terms of production loss (Arnett
et al., 2011). However, how to assess the efficiency
of such mitigation is unknown, because it is hard","No","","Inlcuded",92,1,1,"Bockstigen-Valar",NA,"57.036","18.149972",NA,NA,NA,NA,NA,NA,NA,NA,NA,NA,NA,NA,NA,NA,NA,NA,NA,"merged"
"473","RHI8WVZB","EPPI-Reviewer ID: 97355693","Scott (2021)","Scott K; Harsanyi P; Easton BAA; Piper AJR; Rochas CMV; Lyndon AR",2021,"Exposure to Electromagnetic Fields (EMF) from Submarine Power Cables Can Trigger Strength-Dependent Behavioural and Physiological Responses in Edible Crab, Cancer pagurus (L.)","The current study investigated the effects of different strength Electromagnetic Field (EMF) exposure (250 mu T, 500 mu T, 1000 mu T) on the commercially important decapod, edible crab (Cancer pagurus, Linnaeus, 1758). Stress related parameters were measured (L-Lactate, D-Glucose, Total Haemocyte Count (THC)) in addition to behavioural and response parameters (shelter preference and time spent resting/roaming) over 24 h periods. EMF strengths of 250 mu T were found to have limited physiological and behavioural impacts. Exposure to 500 mu T and 1000 mu T were found to disrupt the L-Lactate and D-Glucose circadian rhythm and alter THC. Crabs showed a clear attraction to EMF exposed (500 mu T and 1000 mu T) shelters with a significant reduction in time spent roaming. Consequently, EMF emitted from MREDs will likely affect crabs in a strength-dependent manner thus highlighting the need for reliable in-situ measurements. This information is essential for policy making, environmental assessments, and in understanding the impacts of increased anthropogenic EMF on marine organisms.","JOURNAL OF MARINE SCIENCE AND ENGINEERING","journalArticle","RENEWABLE ENERGY; CANCER PAGURUS; CIRCADIAN RHYTHM; CRUSTACEAN HYPERGLYCEMIC HORMONE; D-GLUCOSE; DECAPOD CRUSTACEANS; EDIBLE CRAB; ELECTROMAGNETIC FIELD; ENVIRONMENTAL STRESSOR; FIDDLER-CRAB; HAEMOLYMPH PARAMETERS; HEMOCYTES; HEMOLYMPH; HOMARUS-AMERICANUS; L-LACTATE; LOBSTER; STATIC MAGNETIC-FIELDS; STRESS; WINDFARM","2077-1312","10.3390/jmse9070776",NA,"7",9,"CARLIER Antoine","carlier","Benthic macro-invertebrates ",NA,"Input of other forms of energy",NA,"yes",1,"Cancer pagurus","NS","NA","adult","other","""Intermoult crabs were collected from Berwickshire Marine Reserve (St Abbs, Berwickshire, UK) by local fishermen for experimentation""","yes","not specified","not specified","sensitivity suspected","""The sensory mechanisms involved in magneto-detection in C. pagurus is unknown, however, the leading theory behind EMF detection in crustaceans is magnetite magnetoreception. Magnetite (Fe3O4), a mineral found in the tissues of many organisms including crustaceans [30,31], reorientates during exposure to magnetic fields which subsequently acts upon secondary sensors""","NS","NS","NA","NS","NA","NS","NA","NS","2.5000000000000001E-4","NS","NA","NA","13","""Temperature and dissolved oxygen were constantly measured via data loggers (Onset HOBO temperature pendant) and a multiprobe (YSI ProDSS) and kept constant at 13  0.2 C and >98% respectively.""","NA","NA","NA","NS","NA","0.45","24","hours","1","ponctual","NS","NS","water-sediment interface","""Studies have shown that, given the life cycle and behavioural patterns of this species, they are highly likely to experience subsea power cables, either by attraction to EMF [13] or by the creation of scour protection zones around turbine bases, which may subsequently act as artificial reefs""","NS","NA","no","yes","""The impacts of increased EMF exposure can be determined on a number of individuals but determining the impacts on a population level is considerably more difficult. The key link in determining population wide impacts is the development and recruitment of juveniles into the ecological system. The impacts of EMF exposure on brooding females and the subsequent impact on the larvae are currently unknown and needs to be addressed to accurately determine population level impacts. With the addition of scour protection zones aiming to increase biodiversity [26,28], and the plan to co-locate aquaculture around windfarm sites [4,68], there is a clear need to consider the impacts of EMF emissions on benthic species around these sites.""","NA","attraction, other, repulsion","quantitative","activity","time spent in/to find a shelter","% of experiment time (24h)","no impact/negligible","no","unknown","Fig 5. Single shelter: ""When there was an EMF of 250 T present, there were no significant differences between the time spent in (273.50  14.88 min) and out (146.50  14.88 min) of the shelter compared to the control. A similar pattern was observed during exposure to 500 T with no significant differences being found between time spent in (222.63  49.14 min) and out (197.38  49.14 min) of the shelter, despite a slight increase in time spent roaming the tank. Crabs spent significantly more time in the shelter (319.63  25.73 min) during exposure to 1000 T EMF (F(1,18) = 36.3, p < 0.001, one-way ANOVA)."" Dual shelter: ""Exposure to 250 T EMF did not highlight any significant changes in the time spent in shelters or roaming the tank (58.80  10.20 min no shelter, 155.40  11.13 min EMF shelter, 205.80  11.04 min control shelter). Exposure to both 500 T and 1000 T showed significant differences compared to the control (F(3,16) = 13.2, p < 0.001, F(3,16) = 24.3, p < 0.001, MANOVA), with an increased amount of time spent within the EMF shelter""","direct","NA","NA","NA","NA","NA","NA","NA","NA","NA","10","1","YES","Unsure","number of replicates not specified for behaviour experiences. % of time spent in control shelter in ""dual shelter experience"" not clear",NA,"RHI8WVZB","EPPI-Reviewer ID: 97355693","Scott (2021)","Scott K; Harsanyi P; Easton BAA; Piper AJR; Rochas CMV; Lyndon AR",2021,"Exposure to Electromagnetic Fields (EMF) from Submarine Power Cables Can Trigger Strength-Dependent Behavioural and Physiological Responses in Edible Crab, Cancer pagurus (L.)","The current study investigated the effects of different strength Electromagnetic Field (EMF) exposure (250 mu T, 500 mu T, 1000 mu T) on the commercially important decapod, edible crab (Cancer pagurus, Linnaeus, 1758). Stress related parameters were measured (L-Lactate, D-Glucose, Total Haemocyte Count (THC)) in addition to behavioural and response parameters (shelter preference and time spent resting/roaming) over 24 h periods. EMF strengths of 250 mu T were found to have limited physiological and behavioural impacts. Exposure to 500 mu T and 1000 mu T were found to disrupt the L-Lactate and D-Glucose circadian rhythm and alter THC. Crabs showed a clear attraction to EMF exposed (500 mu T and 1000 mu T) shelters with a significant reduction in time spent roaming. Consequently, EMF emitted from MREDs will likely affect crabs in a strength-dependent manner thus highlighting the need for reliable in-situ measurements. This information is essential for policy making, environmental assessments, and in understanding the impacts of increased anthropogenic EMF on marine organisms.","JOURNAL OF MARINE SCIENCE AND ENGINEERING","journalArticle","RENEWABLE ENERGY; CANCER PAGURUS; CIRCADIAN RHYTHM; CRUSTACEAN HYPERGLYCEMIC HORMONE; D-GLUCOSE; DECAPOD CRUSTACEANS; EDIBLE CRAB; ELECTROMAGNETIC FIELD; ENVIRONMENTAL STRESSOR; FIDDLER-CRAB; HAEMOLYMPH PARAMETERS; HEMOCYTES; HEMOLYMPH; HOMARUS-AMERICANUS; L-LACTATE; LOBSTER; STATIC MAGNETIC-FIELDS; STRESS; WINDFARM",NA,"2077-1312","10.3390/jmse9070776",NA,"","7","9","CARLIER Antoine","","","","","carlier","","","","","","","","Article","No - Continue","No - Continue","No - Continue","Benthic macro-invertebrates ","","Cancer pagurus","Edible crab",NA,NA,NA,NA,NA,"No",0,"Physical","","Input of other forms of energy","","No",NA,NA,NA,NA,"No",NA,NA,NA,"Yes",NA,NA,"Mixed-Effect",NA,NA,"Effect",NA,NA,"No",NA,NA,NA,NA,"No",NA,NA,NA,"No",NA,NA,"No",NA,"0","Figs 2, 3, 4, 5","No","No","No","Yes","No","No","No","No","No","No","Yes","No","No","No","No","No","No","No","No","Yes","No","No",NA,NA,NA,NA,NA,NA,NA,NA,NA,"UK","54.634065, -2.353032","NORTH SEA",NA,"56.447465, 3.451353",2019,2019,0.1666,"2",NA,"No","No","Yes","No","No","No",NA,"Yes","Unsure","Unsure","No","","No","","Unsure","","Inlcuded",93,1,1,NA,NA,NA,NA,NA,NA,NA,NA,NA,NA,NA,NA,NA,NA,NA,NA,NA,NA,NA,NA,NA,"merged"
"473","RHI8WVZB","EPPI-Reviewer ID: 97355693","Scott (2021)","Scott K; Harsanyi P; Easton BAA; Piper AJR; Rochas CMV; Lyndon AR",2021,"Exposure to Electromagnetic Fields (EMF) from Submarine Power Cables Can Trigger Strength-Dependent Behavioural and Physiological Responses in Edible Crab, Cancer pagurus (L.)","The current study investigated the effects of different strength Electromagnetic Field (EMF) exposure (250 mu T, 500 mu T, 1000 mu T) on the commercially important decapod, edible crab (Cancer pagurus, Linnaeus, 1758). Stress related parameters were measured (L-Lactate, D-Glucose, Total Haemocyte Count (THC)) in addition to behavioural and response parameters (shelter preference and time spent resting/roaming) over 24 h periods. EMF strengths of 250 mu T were found to have limited physiological and behavioural impacts. Exposure to 500 mu T and 1000 mu T were found to disrupt the L-Lactate and D-Glucose circadian rhythm and alter THC. Crabs showed a clear attraction to EMF exposed (500 mu T and 1000 mu T) shelters with a significant reduction in time spent roaming. Consequently, EMF emitted from MREDs will likely affect crabs in a strength-dependent manner thus highlighting the need for reliable in-situ measurements. This information is essential for policy making, environmental assessments, and in understanding the impacts of increased anthropogenic EMF on marine organisms.","JOURNAL OF MARINE SCIENCE AND ENGINEERING","journalArticle","RENEWABLE ENERGY; CANCER PAGURUS; CIRCADIAN RHYTHM; CRUSTACEAN HYPERGLYCEMIC HORMONE; D-GLUCOSE; DECAPOD CRUSTACEANS; EDIBLE CRAB; ELECTROMAGNETIC FIELD; ENVIRONMENTAL STRESSOR; FIDDLER-CRAB; HAEMOLYMPH PARAMETERS; HEMOCYTES; HEMOLYMPH; HOMARUS-AMERICANUS; L-LACTATE; LOBSTER; STATIC MAGNETIC-FIELDS; STRESS; WINDFARM","2077-1312","10.3390/jmse9070776",NA,"7",9,"CARLIER Antoine","carlier","Benthic macro-invertebrates ",NA,"Input of other forms of energy",NA,"yes",2,"Cancer pagurus","NS","NA","adult","other","""Intermoult crabs were collected from Berwickshire Marine Reserve (St Abbs, Berwickshire, UK) by local fishermen for experimentation""","yes","not specified","not specified","sensitivity suspected","""The sensory mechanisms involved in magneto-detection in C. pagurus is unknown, however, the leading theory behind EMF detection in crustaceans is magnetite magnetoreception. Magnetite (Fe3O4), a mineral found in the tissues of many organisms including crustaceans [30,31], reorientates during exposure to magnetic fields which subsequently acts upon secondary sensors""","NS","NS","NA","NS","NA","NS","NA","NS","5.0000000000000001E-4","NS","NA","NA","13","""Temperature and dissolved oxygen were constantly measured via data loggers (Onset HOBO temperature pendant) and a multiprobe (YSI ProDSS) and kept constant at 13  0.2 C and >98% respectively.""","NA","NA","NA","NS","NA","0.45","24","hours","1","ponctual","NS","NS","water-sediment interface","""Studies have shown that, given the life cycle and behavioural patterns of this species, they are highly likely to experience subsea power cables, either by attraction to EMF [13] or by the creation of scour protection zones around turbine bases, which may subsequently act as artificial reefs""","NS","NA","no","yes","""The impacts of increased EMF exposure can be determined on a number of individuals but determining the impacts on a population level is considerably more difficult. The key link in determining population wide impacts is the development and recruitment of juveniles into the ecological system. The impacts of EMF exposure on brooding females and the subsequent impact on the larvae are currently unknown and needs to be addressed to accurately determine population level impacts. With the addition of scour protection zones aiming to increase biodiversity [26,28], and the plan to co-locate aquaculture around windfarm sites [4,68], there is a clear need to consider the impacts of EMF emissions on benthic species around these sites.""","NA","attraction, other, repulsion","quantitative","activity","time spent in/to find a shelter","% of experiment time (24h)","mixed","yes","unknown","Fig 5. Single shelter: ""When there was an EMF of 250 T present, there were no significant differences between the time spent in (273.50  14.88 min) and out (146.50  14.88 min) of the shelter compared to the control. A similar pattern was observed during exposure to 500 T with no significant differences being found between time spent in (222.63  49.14 min) and out (197.38  49.14 min) of the shelter, despite a slight increase in time spent roaming the tank. Crabs spent significantly more time in the shelter (319.63  25.73 min) during exposure to 1000 T EMF (F(1,18) = 36.3, p < 0.001, one-way ANOVA)."" Dual shelter: ""Exposure to 250 T EMF did not highlight any significant changes in the time spent in shelters or roaming the tank (58.80  10.20 min no shelter, 155.40  11.13 min EMF shelter, 205.80  11.04 min control shelter). Exposure to both 500 T and 1000 T showed significant differences compared to the control (F(3,16) = 13.2, p < 0.001, F(3,16) = 24.3, p < 0.001, MANOVA), with an increased amount of time spent within the EMF shelter""","direct","NA","NA","NA","NA","NA","NA","NA","NA","NA","10","1","YES","Unsure","number of replicates not specified for behaviour experiences. % of time spent in control shelter in ""dual shelter experience"" not clear",NA,"RHI8WVZB","EPPI-Reviewer ID: 97355693","Scott (2021)","Scott K; Harsanyi P; Easton BAA; Piper AJR; Rochas CMV; Lyndon AR",2021,"Exposure to Electromagnetic Fields (EMF) from Submarine Power Cables Can Trigger Strength-Dependent Behavioural and Physiological Responses in Edible Crab, Cancer pagurus (L.)","The current study investigated the effects of different strength Electromagnetic Field (EMF) exposure (250 mu T, 500 mu T, 1000 mu T) on the commercially important decapod, edible crab (Cancer pagurus, Linnaeus, 1758). Stress related parameters were measured (L-Lactate, D-Glucose, Total Haemocyte Count (THC)) in addition to behavioural and response parameters (shelter preference and time spent resting/roaming) over 24 h periods. EMF strengths of 250 mu T were found to have limited physiological and behavioural impacts. Exposure to 500 mu T and 1000 mu T were found to disrupt the L-Lactate and D-Glucose circadian rhythm and alter THC. Crabs showed a clear attraction to EMF exposed (500 mu T and 1000 mu T) shelters with a significant reduction in time spent roaming. Consequently, EMF emitted from MREDs will likely affect crabs in a strength-dependent manner thus highlighting the need for reliable in-situ measurements. This information is essential for policy making, environmental assessments, and in understanding the impacts of increased anthropogenic EMF on marine organisms.","JOURNAL OF MARINE SCIENCE AND ENGINEERING","journalArticle","RENEWABLE ENERGY; CANCER PAGURUS; CIRCADIAN RHYTHM; CRUSTACEAN HYPERGLYCEMIC HORMONE; D-GLUCOSE; DECAPOD CRUSTACEANS; EDIBLE CRAB; ELECTROMAGNETIC FIELD; ENVIRONMENTAL STRESSOR; FIDDLER-CRAB; HAEMOLYMPH PARAMETERS; HEMOCYTES; HEMOLYMPH; HOMARUS-AMERICANUS; L-LACTATE; LOBSTER; STATIC MAGNETIC-FIELDS; STRESS; WINDFARM",NA,"2077-1312","10.3390/jmse9070776",NA,"","7","9","CARLIER Antoine","","","","","carlier","","","","","","","","Article","No - Continue","No - Continue","No - Continue","Benthic macro-invertebrates ","","Cancer pagurus","Edible crab",NA,NA,NA,NA,NA,"No",0,"Physical","","Input of other forms of energy","","No",NA,NA,NA,NA,"No",NA,NA,NA,"Yes",NA,NA,"Mixed-Effect",NA,NA,"Effect",NA,NA,"No",NA,NA,NA,NA,"No",NA,NA,NA,"No",NA,NA,"No",NA,"0","Figs 2, 3, 4, 5","No","No","No","Yes","No","No","No","No","No","No","Yes","No","No","No","No","No","No","No","No","Yes","No","No",NA,NA,NA,NA,NA,NA,NA,NA,NA,"UK","54.634065, -2.353032","NORTH SEA",NA,"56.447465, 3.451353",2019,2019,0.1666,"2",NA,"No","No","Yes","No","No","No",NA,"Yes","Unsure","Unsure","No","","No","","Unsure","","Inlcuded",94,1,1,NA,NA,NA,NA,NA,NA,NA,NA,NA,NA,NA,NA,NA,NA,NA,NA,NA,NA,NA,NA,NA,"merged"
"473","RHI8WVZB","EPPI-Reviewer ID: 97355693","Scott (2021)","Scott K; Harsanyi P; Easton BAA; Piper AJR; Rochas CMV; Lyndon AR",2021,"Exposure to Electromagnetic Fields (EMF) from Submarine Power Cables Can Trigger Strength-Dependent Behavioural and Physiological Responses in Edible Crab, Cancer pagurus (L.)","The current study investigated the effects of different strength Electromagnetic Field (EMF) exposure (250 mu T, 500 mu T, 1000 mu T) on the commercially important decapod, edible crab (Cancer pagurus, Linnaeus, 1758). Stress related parameters were measured (L-Lactate, D-Glucose, Total Haemocyte Count (THC)) in addition to behavioural and response parameters (shelter preference and time spent resting/roaming) over 24 h periods. EMF strengths of 250 mu T were found to have limited physiological and behavioural impacts. Exposure to 500 mu T and 1000 mu T were found to disrupt the L-Lactate and D-Glucose circadian rhythm and alter THC. Crabs showed a clear attraction to EMF exposed (500 mu T and 1000 mu T) shelters with a significant reduction in time spent roaming. Consequently, EMF emitted from MREDs will likely affect crabs in a strength-dependent manner thus highlighting the need for reliable in-situ measurements. This information is essential for policy making, environmental assessments, and in understanding the impacts of increased anthropogenic EMF on marine organisms.","JOURNAL OF MARINE SCIENCE AND ENGINEERING","journalArticle","RENEWABLE ENERGY; CANCER PAGURUS; CIRCADIAN RHYTHM; CRUSTACEAN HYPERGLYCEMIC HORMONE; D-GLUCOSE; DECAPOD CRUSTACEANS; EDIBLE CRAB; ELECTROMAGNETIC FIELD; ENVIRONMENTAL STRESSOR; FIDDLER-CRAB; HAEMOLYMPH PARAMETERS; HEMOCYTES; HEMOLYMPH; HOMARUS-AMERICANUS; L-LACTATE; LOBSTER; STATIC MAGNETIC-FIELDS; STRESS; WINDFARM","2077-1312","10.3390/jmse9070776",NA,"7",9,"CARLIER Antoine","carlier","Benthic macro-invertebrates ",NA,"Input of other forms of energy",NA,"yes",3,"Cancer pagurus","NS","NA","adult","other","""Intermoult crabs were collected from Berwickshire Marine Reserve (St Abbs, Berwickshire, UK) by local fishermen for experimentation""","yes","not specified","not specified","sensitivity suspected","""The sensory mechanisms involved in magneto-detection in C. pagurus is unknown, however, the leading theory behind EMF detection in crustaceans is magnetite magnetoreception. Magnetite (Fe3O4), a mineral found in the tissues of many organisms including crustaceans [30,31], reorientates during exposure to magnetic fields which subsequently acts upon secondary sensors""","NS","NS","NA","NS","NA","NS","NA","NS","1E-3","NS","NA","NA","13","""Temperature and dissolved oxygen were constantly measured via data loggers (Onset HOBO temperature pendant) and a multiprobe (YSI ProDSS) and kept constant at 13  0.2 C and >98% respectively.""","NA","NA","NA","NS","NA","0.45","24","hours","1","ponctual","NS","NS","water-sediment interface","""Studies have shown that, given the life cycle and behavioural patterns of this species, they are highly likely to experience subsea power cables, either by attraction to EMF [13] or by the creation of scour protection zones around turbine bases, which may subsequently act as artificial reefs""","NS","NA","no","yes","""The impacts of increased EMF exposure can be determined on a number of individuals but determining the impacts on a population level is considerably more difficult. The key link in determining population wide impacts is the development and recruitment of juveniles into the ecological system. The impacts of EMF exposure on brooding females and the subsequent impact on the larvae are currently unknown and needs to be addressed to accurately determine population level impacts. With the addition of scour protection zones aiming to increase biodiversity [26,28], and the plan to co-locate aquaculture around windfarm sites [4,68], there is a clear need to consider the impacts of EMF emissions on benthic species around these sites.""","NA","attraction, other, repulsion","quantitative","activity","time spent in/to find a shelter","% of experiment time (24h)","increase","yes","unknown","Fig 5. Single shelter: ""When there was an EMF of 250 T present, there were no significant differences between the time spent in (273.50  14.88 min) and out (146.50  14.88 min) of the shelter compared to the control. A similar pattern was observed during exposure to 500 T with no significant differences being found between time spent in (222.63  49.14 min) and out (197.38  49.14 min) of the shelter, despite a slight increase in time spent roaming the tank. Crabs spent significantly more time in the shelter (319.63  25.73 min) during exposure to 1000 T EMF (F(1,18) = 36.3, p < 0.001, one-way ANOVA)."" Dual shelter: ""Exposure to 250 T EMF did not highlight any significant changes in the time spent in shelters or roaming the tank (58.80  10.20 min no shelter, 155.40  11.13 min EMF shelter, 205.80  11.04 min control shelter). Exposure to both 500 T and 1000 T showed significant differences compared to the control (F(3,16) = 13.2, p < 0.001, F(3,16) = 24.3, p < 0.001, MANOVA), with an increased amount of time spent within the EMF shelter""","direct","NA","NA","NA","NA","NA","NA","NA","NA","NA","10","1","YES","Unsure","number of replicates not specified for behaviour experiences. % of time spent in control shelter in ""dual shelter experience"" not clear",NA,"RHI8WVZB","EPPI-Reviewer ID: 97355693","Scott (2021)","Scott K; Harsanyi P; Easton BAA; Piper AJR; Rochas CMV; Lyndon AR",2021,"Exposure to Electromagnetic Fields (EMF) from Submarine Power Cables Can Trigger Strength-Dependent Behavioural and Physiological Responses in Edible Crab, Cancer pagurus (L.)","The current study investigated the effects of different strength Electromagnetic Field (EMF) exposure (250 mu T, 500 mu T, 1000 mu T) on the commercially important decapod, edible crab (Cancer pagurus, Linnaeus, 1758). Stress related parameters were measured (L-Lactate, D-Glucose, Total Haemocyte Count (THC)) in addition to behavioural and response parameters (shelter preference and time spent resting/roaming) over 24 h periods. EMF strengths of 250 mu T were found to have limited physiological and behavioural impacts. Exposure to 500 mu T and 1000 mu T were found to disrupt the L-Lactate and D-Glucose circadian rhythm and alter THC. Crabs showed a clear attraction to EMF exposed (500 mu T and 1000 mu T) shelters with a significant reduction in time spent roaming. Consequently, EMF emitted from MREDs will likely affect crabs in a strength-dependent manner thus highlighting the need for reliable in-situ measurements. This information is essential for policy making, environmental assessments, and in understanding the impacts of increased anthropogenic EMF on marine organisms.","JOURNAL OF MARINE SCIENCE AND ENGINEERING","journalArticle","RENEWABLE ENERGY; CANCER PAGURUS; CIRCADIAN RHYTHM; CRUSTACEAN HYPERGLYCEMIC HORMONE; D-GLUCOSE; DECAPOD CRUSTACEANS; EDIBLE CRAB; ELECTROMAGNETIC FIELD; ENVIRONMENTAL STRESSOR; FIDDLER-CRAB; HAEMOLYMPH PARAMETERS; HEMOCYTES; HEMOLYMPH; HOMARUS-AMERICANUS; L-LACTATE; LOBSTER; STATIC MAGNETIC-FIELDS; STRESS; WINDFARM",NA,"2077-1312","10.3390/jmse9070776",NA,"","7","9","CARLIER Antoine","","","","","carlier","","","","","","","","Article","No - Continue","No - Continue","No - Continue","Benthic macro-invertebrates ","","Cancer pagurus","Edible crab",NA,NA,NA,NA,NA,"No",0,"Physical","","Input of other forms of energy","","No",NA,NA,NA,NA,"No",NA,NA,NA,"Yes",NA,NA,"Mixed-Effect",NA,NA,"Effect",NA,NA,"No",NA,NA,NA,NA,"No",NA,NA,NA,"No",NA,NA,"No",NA,"0","Figs 2, 3, 4, 5","No","No","No","Yes","No","No","No","No","No","No","Yes","No","No","No","No","No","No","No","No","Yes","No","No",NA,NA,NA,NA,NA,NA,NA,NA,NA,"UK","54.634065, -2.353032","NORTH SEA",NA,"56.447465, 3.451353",2019,2019,0.1666,"2",NA,"No","No","Yes","No","No","No",NA,"Yes","Unsure","Unsure","No","","No","","Unsure","","Inlcuded",95,1,1,NA,NA,NA,NA,NA,NA,NA,NA,NA,NA,NA,NA,NA,NA,NA,NA,NA,NA,NA,NA,NA,"merged"
"473","RHI8WVZB","EPPI-Reviewer ID: 97355693","Scott (2021)","Scott K; Harsanyi P; Easton BAA; Piper AJR; Rochas CMV; Lyndon AR",2021,"Exposure to Electromagnetic Fields (EMF) from Submarine Power Cables Can Trigger Strength-Dependent Behavioural and Physiological Responses in Edible Crab, Cancer pagurus (L.)","The current study investigated the effects of different strength Electromagnetic Field (EMF) exposure (250 mu T, 500 mu T, 1000 mu T) on the commercially important decapod, edible crab (Cancer pagurus, Linnaeus, 1758). Stress related parameters were measured (L-Lactate, D-Glucose, Total Haemocyte Count (THC)) in addition to behavioural and response parameters (shelter preference and time spent resting/roaming) over 24 h periods. EMF strengths of 250 mu T were found to have limited physiological and behavioural impacts. Exposure to 500 mu T and 1000 mu T were found to disrupt the L-Lactate and D-Glucose circadian rhythm and alter THC. Crabs showed a clear attraction to EMF exposed (500 mu T and 1000 mu T) shelters with a significant reduction in time spent roaming. Consequently, EMF emitted from MREDs will likely affect crabs in a strength-dependent manner thus highlighting the need for reliable in-situ measurements. This information is essential for policy making, environmental assessments, and in understanding the impacts of increased anthropogenic EMF on marine organisms.","JOURNAL OF MARINE SCIENCE AND ENGINEERING","journalArticle","RENEWABLE ENERGY; CANCER PAGURUS; CIRCADIAN RHYTHM; CRUSTACEAN HYPERGLYCEMIC HORMONE; D-GLUCOSE; DECAPOD CRUSTACEANS; EDIBLE CRAB; ELECTROMAGNETIC FIELD; ENVIRONMENTAL STRESSOR; FIDDLER-CRAB; HAEMOLYMPH PARAMETERS; HEMOCYTES; HEMOLYMPH; HOMARUS-AMERICANUS; L-LACTATE; LOBSTER; STATIC MAGNETIC-FIELDS; STRESS; WINDFARM","2077-1312","10.3390/jmse9070776",NA,"7",9,"CARLIER Antoine","carlier","Benthic macro-invertebrates ",NA,"Input of other forms of energy",NA,"yes",4,"Cancer pagurus","NS","NA","adult","other","""Intermoult crabs were collected from Berwickshire Marine Reserve (St Abbs, Berwickshire, UK) by local fishermen for experimentation""","yes","not specified","not specified","sensitivity suspected","""The sensory mechanisms involved in magneto-detection in C. pagurus is unknown, however, the leading theory behind EMF detection in crustaceans is magnetite magnetoreception. Magnetite (Fe3O4), a mineral found in the tissues of many organisms including crustaceans [30,31], reorientates during exposure to magnetic fields which subsequently acts upon secondary sensors""","NS","NS","NA","NS","NA","NS","NA","NS","2.5000000000000001E-4","NS","NA","NA","13","""Temperature and dissolved oxygen were constantly measured via data loggers (Onset HOBO temperature pendant) and a multiprobe (YSI ProDSS) and kept constant at 13  0.2 C and >98% respectively.""","NA","NA","NA","NS","NA","0","24","hours","1","ponctual","NS","NS","water-sediment interface","""Studies have shown that, given the life cycle and behavioural patterns of this species, they are highly likely to experience subsea power cables, either by attraction to EMF [13] or by the creation of scour protection zones around turbine bases, which may subsequently act as artificial reefs""","NS","NA","no","yes","""The impacts of increased EMF exposure can be determined on a number of individuals but determining the impacts on a population level is considerably more difficult. The key link in determining population wide impacts is the development and recruitment of juveniles into the ecological system. The impacts of EMF exposure on brooding females and the subsequent impact on the larvae are currently unknown and needs to be addressed to accurately determine population level impacts. With the addition of scour protection zones aiming to increase biodiversity [26,28], and the plan to co-locate aquaculture around windfarm sites [4,68], there is a clear need to consider the impacts of EMF emissions on benthic species around these sites.""","cellular","NA","quantitative","fitness","haemocyte/coelomocytes","cell x 10e6 /mL","no impact/negligible","no","unknown","Fig 4","direct","NA","NA","NA","NA","NA","NA","NA","NA","NA","4","10","YES","Unsure",NA,NA,"RHI8WVZB","EPPI-Reviewer ID: 97355693","Scott (2021)","Scott K; Harsanyi P; Easton BAA; Piper AJR; Rochas CMV; Lyndon AR",2021,"Exposure to Electromagnetic Fields (EMF) from Submarine Power Cables Can Trigger Strength-Dependent Behavioural and Physiological Responses in Edible Crab, Cancer pagurus (L.)","The current study investigated the effects of different strength Electromagnetic Field (EMF) exposure (250 mu T, 500 mu T, 1000 mu T) on the commercially important decapod, edible crab (Cancer pagurus, Linnaeus, 1758). Stress related parameters were measured (L-Lactate, D-Glucose, Total Haemocyte Count (THC)) in addition to behavioural and response parameters (shelter preference and time spent resting/roaming) over 24 h periods. EMF strengths of 250 mu T were found to have limited physiological and behavioural impacts. Exposure to 500 mu T and 1000 mu T were found to disrupt the L-Lactate and D-Glucose circadian rhythm and alter THC. Crabs showed a clear attraction to EMF exposed (500 mu T and 1000 mu T) shelters with a significant reduction in time spent roaming. Consequently, EMF emitted from MREDs will likely affect crabs in a strength-dependent manner thus highlighting the need for reliable in-situ measurements. This information is essential for policy making, environmental assessments, and in understanding the impacts of increased anthropogenic EMF on marine organisms.","JOURNAL OF MARINE SCIENCE AND ENGINEERING","journalArticle","RENEWABLE ENERGY; CANCER PAGURUS; CIRCADIAN RHYTHM; CRUSTACEAN HYPERGLYCEMIC HORMONE; D-GLUCOSE; DECAPOD CRUSTACEANS; EDIBLE CRAB; ELECTROMAGNETIC FIELD; ENVIRONMENTAL STRESSOR; FIDDLER-CRAB; HAEMOLYMPH PARAMETERS; HEMOCYTES; HEMOLYMPH; HOMARUS-AMERICANUS; L-LACTATE; LOBSTER; STATIC MAGNETIC-FIELDS; STRESS; WINDFARM",NA,"2077-1312","10.3390/jmse9070776",NA,"","7","9","CARLIER Antoine","","","","","carlier","","","","","","","","Article","No - Continue","No - Continue","No - Continue","Benthic macro-invertebrates ","","Cancer pagurus","Edible crab",NA,NA,NA,NA,NA,"No",0,"Physical","","Input of other forms of energy","","No",NA,NA,NA,NA,"No",NA,NA,NA,"Yes",NA,NA,"Mixed-Effect",NA,NA,"Effect",NA,NA,"No",NA,NA,NA,NA,"No",NA,NA,NA,"No",NA,NA,"No",NA,"0","Figs 2, 3, 4, 5","No","No","No","Yes","No","No","No","No","No","No","Yes","No","No","No","No","No","No","No","No","Yes","No","No",NA,NA,NA,NA,NA,NA,NA,NA,NA,"UK","54.634065, -2.353032","NORTH SEA",NA,"56.447465, 3.451353",2019,2019,0.1666,"2",NA,"No","No","Yes","No","No","No",NA,"Yes","Unsure","Unsure","No","","No","","Unsure","","Inlcuded",96,1,1,NA,NA,NA,NA,NA,NA,NA,NA,NA,NA,NA,NA,NA,NA,NA,NA,NA,NA,NA,NA,NA,"merged"
"473","RHI8WVZB","EPPI-Reviewer ID: 97355693","Scott (2021)","Scott K; Harsanyi P; Easton BAA; Piper AJR; Rochas CMV; Lyndon AR",2021,"Exposure to Electromagnetic Fields (EMF) from Submarine Power Cables Can Trigger Strength-Dependent Behavioural and Physiological Responses in Edible Crab, Cancer pagurus (L.)","The current study investigated the effects of different strength Electromagnetic Field (EMF) exposure (250 mu T, 500 mu T, 1000 mu T) on the commercially important decapod, edible crab (Cancer pagurus, Linnaeus, 1758). Stress related parameters were measured (L-Lactate, D-Glucose, Total Haemocyte Count (THC)) in addition to behavioural and response parameters (shelter preference and time spent resting/roaming) over 24 h periods. EMF strengths of 250 mu T were found to have limited physiological and behavioural impacts. Exposure to 500 mu T and 1000 mu T were found to disrupt the L-Lactate and D-Glucose circadian rhythm and alter THC. Crabs showed a clear attraction to EMF exposed (500 mu T and 1000 mu T) shelters with a significant reduction in time spent roaming. Consequently, EMF emitted from MREDs will likely affect crabs in a strength-dependent manner thus highlighting the need for reliable in-situ measurements. This information is essential for policy making, environmental assessments, and in understanding the impacts of increased anthropogenic EMF on marine organisms.","JOURNAL OF MARINE SCIENCE AND ENGINEERING","journalArticle","RENEWABLE ENERGY; CANCER PAGURUS; CIRCADIAN RHYTHM; CRUSTACEAN HYPERGLYCEMIC HORMONE; D-GLUCOSE; DECAPOD CRUSTACEANS; EDIBLE CRAB; ELECTROMAGNETIC FIELD; ENVIRONMENTAL STRESSOR; FIDDLER-CRAB; HAEMOLYMPH PARAMETERS; HEMOCYTES; HEMOLYMPH; HOMARUS-AMERICANUS; L-LACTATE; LOBSTER; STATIC MAGNETIC-FIELDS; STRESS; WINDFARM","2077-1312","10.3390/jmse9070776",NA,"7",9,"CARLIER Antoine","carlier","Benthic macro-invertebrates ",NA,"Input of other forms of energy",NA,"yes",5,"Cancer pagurus","NS","NA","adult","other","""Intermoult crabs were collected from Berwickshire Marine Reserve (St Abbs, Berwickshire, UK) by local fishermen for experimentation""","yes","not specified","not specified","sensitivity suspected","""The sensory mechanisms involved in magneto-detection in C. pagurus is unknown, however, the leading theory behind EMF detection in crustaceans is magnetite magnetoreception. Magnetite (Fe3O4), a mineral found in the tissues of many organisms including crustaceans [30,31], reorientates during exposure to magnetic fields which subsequently acts upon secondary sensors""","NS","NS","NA","NS","NA","NS","NA","NS","5.0000000000000001E-4","NS","NA","NA","13","""Temperature and dissolved oxygen were constantly measured via data loggers (Onset HOBO temperature pendant) and a multiprobe (YSI ProDSS) and kept constant at 13  0.2 C and >98% respectively.""","NA","NA","NA","NS","NA","0","24","hours","1","ponctual","NS","NS","water-sediment interface","""Studies have shown that, given the life cycle and behavioural patterns of this species, they are highly likely to experience subsea power cables, either by attraction to EMF [13] or by the creation of scour protection zones around turbine bases, which may subsequently act as artificial reefs""","NS","NA","no","yes","""The impacts of increased EMF exposure can be determined on a number of individuals but determining the impacts on a population level is considerably more difficult. The key link in determining population wide impacts is the development and recruitment of juveniles into the ecological system. The impacts of EMF exposure on brooding females and the subsequent impact on the larvae are currently unknown and needs to be addressed to accurately determine population level impacts. With the addition of scour protection zones aiming to increase biodiversity [26,28], and the plan to co-locate aquaculture around windfarm sites [4,68], there is a clear need to consider the impacts of EMF emissions on benthic species around these sites.""","cellular","NA","quantitative","fitness","haemocyte/coelomocytes","cell x 10e6 /mL","no impact/negligible","no","unknown","Fig 4","direct","NA","NA","NA","NA","NA","NA","NA","NA","NA","4","10","YES","Unsure","Impact transitory, observed only at 8h",NA,"RHI8WVZB","EPPI-Reviewer ID: 97355693","Scott (2021)","Scott K; Harsanyi P; Easton BAA; Piper AJR; Rochas CMV; Lyndon AR",2021,"Exposure to Electromagnetic Fields (EMF) from Submarine Power Cables Can Trigger Strength-Dependent Behavioural and Physiological Responses in Edible Crab, Cancer pagurus (L.)","The current study investigated the effects of different strength Electromagnetic Field (EMF) exposure (250 mu T, 500 mu T, 1000 mu T) on the commercially important decapod, edible crab (Cancer pagurus, Linnaeus, 1758). Stress related parameters were measured (L-Lactate, D-Glucose, Total Haemocyte Count (THC)) in addition to behavioural and response parameters (shelter preference and time spent resting/roaming) over 24 h periods. EMF strengths of 250 mu T were found to have limited physiological and behavioural impacts. Exposure to 500 mu T and 1000 mu T were found to disrupt the L-Lactate and D-Glucose circadian rhythm and alter THC. Crabs showed a clear attraction to EMF exposed (500 mu T and 1000 mu T) shelters with a significant reduction in time spent roaming. Consequently, EMF emitted from MREDs will likely affect crabs in a strength-dependent manner thus highlighting the need for reliable in-situ measurements. This information is essential for policy making, environmental assessments, and in understanding the impacts of increased anthropogenic EMF on marine organisms.","JOURNAL OF MARINE SCIENCE AND ENGINEERING","journalArticle","RENEWABLE ENERGY; CANCER PAGURUS; CIRCADIAN RHYTHM; CRUSTACEAN HYPERGLYCEMIC HORMONE; D-GLUCOSE; DECAPOD CRUSTACEANS; EDIBLE CRAB; ELECTROMAGNETIC FIELD; ENVIRONMENTAL STRESSOR; FIDDLER-CRAB; HAEMOLYMPH PARAMETERS; HEMOCYTES; HEMOLYMPH; HOMARUS-AMERICANUS; L-LACTATE; LOBSTER; STATIC MAGNETIC-FIELDS; STRESS; WINDFARM",NA,"2077-1312","10.3390/jmse9070776",NA,"","7","9","CARLIER Antoine","","","","","carlier","","","","","","","","Article","No - Continue","No - Continue","No - Continue","Benthic macro-invertebrates ","","Cancer pagurus","Edible crab",NA,NA,NA,NA,NA,"No",0,"Physical","","Input of other forms of energy","","No",NA,NA,NA,NA,"No",NA,NA,NA,"Yes",NA,NA,"Mixed-Effect",NA,NA,"Effect",NA,NA,"No",NA,NA,NA,NA,"No",NA,NA,NA,"No",NA,NA,"No",NA,"0","Figs 2, 3, 4, 5","No","No","No","Yes","No","No","No","No","No","No","Yes","No","No","No","No","No","No","No","No","Yes","No","No",NA,NA,NA,NA,NA,NA,NA,NA,NA,"UK","54.634065, -2.353032","NORTH SEA",NA,"56.447465, 3.451353",2019,2019,0.1666,"2",NA,"No","No","Yes","No","No","No",NA,"Yes","Unsure","Unsure","No","","No","","Unsure","","Inlcuded",97,1,1,NA,NA,NA,NA,NA,NA,NA,NA,NA,NA,NA,NA,NA,NA,NA,NA,NA,NA,NA,NA,NA,"merged"
"473","RHI8WVZB","EPPI-Reviewer ID: 97355693","Scott (2021)","Scott K; Harsanyi P; Easton BAA; Piper AJR; Rochas CMV; Lyndon AR",2021,"Exposure to Electromagnetic Fields (EMF) from Submarine Power Cables Can Trigger Strength-Dependent Behavioural and Physiological Responses in Edible Crab, Cancer pagurus (L.)","The current study investigated the effects of different strength Electromagnetic Field (EMF) exposure (250 mu T, 500 mu T, 1000 mu T) on the commercially important decapod, edible crab (Cancer pagurus, Linnaeus, 1758). Stress related parameters were measured (L-Lactate, D-Glucose, Total Haemocyte Count (THC)) in addition to behavioural and response parameters (shelter preference and time spent resting/roaming) over 24 h periods. EMF strengths of 250 mu T were found to have limited physiological and behavioural impacts. Exposure to 500 mu T and 1000 mu T were found to disrupt the L-Lactate and D-Glucose circadian rhythm and alter THC. Crabs showed a clear attraction to EMF exposed (500 mu T and 1000 mu T) shelters with a significant reduction in time spent roaming. Consequently, EMF emitted from MREDs will likely affect crabs in a strength-dependent manner thus highlighting the need for reliable in-situ measurements. This information is essential for policy making, environmental assessments, and in understanding the impacts of increased anthropogenic EMF on marine organisms.","JOURNAL OF MARINE SCIENCE AND ENGINEERING","journalArticle","RENEWABLE ENERGY; CANCER PAGURUS; CIRCADIAN RHYTHM; CRUSTACEAN HYPERGLYCEMIC HORMONE; D-GLUCOSE; DECAPOD CRUSTACEANS; EDIBLE CRAB; ELECTROMAGNETIC FIELD; ENVIRONMENTAL STRESSOR; FIDDLER-CRAB; HAEMOLYMPH PARAMETERS; HEMOCYTES; HEMOLYMPH; HOMARUS-AMERICANUS; L-LACTATE; LOBSTER; STATIC MAGNETIC-FIELDS; STRESS; WINDFARM","2077-1312","10.3390/jmse9070776",NA,"7",9,"CARLIER Antoine","carlier","Benthic macro-invertebrates ",NA,"Input of other forms of energy",NA,"yes",6,"Cancer pagurus","NS","NA","adult","other","""Intermoult crabs were collected from Berwickshire Marine Reserve (St Abbs, Berwickshire, UK) by local fishermen for experimentation""","yes","not specified","not specified","sensitivity suspected","""The sensory mechanisms involved in magneto-detection in C. pagurus is unknown, however, the leading theory behind EMF detection in crustaceans is magnetite magnetoreception. Magnetite (Fe3O4), a mineral found in the tissues of many organisms including crustaceans [30,31], reorientates during exposure to magnetic fields which subsequently acts upon secondary sensors""","NS","NS","NA","NS","NA","NS","NA","NS","1E-3","NS","NA","NA","13","""Temperature and dissolved oxygen were constantly measured via data loggers (Onset HOBO temperature pendant) and a multiprobe (YSI ProDSS) and kept constant at 13  0.2 C and >98% respectively.""","NA","NA","NA","NS","NA","0","24","hours","1","ponctual","NS","NS","water-sediment interface","""Studies have shown that, given the life cycle and behavioural patterns of this species, they are highly likely to experience subsea power cables, either by attraction to EMF [13] or by the creation of scour protection zones around turbine bases, which may subsequently act as artificial reefs""","NS","NA","no","yes","""The impacts of increased EMF exposure can be determined on a number of individuals but determining the impacts on a population level is considerably more difficult. The key link in determining population wide impacts is the development and recruitment of juveniles into the ecological system. The impacts of EMF exposure on brooding females and the subsequent impact on the larvae are currently unknown and needs to be addressed to accurately determine population level impacts. With the addition of scour protection zones aiming to increase biodiversity [26,28], and the plan to co-locate aquaculture around windfarm sites [4,68], there is a clear need to consider the impacts of EMF emissions on benthic species around these sites.""","cellular","NA","quantitative","fitness","haemocyte/coelomocytes","cell x 10e6 /mL","no impact/negligible","no","unknown","Fig 4","direct","NA","NA","NA","NA","NA","NA","NA","NA","NA","4","10","YES","Unsure",NA,NA,"RHI8WVZB","EPPI-Reviewer ID: 97355693","Scott (2021)","Scott K; Harsanyi P; Easton BAA; Piper AJR; Rochas CMV; Lyndon AR",2021,"Exposure to Electromagnetic Fields (EMF) from Submarine Power Cables Can Trigger Strength-Dependent Behavioural and Physiological Responses in Edible Crab, Cancer pagurus (L.)","The current study investigated the effects of different strength Electromagnetic Field (EMF) exposure (250 mu T, 500 mu T, 1000 mu T) on the commercially important decapod, edible crab (Cancer pagurus, Linnaeus, 1758). Stress related parameters were measured (L-Lactate, D-Glucose, Total Haemocyte Count (THC)) in addition to behavioural and response parameters (shelter preference and time spent resting/roaming) over 24 h periods. EMF strengths of 250 mu T were found to have limited physiological and behavioural impacts. Exposure to 500 mu T and 1000 mu T were found to disrupt the L-Lactate and D-Glucose circadian rhythm and alter THC. Crabs showed a clear attraction to EMF exposed (500 mu T and 1000 mu T) shelters with a significant reduction in time spent roaming. Consequently, EMF emitted from MREDs will likely affect crabs in a strength-dependent manner thus highlighting the need for reliable in-situ measurements. This information is essential for policy making, environmental assessments, and in understanding the impacts of increased anthropogenic EMF on marine organisms.","JOURNAL OF MARINE SCIENCE AND ENGINEERING","journalArticle","RENEWABLE ENERGY; CANCER PAGURUS; CIRCADIAN RHYTHM; CRUSTACEAN HYPERGLYCEMIC HORMONE; D-GLUCOSE; DECAPOD CRUSTACEANS; EDIBLE CRAB; ELECTROMAGNETIC FIELD; ENVIRONMENTAL STRESSOR; FIDDLER-CRAB; HAEMOLYMPH PARAMETERS; HEMOCYTES; HEMOLYMPH; HOMARUS-AMERICANUS; L-LACTATE; LOBSTER; STATIC MAGNETIC-FIELDS; STRESS; WINDFARM",NA,"2077-1312","10.3390/jmse9070776",NA,"","7","9","CARLIER Antoine","","","","","carlier","","","","","","","","Article","No - Continue","No - Continue","No - Continue","Benthic macro-invertebrates ","","Cancer pagurus","Edible crab",NA,NA,NA,NA,NA,"No",0,"Physical","","Input of other forms of energy","","No",NA,NA,NA,NA,"No",NA,NA,NA,"Yes",NA,NA,"Mixed-Effect",NA,NA,"Effect",NA,NA,"No",NA,NA,NA,NA,"No",NA,NA,NA,"No",NA,NA,"No",NA,"0","Figs 2, 3, 4, 5","No","No","No","Yes","No","No","No","No","No","No","Yes","No","No","No","No","No","No","No","No","Yes","No","No",NA,NA,NA,NA,NA,NA,NA,NA,NA,"UK","54.634065, -2.353032","NORTH SEA",NA,"56.447465, 3.451353",2019,2019,0.1666,"2",NA,"No","No","Yes","No","No","No",NA,"Yes","Unsure","Unsure","No","","No","","Unsure","","Inlcuded",98,1,1,NA,NA,NA,NA,NA,NA,NA,NA,NA,NA,NA,NA,NA,NA,NA,NA,NA,NA,NA,NA,NA,"merged"
"473","RHI8WVZB","EPPI-Reviewer ID: 97355693","Scott (2021)","Scott K; Harsanyi P; Easton BAA; Piper AJR; Rochas CMV; Lyndon AR",2021,"Exposure to Electromagnetic Fields (EMF) from Submarine Power Cables Can Trigger Strength-Dependent Behavioural and Physiological Responses in Edible Crab, Cancer pagurus (L.)","The current study investigated the effects of different strength Electromagnetic Field (EMF) exposure (250 mu T, 500 mu T, 1000 mu T) on the commercially important decapod, edible crab (Cancer pagurus, Linnaeus, 1758). Stress related parameters were measured (L-Lactate, D-Glucose, Total Haemocyte Count (THC)) in addition to behavioural and response parameters (shelter preference and time spent resting/roaming) over 24 h periods. EMF strengths of 250 mu T were found to have limited physiological and behavioural impacts. Exposure to 500 mu T and 1000 mu T were found to disrupt the L-Lactate and D-Glucose circadian rhythm and alter THC. Crabs showed a clear attraction to EMF exposed (500 mu T and 1000 mu T) shelters with a significant reduction in time spent roaming. Consequently, EMF emitted from MREDs will likely affect crabs in a strength-dependent manner thus highlighting the need for reliable in-situ measurements. This information is essential for policy making, environmental assessments, and in understanding the impacts of increased anthropogenic EMF on marine organisms.","JOURNAL OF MARINE SCIENCE AND ENGINEERING","journalArticle","RENEWABLE ENERGY; CANCER PAGURUS; CIRCADIAN RHYTHM; CRUSTACEAN HYPERGLYCEMIC HORMONE; D-GLUCOSE; DECAPOD CRUSTACEANS; EDIBLE CRAB; ELECTROMAGNETIC FIELD; ENVIRONMENTAL STRESSOR; FIDDLER-CRAB; HAEMOLYMPH PARAMETERS; HEMOCYTES; HEMOLYMPH; HOMARUS-AMERICANUS; L-LACTATE; LOBSTER; STATIC MAGNETIC-FIELDS; STRESS; WINDFARM","2077-1312","10.3390/jmse9070776",NA,"7",9,"CARLIER Antoine","carlier","Benthic macro-invertebrates ",NA,"Input of other forms of energy",NA,"yes",7,"Cancer pagurus","NS","NA","adult","other","""Intermoult crabs were collected from Berwickshire Marine Reserve (St Abbs, Berwickshire, UK) by local fishermen for experimentation""","yes","not specified","not specified","sensitivity suspected","""The sensory mechanisms involved in magneto-detection in C. pagurus is unknown, however, the leading theory behind EMF detection in crustaceans is magnetite magnetoreception. Magnetite (Fe3O4), a mineral found in the tissues of many organisms including crustaceans [30,31], reorientates during exposure to magnetic fields which subsequently acts upon secondary sensors""","NS","NS","NA","NS","NA","NS","NA","NS","2.5000000000000001E-4","NS","NA","NA","13","""Temperature and dissolved oxygen were constantly measured via data loggers (Onset HOBO temperature pendant) and a multiprobe (YSI ProDSS) and kept constant at 13  0.2 C and >98% respectively.""","NA","NA","NA","NS","NA","0","24","hours","1","ponctual","NS","NS","water-sediment interface","""Studies have shown that, given the life cycle and behavioural patterns of this species, they are highly likely to experience subsea power cables, either by attraction to EMF [13] or by the creation of scour protection zones around turbine bases, which may subsequently act as artificial reefs""","NS","NA","no","yes","""The impacts of increased EMF exposure can be determined on a number of individuals but determining the impacts on a population level is considerably more difficult. The key link in determining population wide impacts is the development and recruitment of juveniles into the ecological system. The impacts of EMF exposure on brooding females and the subsequent impact on the larvae are currently unknown and needs to be addressed to accurately determine population level impacts. With the addition of scour protection zones aiming to increase biodiversity [26,28], and the plan to co-locate aquaculture around windfarm sites [4,68], there is a clear need to consider the impacts of EMF emissions on benthic species around these sites.""","molecular","NA","quantitative","fitness","haemolymph D-glucose concentration","mM","no impact/negligible","no","reversible","Fig 2; ""D-Glucose concentrations had returned to initial levels after 24 h in all samples, resulting in no significant difference from 0 h.""","direct","NA","NA","NA","NA","NA","NA","NA","NA","NA","4","10","YES","Unsure",NA,NA,"RHI8WVZB","EPPI-Reviewer ID: 97355693","Scott (2021)","Scott K; Harsanyi P; Easton BAA; Piper AJR; Rochas CMV; Lyndon AR",2021,"Exposure to Electromagnetic Fields (EMF) from Submarine Power Cables Can Trigger Strength-Dependent Behavioural and Physiological Responses in Edible Crab, Cancer pagurus (L.)","The current study investigated the effects of different strength Electromagnetic Field (EMF) exposure (250 mu T, 500 mu T, 1000 mu T) on the commercially important decapod, edible crab (Cancer pagurus, Linnaeus, 1758). Stress related parameters were measured (L-Lactate, D-Glucose, Total Haemocyte Count (THC)) in addition to behavioural and response parameters (shelter preference and time spent resting/roaming) over 24 h periods. EMF strengths of 250 mu T were found to have limited physiological and behavioural impacts. Exposure to 500 mu T and 1000 mu T were found to disrupt the L-Lactate and D-Glucose circadian rhythm and alter THC. Crabs showed a clear attraction to EMF exposed (500 mu T and 1000 mu T) shelters with a significant reduction in time spent roaming. Consequently, EMF emitted from MREDs will likely affect crabs in a strength-dependent manner thus highlighting the need for reliable in-situ measurements. This information is essential for policy making, environmental assessments, and in understanding the impacts of increased anthropogenic EMF on marine organisms.","JOURNAL OF MARINE SCIENCE AND ENGINEERING","journalArticle","RENEWABLE ENERGY; CANCER PAGURUS; CIRCADIAN RHYTHM; CRUSTACEAN HYPERGLYCEMIC HORMONE; D-GLUCOSE; DECAPOD CRUSTACEANS; EDIBLE CRAB; ELECTROMAGNETIC FIELD; ENVIRONMENTAL STRESSOR; FIDDLER-CRAB; HAEMOLYMPH PARAMETERS; HEMOCYTES; HEMOLYMPH; HOMARUS-AMERICANUS; L-LACTATE; LOBSTER; STATIC MAGNETIC-FIELDS; STRESS; WINDFARM",NA,"2077-1312","10.3390/jmse9070776",NA,"","7","9","CARLIER Antoine","","","","","carlier","","","","","","","","Article","No - Continue","No - Continue","No - Continue","Benthic macro-invertebrates ","","Cancer pagurus","Edible crab",NA,NA,NA,NA,NA,"No",0,"Physical","","Input of other forms of energy","","No",NA,NA,NA,NA,"No",NA,NA,NA,"Yes",NA,NA,"Mixed-Effect",NA,NA,"Effect",NA,NA,"No",NA,NA,NA,NA,"No",NA,NA,NA,"No",NA,NA,"No",NA,"0","Figs 2, 3, 4, 5","No","No","No","Yes","No","No","No","No","No","No","Yes","No","No","No","No","No","No","No","No","Yes","No","No",NA,NA,NA,NA,NA,NA,NA,NA,NA,"UK","54.634065, -2.353032","NORTH SEA",NA,"56.447465, 3.451353",2019,2019,0.1666,"2",NA,"No","No","Yes","No","No","No",NA,"Yes","Unsure","Unsure","No","","No","","Unsure","","Inlcuded",99,1,1,NA,NA,NA,NA,NA,NA,NA,NA,NA,NA,NA,NA,NA,NA,NA,NA,NA,NA,NA,NA,NA,"merged"
"473","RHI8WVZB","EPPI-Reviewer ID: 97355693","Scott (2021)","Scott K; Harsanyi P; Easton BAA; Piper AJR; Rochas CMV; Lyndon AR",2021,"Exposure to Electromagnetic Fields (EMF) from Submarine Power Cables Can Trigger Strength-Dependent Behavioural and Physiological Responses in Edible Crab, Cancer pagurus (L.)","The current study investigated the effects of different strength Electromagnetic Field (EMF) exposure (250 mu T, 500 mu T, 1000 mu T) on the commercially important decapod, edible crab (Cancer pagurus, Linnaeus, 1758). Stress related parameters were measured (L-Lactate, D-Glucose, Total Haemocyte Count (THC)) in addition to behavioural and response parameters (shelter preference and time spent resting/roaming) over 24 h periods. EMF strengths of 250 mu T were found to have limited physiological and behavioural impacts. Exposure to 500 mu T and 1000 mu T were found to disrupt the L-Lactate and D-Glucose circadian rhythm and alter THC. Crabs showed a clear attraction to EMF exposed (500 mu T and 1000 mu T) shelters with a significant reduction in time spent roaming. Consequently, EMF emitted from MREDs will likely affect crabs in a strength-dependent manner thus highlighting the need for reliable in-situ measurements. This information is essential for policy making, environmental assessments, and in understanding the impacts of increased anthropogenic EMF on marine organisms.","JOURNAL OF MARINE SCIENCE AND ENGINEERING","journalArticle","RENEWABLE ENERGY; CANCER PAGURUS; CIRCADIAN RHYTHM; CRUSTACEAN HYPERGLYCEMIC HORMONE; D-GLUCOSE; DECAPOD CRUSTACEANS; EDIBLE CRAB; ELECTROMAGNETIC FIELD; ENVIRONMENTAL STRESSOR; FIDDLER-CRAB; HAEMOLYMPH PARAMETERS; HEMOCYTES; HEMOLYMPH; HOMARUS-AMERICANUS; L-LACTATE; LOBSTER; STATIC MAGNETIC-FIELDS; STRESS; WINDFARM","2077-1312","10.3390/jmse9070776",NA,"7",9,"CARLIER Antoine","carlier","Benthic macro-invertebrates ",NA,"Input of other forms of energy",NA,"yes",8,"Cancer pagurus","NS","NA","adult","other","""Intermoult crabs were collected from Berwickshire Marine Reserve (St Abbs, Berwickshire, UK) by local fishermen for experimentation""","yes","not specified","not specified","sensitivity suspected","""The sensory mechanisms involved in magneto-detection in C. pagurus is unknown, however, the leading theory behind EMF detection in crustaceans is magnetite magnetoreception. Magnetite (Fe3O4), a mineral found in the tissues of many organisms including crustaceans [30,31], reorientates during exposure to magnetic fields which subsequently acts upon secondary sensors""","NS","NS","NA","NS","NA","NS","NA","NS","5.0000000000000001E-4","NS","NA","NA","13","""Temperature and dissolved oxygen were constantly measured via data loggers (Onset HOBO temperature pendant) and a multiprobe (YSI ProDSS) and kept constant at 13  0.2 C and >98% respectively.""","NA","NA","NA","NS","NA","0","24","hours","1","ponctual","NS","NS","water-sediment interface","""Studies have shown that, given the life cycle and behavioural patterns of this species, they are highly likely to experience subsea power cables, either by attraction to EMF [13] or by the creation of scour protection zones around turbine bases, which may subsequently act as artificial reefs""","NS","NA","no","yes","""The impacts of increased EMF exposure can be determined on a number of individuals but determining the impacts on a population level is considerably more difficult. The key link in determining population wide impacts is the development and recruitment of juveniles into the ecological system. The impacts of EMF exposure on brooding females and the subsequent impact on the larvae are currently unknown and needs to be addressed to accurately determine population level impacts. With the addition of scour protection zones aiming to increase biodiversity [26,28], and the plan to co-locate aquaculture around windfarm sites [4,68], there is a clear need to consider the impacts of EMF emissions on benthic species around these sites.""","molecular","NA","quantitative","fitness","haemolymph D-glucose concentration","mM","no impact/negligible","no","reversible","Fig 2; ""D-Glucose concentrations had returned to initial levels after 24 h in all samples, resulting in no significant difference from 0 h.""","direct","NA","NA","NA","NA","NA","NA","NA","NA","NA","4","10","YES","Unsure","Impact transitory, i.e. observed at 4h and 8h only, not at 24h.",NA,"RHI8WVZB","EPPI-Reviewer ID: 97355693","Scott (2021)","Scott K; Harsanyi P; Easton BAA; Piper AJR; Rochas CMV; Lyndon AR",2021,"Exposure to Electromagnetic Fields (EMF) from Submarine Power Cables Can Trigger Strength-Dependent Behavioural and Physiological Responses in Edible Crab, Cancer pagurus (L.)","The current study investigated the effects of different strength Electromagnetic Field (EMF) exposure (250 mu T, 500 mu T, 1000 mu T) on the commercially important decapod, edible crab (Cancer pagurus, Linnaeus, 1758). Stress related parameters were measured (L-Lactate, D-Glucose, Total Haemocyte Count (THC)) in addition to behavioural and response parameters (shelter preference and time spent resting/roaming) over 24 h periods. EMF strengths of 250 mu T were found to have limited physiological and behavioural impacts. Exposure to 500 mu T and 1000 mu T were found to disrupt the L-Lactate and D-Glucose circadian rhythm and alter THC. Crabs showed a clear attraction to EMF exposed (500 mu T and 1000 mu T) shelters with a significant reduction in time spent roaming. Consequently, EMF emitted from MREDs will likely affect crabs in a strength-dependent manner thus highlighting the need for reliable in-situ measurements. This information is essential for policy making, environmental assessments, and in understanding the impacts of increased anthropogenic EMF on marine organisms.","JOURNAL OF MARINE SCIENCE AND ENGINEERING","journalArticle","RENEWABLE ENERGY; CANCER PAGURUS; CIRCADIAN RHYTHM; CRUSTACEAN HYPERGLYCEMIC HORMONE; D-GLUCOSE; DECAPOD CRUSTACEANS; EDIBLE CRAB; ELECTROMAGNETIC FIELD; ENVIRONMENTAL STRESSOR; FIDDLER-CRAB; HAEMOLYMPH PARAMETERS; HEMOCYTES; HEMOLYMPH; HOMARUS-AMERICANUS; L-LACTATE; LOBSTER; STATIC MAGNETIC-FIELDS; STRESS; WINDFARM",NA,"2077-1312","10.3390/jmse9070776",NA,"","7","9","CARLIER Antoine","","","","","carlier","","","","","","","","Article","No - Continue","No - Continue","No - Continue","Benthic macro-invertebrates ","","Cancer pagurus","Edible crab",NA,NA,NA,NA,NA,"No",0,"Physical","","Input of other forms of energy","","No",NA,NA,NA,NA,"No",NA,NA,NA,"Yes",NA,NA,"Mixed-Effect",NA,NA,"Effect",NA,NA,"No",NA,NA,NA,NA,"No",NA,NA,NA,"No",NA,NA,"No",NA,"0","Figs 2, 3, 4, 5","No","No","No","Yes","No","No","No","No","No","No","Yes","No","No","No","No","No","No","No","No","Yes","No","No",NA,NA,NA,NA,NA,NA,NA,NA,NA,"UK","54.634065, -2.353032","NORTH SEA",NA,"56.447465, 3.451353",2019,2019,0.1666,"2",NA,"No","No","Yes","No","No","No",NA,"Yes","Unsure","Unsure","No","","No","","Unsure","","Inlcuded",100,1,1,NA,NA,NA,NA,NA,NA,NA,NA,NA,NA,NA,NA,NA,NA,NA,NA,NA,NA,NA,NA,NA,"merged"
"473","RHI8WVZB","EPPI-Reviewer ID: 97355693","Scott (2021)","Scott K; Harsanyi P; Easton BAA; Piper AJR; Rochas CMV; Lyndon AR",2021,"Exposure to Electromagnetic Fields (EMF) from Submarine Power Cables Can Trigger Strength-Dependent Behavioural and Physiological Responses in Edible Crab, Cancer pagurus (L.)","The current study investigated the effects of different strength Electromagnetic Field (EMF) exposure (250 mu T, 500 mu T, 1000 mu T) on the commercially important decapod, edible crab (Cancer pagurus, Linnaeus, 1758). Stress related parameters were measured (L-Lactate, D-Glucose, Total Haemocyte Count (THC)) in addition to behavioural and response parameters (shelter preference and time spent resting/roaming) over 24 h periods. EMF strengths of 250 mu T were found to have limited physiological and behavioural impacts. Exposure to 500 mu T and 1000 mu T were found to disrupt the L-Lactate and D-Glucose circadian rhythm and alter THC. Crabs showed a clear attraction to EMF exposed (500 mu T and 1000 mu T) shelters with a significant reduction in time spent roaming. Consequently, EMF emitted from MREDs will likely affect crabs in a strength-dependent manner thus highlighting the need for reliable in-situ measurements. This information is essential for policy making, environmental assessments, and in understanding the impacts of increased anthropogenic EMF on marine organisms.","JOURNAL OF MARINE SCIENCE AND ENGINEERING","journalArticle","RENEWABLE ENERGY; CANCER PAGURUS; CIRCADIAN RHYTHM; CRUSTACEAN HYPERGLYCEMIC HORMONE; D-GLUCOSE; DECAPOD CRUSTACEANS; EDIBLE CRAB; ELECTROMAGNETIC FIELD; ENVIRONMENTAL STRESSOR; FIDDLER-CRAB; HAEMOLYMPH PARAMETERS; HEMOCYTES; HEMOLYMPH; HOMARUS-AMERICANUS; L-LACTATE; LOBSTER; STATIC MAGNETIC-FIELDS; STRESS; WINDFARM","2077-1312","10.3390/jmse9070776",NA,"7",9,"CARLIER Antoine","carlier","Benthic macro-invertebrates ",NA,"Input of other forms of energy",NA,"yes",9,"Cancer pagurus","NS","NA","adult","other","""Intermoult crabs were collected from Berwickshire Marine Reserve (St Abbs, Berwickshire, UK) by local fishermen for experimentation""","yes","not specified","not specified","sensitivity suspected","""The sensory mechanisms involved in magneto-detection in C. pagurus is unknown, however, the leading theory behind EMF detection in crustaceans is magnetite magnetoreception. Magnetite (Fe3O4), a mineral found in the tissues of many organisms including crustaceans [30,31], reorientates during exposure to magnetic fields which subsequently acts upon secondary sensors""","NS","NS","NA","NS","NA","NS","NA","NS","1E-3","NS","NA","NA","13","""Temperature and dissolved oxygen were constantly measured via data loggers (Onset HOBO temperature pendant) and a multiprobe (YSI ProDSS) and kept constant at 13  0.2 C and >98% respectively.""","NA","NA","NA","NS","NA","0","24","hours","1","ponctual","NS","NS","water-sediment interface","""Studies have shown that, given the life cycle and behavioural patterns of this species, they are highly likely to experience subsea power cables, either by attraction to EMF [13] or by the creation of scour protection zones around turbine bases, which may subsequently act as artificial reefs""","NS","NA","no","yes","""The impacts of increased EMF exposure can be determined on a number of individuals but determining the impacts on a population level is considerably more difficult. The key link in determining population wide impacts is the development and recruitment of juveniles into the ecological system. The impacts of EMF exposure on brooding females and the subsequent impact on the larvae are currently unknown and needs to be addressed to accurately determine population level impacts. With the addition of scour protection zones aiming to increase biodiversity [26,28], and the plan to co-locate aquaculture around windfarm sites [4,68], there is a clear need to consider the impacts of EMF emissions on benthic species around these sites.""","molecular","NA","quantitative","fitness","haemolymph D-glucose concentration","mM","no impact/negligible","no","reversible","Fig 2; ""D-Glucose concentrations had returned to initial levels after 24 h in all samples, resulting in no significant difference from 0 h.""","direct","NA","NA","NA","NA","NA","NA","NA","NA","NA","4","10","YES","Unsure","Impact transitory, i.e. observed at 4h and 8h only, not at 24h.",NA,"RHI8WVZB","EPPI-Reviewer ID: 97355693","Scott (2021)","Scott K; Harsanyi P; Easton BAA; Piper AJR; Rochas CMV; Lyndon AR",2021,"Exposure to Electromagnetic Fields (EMF) from Submarine Power Cables Can Trigger Strength-Dependent Behavioural and Physiological Responses in Edible Crab, Cancer pagurus (L.)","The current study investigated the effects of different strength Electromagnetic Field (EMF) exposure (250 mu T, 500 mu T, 1000 mu T) on the commercially important decapod, edible crab (Cancer pagurus, Linnaeus, 1758). Stress related parameters were measured (L-Lactate, D-Glucose, Total Haemocyte Count (THC)) in addition to behavioural and response parameters (shelter preference and time spent resting/roaming) over 24 h periods. EMF strengths of 250 mu T were found to have limited physiological and behavioural impacts. Exposure to 500 mu T and 1000 mu T were found to disrupt the L-Lactate and D-Glucose circadian rhythm and alter THC. Crabs showed a clear attraction to EMF exposed (500 mu T and 1000 mu T) shelters with a significant reduction in time spent roaming. Consequently, EMF emitted from MREDs will likely affect crabs in a strength-dependent manner thus highlighting the need for reliable in-situ measurements. This information is essential for policy making, environmental assessments, and in understanding the impacts of increased anthropogenic EMF on marine organisms.","JOURNAL OF MARINE SCIENCE AND ENGINEERING","journalArticle","RENEWABLE ENERGY; CANCER PAGURUS; CIRCADIAN RHYTHM; CRUSTACEAN HYPERGLYCEMIC HORMONE; D-GLUCOSE; DECAPOD CRUSTACEANS; EDIBLE CRAB; ELECTROMAGNETIC FIELD; ENVIRONMENTAL STRESSOR; FIDDLER-CRAB; HAEMOLYMPH PARAMETERS; HEMOCYTES; HEMOLYMPH; HOMARUS-AMERICANUS; L-LACTATE; LOBSTER; STATIC MAGNETIC-FIELDS; STRESS; WINDFARM",NA,"2077-1312","10.3390/jmse9070776",NA,"","7","9","CARLIER Antoine","","","","","carlier","","","","","","","","Article","No - Continue","No - Continue","No - Continue","Benthic macro-invertebrates ","","Cancer pagurus","Edible crab",NA,NA,NA,NA,NA,"No",0,"Physical","","Input of other forms of energy","","No",NA,NA,NA,NA,"No",NA,NA,NA,"Yes",NA,NA,"Mixed-Effect",NA,NA,"Effect",NA,NA,"No",NA,NA,NA,NA,"No",NA,NA,NA,"No",NA,NA,"No",NA,"0","Figs 2, 3, 4, 5","No","No","No","Yes","No","No","No","No","No","No","Yes","No","No","No","No","No","No","No","No","Yes","No","No",NA,NA,NA,NA,NA,NA,NA,NA,NA,"UK","54.634065, -2.353032","NORTH SEA",NA,"56.447465, 3.451353",2019,2019,0.1666,"2",NA,"No","No","Yes","No","No","No",NA,"Yes","Unsure","Unsure","No","","No","","Unsure","","Inlcuded",101,1,1,NA,NA,NA,NA,NA,NA,NA,NA,NA,NA,NA,NA,NA,NA,NA,NA,NA,NA,NA,NA,NA,"merged"
"473","RHI8WVZB","EPPI-Reviewer ID: 97355693","Scott (2021)","Scott K; Harsanyi P; Easton BAA; Piper AJR; Rochas CMV; Lyndon AR",2021,"Exposure to Electromagnetic Fields (EMF) from Submarine Power Cables Can Trigger Strength-Dependent Behavioural and Physiological Responses in Edible Crab, Cancer pagurus (L.)","The current study investigated the effects of different strength Electromagnetic Field (EMF) exposure (250 mu T, 500 mu T, 1000 mu T) on the commercially important decapod, edible crab (Cancer pagurus, Linnaeus, 1758). Stress related parameters were measured (L-Lactate, D-Glucose, Total Haemocyte Count (THC)) in addition to behavioural and response parameters (shelter preference and time spent resting/roaming) over 24 h periods. EMF strengths of 250 mu T were found to have limited physiological and behavioural impacts. Exposure to 500 mu T and 1000 mu T were found to disrupt the L-Lactate and D-Glucose circadian rhythm and alter THC. Crabs showed a clear attraction to EMF exposed (500 mu T and 1000 mu T) shelters with a significant reduction in time spent roaming. Consequently, EMF emitted from MREDs will likely affect crabs in a strength-dependent manner thus highlighting the need for reliable in-situ measurements. This information is essential for policy making, environmental assessments, and in understanding the impacts of increased anthropogenic EMF on marine organisms.","JOURNAL OF MARINE SCIENCE AND ENGINEERING","journalArticle","RENEWABLE ENERGY; CANCER PAGURUS; CIRCADIAN RHYTHM; CRUSTACEAN HYPERGLYCEMIC HORMONE; D-GLUCOSE; DECAPOD CRUSTACEANS; EDIBLE CRAB; ELECTROMAGNETIC FIELD; ENVIRONMENTAL STRESSOR; FIDDLER-CRAB; HAEMOLYMPH PARAMETERS; HEMOCYTES; HEMOLYMPH; HOMARUS-AMERICANUS; L-LACTATE; LOBSTER; STATIC MAGNETIC-FIELDS; STRESS; WINDFARM","2077-1312","10.3390/jmse9070776",NA,"7",9,"CARLIER Antoine","carlier","Benthic macro-invertebrates ",NA,"Input of other forms of energy",NA,"yes",10,"Cancer pagurus","NS","NA","adult","other","""Intermoult crabs were collected from Berwickshire Marine Reserve (St Abbs, Berwickshire, UK) by local fishermen for experimentation""","yes","not specified","not specified","sensitivity suspected","""The sensory mechanisms involved in magneto-detection in C. pagurus is unknown, however, the leading theory behind EMF detection in crustaceans is magnetite magnetoreception. Magnetite (Fe3O4), a mineral found in the tissues of many organisms including crustaceans [30,31], reorientates during exposure to magnetic fields which subsequently acts upon secondary sensors""","NS","NS","NA","NS","NA","NS","NA","NS","2.5000000000000001E-4","NS","NA","NA","13","""Temperature and dissolved oxygen were constantly measured via data loggers (Onset HOBO temperature pendant) and a multiprobe (YSI ProDSS) and kept constant at 13  0.2 C and >98% respectively.""","NA","NA","NA","NS","NA","0","24","hours","1","ponctual","NS","NS","water-sediment interface","""Studies have shown that, given the life cycle and behavioural patterns of this species, they are highly likely to experience subsea power cables, either by attraction to EMF [13] or by the creation of scour protection zones around turbine bases, which may subsequently act as artificial reefs""","NS","NA","no","yes","""The impacts of increased EMF exposure can be determined on a number of individuals but determining the impacts on a population level is considerably more difficult. The key link in determining population wide impacts is the development and recruitment of juveniles into the ecological system. The impacts of EMF exposure on brooding females and the subsequent impact on the larvae are currently unknown and needs to be addressed to accurately determine population level impacts. With the addition of scour protection zones aiming to increase biodiversity [26,28], and the plan to co-locate aquaculture around windfarm sites [4,68], there is a clear need to consider the impacts of EMF emissions on benthic species around these sites.""","molecular","NA","quantitative","fitness","haemolymph L-lactate concentration","mM","no impact/negligible","no","irreversible","Fig 3","direct","NA","NA","NA","NA","NA","NA","NA","NA","NA","4","10","YES","Unsure",NA,NA,"RHI8WVZB","EPPI-Reviewer ID: 97355693","Scott (2021)","Scott K; Harsanyi P; Easton BAA; Piper AJR; Rochas CMV; Lyndon AR",2021,"Exposure to Electromagnetic Fields (EMF) from Submarine Power Cables Can Trigger Strength-Dependent Behavioural and Physiological Responses in Edible Crab, Cancer pagurus (L.)","The current study investigated the effects of different strength Electromagnetic Field (EMF) exposure (250 mu T, 500 mu T, 1000 mu T) on the commercially important decapod, edible crab (Cancer pagurus, Linnaeus, 1758). Stress related parameters were measured (L-Lactate, D-Glucose, Total Haemocyte Count (THC)) in addition to behavioural and response parameters (shelter preference and time spent resting/roaming) over 24 h periods. EMF strengths of 250 mu T were found to have limited physiological and behavioural impacts. Exposure to 500 mu T and 1000 mu T were found to disrupt the L-Lactate and D-Glucose circadian rhythm and alter THC. Crabs showed a clear attraction to EMF exposed (500 mu T and 1000 mu T) shelters with a significant reduction in time spent roaming. Consequently, EMF emitted from MREDs will likely affect crabs in a strength-dependent manner thus highlighting the need for reliable in-situ measurements. This information is essential for policy making, environmental assessments, and in understanding the impacts of increased anthropogenic EMF on marine organisms.","JOURNAL OF MARINE SCIENCE AND ENGINEERING","journalArticle","RENEWABLE ENERGY; CANCER PAGURUS; CIRCADIAN RHYTHM; CRUSTACEAN HYPERGLYCEMIC HORMONE; D-GLUCOSE; DECAPOD CRUSTACEANS; EDIBLE CRAB; ELECTROMAGNETIC FIELD; ENVIRONMENTAL STRESSOR; FIDDLER-CRAB; HAEMOLYMPH PARAMETERS; HEMOCYTES; HEMOLYMPH; HOMARUS-AMERICANUS; L-LACTATE; LOBSTER; STATIC MAGNETIC-FIELDS; STRESS; WINDFARM",NA,"2077-1312","10.3390/jmse9070776",NA,"","7","9","CARLIER Antoine","","","","","carlier","","","","","","","","Article","No - Continue","No - Continue","No - Continue","Benthic macro-invertebrates ","","Cancer pagurus","Edible crab",NA,NA,NA,NA,NA,"No",0,"Physical","","Input of other forms of energy","","No",NA,NA,NA,NA,"No",NA,NA,NA,"Yes",NA,NA,"Mixed-Effect",NA,NA,"Effect",NA,NA,"No",NA,NA,NA,NA,"No",NA,NA,NA,"No",NA,NA,"No",NA,"0","Figs 2, 3, 4, 5","No","No","No","Yes","No","No","No","No","No","No","Yes","No","No","No","No","No","No","No","No","Yes","No","No",NA,NA,NA,NA,NA,NA,NA,NA,NA,"UK","54.634065, -2.353032","NORTH SEA",NA,"56.447465, 3.451353",2019,2019,0.1666,"2",NA,"No","No","Yes","No","No","No",NA,"Yes","Unsure","Unsure","No","","No","","Unsure","","Inlcuded",102,1,1,NA,NA,NA,NA,NA,NA,NA,NA,NA,NA,NA,NA,NA,NA,NA,NA,NA,NA,NA,NA,NA,"merged"
"473","RHI8WVZB","EPPI-Reviewer ID: 97355693","Scott (2021)","Scott K; Harsanyi P; Easton BAA; Piper AJR; Rochas CMV; Lyndon AR",2021,"Exposure to Electromagnetic Fields (EMF) from Submarine Power Cables Can Trigger Strength-Dependent Behavioural and Physiological Responses in Edible Crab, Cancer pagurus (L.)","The current study investigated the effects of different strength Electromagnetic Field (EMF) exposure (250 mu T, 500 mu T, 1000 mu T) on the commercially important decapod, edible crab (Cancer pagurus, Linnaeus, 1758). Stress related parameters were measured (L-Lactate, D-Glucose, Total Haemocyte Count (THC)) in addition to behavioural and response parameters (shelter preference and time spent resting/roaming) over 24 h periods. EMF strengths of 250 mu T were found to have limited physiological and behavioural impacts. Exposure to 500 mu T and 1000 mu T were found to disrupt the L-Lactate and D-Glucose circadian rhythm and alter THC. Crabs showed a clear attraction to EMF exposed (500 mu T and 1000 mu T) shelters with a significant reduction in time spent roaming. Consequently, EMF emitted from MREDs will likely affect crabs in a strength-dependent manner thus highlighting the need for reliable in-situ measurements. This information is essential for policy making, environmental assessments, and in understanding the impacts of increased anthropogenic EMF on marine organisms.","JOURNAL OF MARINE SCIENCE AND ENGINEERING","journalArticle","RENEWABLE ENERGY; CANCER PAGURUS; CIRCADIAN RHYTHM; CRUSTACEAN HYPERGLYCEMIC HORMONE; D-GLUCOSE; DECAPOD CRUSTACEANS; EDIBLE CRAB; ELECTROMAGNETIC FIELD; ENVIRONMENTAL STRESSOR; FIDDLER-CRAB; HAEMOLYMPH PARAMETERS; HEMOCYTES; HEMOLYMPH; HOMARUS-AMERICANUS; L-LACTATE; LOBSTER; STATIC MAGNETIC-FIELDS; STRESS; WINDFARM","2077-1312","10.3390/jmse9070776",NA,"7",9,"CARLIER Antoine","carlier","Benthic macro-invertebrates ",NA,"Input of other forms of energy",NA,"yes",11,"Cancer pagurus","NS","NA","adult","other","""Intermoult crabs were collected from Berwickshire Marine Reserve (St Abbs, Berwickshire, UK) by local fishermen for experimentation""","yes","not specified","not specified","sensitivity suspected","""The sensory mechanisms involved in magneto-detection in C. pagurus is unknown, however, the leading theory behind EMF detection in crustaceans is magnetite magnetoreception. Magnetite (Fe3O4), a mineral found in the tissues of many organisms including crustaceans [30,31], reorientates during exposure to magnetic fields which subsequently acts upon secondary sensors""","NS","NS","NA","NS","NA","NS","NA","NS","5.0000000000000001E-4","NS","NA","NA","13","""Temperature and dissolved oxygen were constantly measured via data loggers (Onset HOBO temperature pendant) and a multiprobe (YSI ProDSS) and kept constant at 13  0.2 C and >98% respectively.""","NA","NA","NA","NS","NA","0","24","hours","1","ponctual","NS","NS","water-sediment interface","""Studies have shown that, given the life cycle and behavioural patterns of this species, they are highly likely to experience subsea power cables, either by attraction to EMF [13] or by the creation of scour protection zones around turbine bases, which may subsequently act as artificial reefs""","NS","NA","no","yes","""The impacts of increased EMF exposure can be determined on a number of individuals but determining the impacts on a population level is considerably more difficult. The key link in determining population wide impacts is the development and recruitment of juveniles into the ecological system. The impacts of EMF exposure on brooding females and the subsequent impact on the larvae are currently unknown and needs to be addressed to accurately determine population level impacts. With the addition of scour protection zones aiming to increase biodiversity [26,28], and the plan to co-locate aquaculture around windfarm sites [4,68], there is a clear need to consider the impacts of EMF emissions on benthic species around these sites.""","molecular","NA","quantitative","fitness","haemolymph L-lactate concentration","mM","decrease","yes","irreversible","Fig 3","direct","NA","NA","NA","NA","NA","NA","NA","NA","NA","4","10","YES","Unsure","impact transitory (decrease) only at 4h",NA,"RHI8WVZB","EPPI-Reviewer ID: 97355693","Scott (2021)","Scott K; Harsanyi P; Easton BAA; Piper AJR; Rochas CMV; Lyndon AR",2021,"Exposure to Electromagnetic Fields (EMF) from Submarine Power Cables Can Trigger Strength-Dependent Behavioural and Physiological Responses in Edible Crab, Cancer pagurus (L.)","The current study investigated the effects of different strength Electromagnetic Field (EMF) exposure (250 mu T, 500 mu T, 1000 mu T) on the commercially important decapod, edible crab (Cancer pagurus, Linnaeus, 1758). Stress related parameters were measured (L-Lactate, D-Glucose, Total Haemocyte Count (THC)) in addition to behavioural and response parameters (shelter preference and time spent resting/roaming) over 24 h periods. EMF strengths of 250 mu T were found to have limited physiological and behavioural impacts. Exposure to 500 mu T and 1000 mu T were found to disrupt the L-Lactate and D-Glucose circadian rhythm and alter THC. Crabs showed a clear attraction to EMF exposed (500 mu T and 1000 mu T) shelters with a significant reduction in time spent roaming. Consequently, EMF emitted from MREDs will likely affect crabs in a strength-dependent manner thus highlighting the need for reliable in-situ measurements. This information is essential for policy making, environmental assessments, and in understanding the impacts of increased anthropogenic EMF on marine organisms.","JOURNAL OF MARINE SCIENCE AND ENGINEERING","journalArticle","RENEWABLE ENERGY; CANCER PAGURUS; CIRCADIAN RHYTHM; CRUSTACEAN HYPERGLYCEMIC HORMONE; D-GLUCOSE; DECAPOD CRUSTACEANS; EDIBLE CRAB; ELECTROMAGNETIC FIELD; ENVIRONMENTAL STRESSOR; FIDDLER-CRAB; HAEMOLYMPH PARAMETERS; HEMOCYTES; HEMOLYMPH; HOMARUS-AMERICANUS; L-LACTATE; LOBSTER; STATIC MAGNETIC-FIELDS; STRESS; WINDFARM",NA,"2077-1312","10.3390/jmse9070776",NA,"","7","9","CARLIER Antoine","","","","","carlier","","","","","","","","Article","No - Continue","No - Continue","No - Continue","Benthic macro-invertebrates ","","Cancer pagurus","Edible crab",NA,NA,NA,NA,NA,"No",0,"Physical","","Input of other forms of energy","","No",NA,NA,NA,NA,"No",NA,NA,NA,"Yes",NA,NA,"Mixed-Effect",NA,NA,"Effect",NA,NA,"No",NA,NA,NA,NA,"No",NA,NA,NA,"No",NA,NA,"No",NA,"0","Figs 2, 3, 4, 5","No","No","No","Yes","No","No","No","No","No","No","Yes","No","No","No","No","No","No","No","No","Yes","No","No",NA,NA,NA,NA,NA,NA,NA,NA,NA,"UK","54.634065, -2.353032","NORTH SEA",NA,"56.447465, 3.451353",2019,2019,0.1666,"2",NA,"No","No","Yes","No","No","No",NA,"Yes","Unsure","Unsure","No","","No","","Unsure","","Inlcuded",103,1,1,NA,NA,NA,NA,NA,NA,NA,NA,NA,NA,NA,NA,NA,NA,NA,NA,NA,NA,NA,NA,NA,"merged"
"473","RHI8WVZB","EPPI-Reviewer ID: 97355693","Scott (2021)","Scott K; Harsanyi P; Easton BAA; Piper AJR; Rochas CMV; Lyndon AR",2021,"Exposure to Electromagnetic Fields (EMF) from Submarine Power Cables Can Trigger Strength-Dependent Behavioural and Physiological Responses in Edible Crab, Cancer pagurus (L.)","The current study investigated the effects of different strength Electromagnetic Field (EMF) exposure (250 mu T, 500 mu T, 1000 mu T) on the commercially important decapod, edible crab (Cancer pagurus, Linnaeus, 1758). Stress related parameters were measured (L-Lactate, D-Glucose, Total Haemocyte Count (THC)) in addition to behavioural and response parameters (shelter preference and time spent resting/roaming) over 24 h periods. EMF strengths of 250 mu T were found to have limited physiological and behavioural impacts. Exposure to 500 mu T and 1000 mu T were found to disrupt the L-Lactate and D-Glucose circadian rhythm and alter THC. Crabs showed a clear attraction to EMF exposed (500 mu T and 1000 mu T) shelters with a significant reduction in time spent roaming. Consequently, EMF emitted from MREDs will likely affect crabs in a strength-dependent manner thus highlighting the need for reliable in-situ measurements. This information is essential for policy making, environmental assessments, and in understanding the impacts of increased anthropogenic EMF on marine organisms.","JOURNAL OF MARINE SCIENCE AND ENGINEERING","journalArticle","RENEWABLE ENERGY; CANCER PAGURUS; CIRCADIAN RHYTHM; CRUSTACEAN HYPERGLYCEMIC HORMONE; D-GLUCOSE; DECAPOD CRUSTACEANS; EDIBLE CRAB; ELECTROMAGNETIC FIELD; ENVIRONMENTAL STRESSOR; FIDDLER-CRAB; HAEMOLYMPH PARAMETERS; HEMOCYTES; HEMOLYMPH; HOMARUS-AMERICANUS; L-LACTATE; LOBSTER; STATIC MAGNETIC-FIELDS; STRESS; WINDFARM","2077-1312","10.3390/jmse9070776",NA,"7",9,"CARLIER Antoine","carlier","Benthic macro-invertebrates ",NA,"Input of other forms of energy",NA,"yes",12,"Cancer pagurus","NS","NA","adult","other","""Intermoult crabs were collected from Berwickshire Marine Reserve (St Abbs, Berwickshire, UK) by local fishermen for experimentation""","yes","not specified","not specified","sensitivity suspected","""The sensory mechanisms involved in magneto-detection in C. pagurus is unknown, however, the leading theory behind EMF detection in crustaceans is magnetite magnetoreception. Magnetite (Fe3O4), a mineral found in the tissues of many organisms including crustaceans [30,31], reorientates during exposure to magnetic fields which subsequently acts upon secondary sensors""","NS","NS","NA","NS","NA","NS","NA","NS","1E-3","NS","NA","NA","13","""Temperature and dissolved oxygen were constantly measured via data loggers (Onset HOBO temperature pendant) and a multiprobe (YSI ProDSS) and kept constant at 13  0.2 C and >98% respectively.""","NA","NA","NA","NS","NA","0","24","hours","1","ponctual","NS","NS","water-sediment interface","""Studies have shown that, given the life cycle and behavioural patterns of this species, they are highly likely to experience subsea power cables, either by attraction to EMF [13] or by the creation of scour protection zones around turbine bases, which may subsequently act as artificial reefs""","NS","NA","no","yes","""The impacts of increased EMF exposure can be determined on a number of individuals but determining the impacts on a population level is considerably more difficult. The key link in determining population wide impacts is the development and recruitment of juveniles into the ecological system. The impacts of EMF exposure on brooding females and the subsequent impact on the larvae are currently unknown and needs to be addressed to accurately determine population level impacts. With the addition of scour protection zones aiming to increase biodiversity [26,28], and the plan to co-locate aquaculture around windfarm sites [4,68], there is a clear need to consider the impacts of EMF emissions on benthic species around these sites.""","molecular","NA","quantitative","fitness","haemolymph L-lactate concentration","mM","decrease","yes","irreversible","Fig 3","direct","NA","NA","NA","NA","NA","NA","NA","NA","NA","4","10","YES","Unsure","Impact constant from 0h to 24h",NA,"RHI8WVZB","EPPI-Reviewer ID: 97355693","Scott (2021)","Scott K; Harsanyi P; Easton BAA; Piper AJR; Rochas CMV; Lyndon AR",2021,"Exposure to Electromagnetic Fields (EMF) from Submarine Power Cables Can Trigger Strength-Dependent Behavioural and Physiological Responses in Edible Crab, Cancer pagurus (L.)","The current study investigated the effects of different strength Electromagnetic Field (EMF) exposure (250 mu T, 500 mu T, 1000 mu T) on the commercially important decapod, edible crab (Cancer pagurus, Linnaeus, 1758). Stress related parameters were measured (L-Lactate, D-Glucose, Total Haemocyte Count (THC)) in addition to behavioural and response parameters (shelter preference and time spent resting/roaming) over 24 h periods. EMF strengths of 250 mu T were found to have limited physiological and behavioural impacts. Exposure to 500 mu T and 1000 mu T were found to disrupt the L-Lactate and D-Glucose circadian rhythm and alter THC. Crabs showed a clear attraction to EMF exposed (500 mu T and 1000 mu T) shelters with a significant reduction in time spent roaming. Consequently, EMF emitted from MREDs will likely affect crabs in a strength-dependent manner thus highlighting the need for reliable in-situ measurements. This information is essential for policy making, environmental assessments, and in understanding the impacts of increased anthropogenic EMF on marine organisms.","JOURNAL OF MARINE SCIENCE AND ENGINEERING","journalArticle","RENEWABLE ENERGY; CANCER PAGURUS; CIRCADIAN RHYTHM; CRUSTACEAN HYPERGLYCEMIC HORMONE; D-GLUCOSE; DECAPOD CRUSTACEANS; EDIBLE CRAB; ELECTROMAGNETIC FIELD; ENVIRONMENTAL STRESSOR; FIDDLER-CRAB; HAEMOLYMPH PARAMETERS; HEMOCYTES; HEMOLYMPH; HOMARUS-AMERICANUS; L-LACTATE; LOBSTER; STATIC MAGNETIC-FIELDS; STRESS; WINDFARM",NA,"2077-1312","10.3390/jmse9070776",NA,"","7","9","CARLIER Antoine","","","","","carlier","","","","","","","","Article","No - Continue","No - Continue","No - Continue","Benthic macro-invertebrates ","","Cancer pagurus","Edible crab",NA,NA,NA,NA,NA,"No",0,"Physical","","Input of other forms of energy","","No",NA,NA,NA,NA,"No",NA,NA,NA,"Yes",NA,NA,"Mixed-Effect",NA,NA,"Effect",NA,NA,"No",NA,NA,NA,NA,"No",NA,NA,NA,"No",NA,NA,"No",NA,"0","Figs 2, 3, 4, 5","No","No","No","Yes","No","No","No","No","No","No","Yes","No","No","No","No","No","No","No","No","Yes","No","No",NA,NA,NA,NA,NA,NA,NA,NA,NA,"UK","54.634065, -2.353032","NORTH SEA",NA,"56.447465, 3.451353",2019,2019,0.1666,"2",NA,"No","No","Yes","No","No","No",NA,"Yes","Unsure","Unsure","No","","No","","Unsure","","Inlcuded",104,1,1,NA,NA,NA,NA,NA,NA,NA,NA,NA,NA,NA,NA,NA,NA,NA,NA,NA,NA,NA,NA,NA,"merged"
"513","DH3J5X49","EPPI-Reviewer ID: 97840235","Taormina (2020)","Taormina B; Di Poi C; Agnalt AL; Carlier A; Desroy N; Escobar-Lux RH; D'eu JF; Freytet F; Durif CMF",2020,"Impact of magnetic fields generated by AC/DC submarine power cables on the behavior of juvenile European lobster (<i>Homarus garnmarus</i>)","The number of submarine power cables using either direct or alternating current is expected to increase drastically in coming decades. Data concerning the impact of magnetic fields generated by these cables on marine invertebrates are scarce. In this context, the aim of this study was to explore the potential impact of anthropogenic static and time-varying magnetic fields on the behavior of recently settled juvenile European lobsters (Homarus gammarus) using two different behavioral assays. Day-light conditions were used to stimulate the sheltering behavior and facilitate the video tracking. We showed that juvenile lobsters did not exhibit any change of behavior when submitted to an artificial magnetic field gradient (maximum intensity of 200 mu T) compared to non-exposed lobsters in the ambient magnetic field. Additionally, no influence was noted on either the lobsters' ability to find shelter or modified their exploratory behavior after one week of exposure to anthropogenic magnetic fields (225 +/- 5 mu T) which remained similar to those observed in control individuals. It appears that static and time-varying anthropogenic magnetic fields, at these intensities, do not significantly impact the behavior of juvenile European lobsters in daylight conditions. Nevertheless, to form a complete picture for this biological model, further studies are needed on the other life stages as they may respond differently.","AQUATIC TOXICOLOGY","journalArticle","MORTALITY; POTENTIAL IMPACTS; ELECTROMAGNETIC-FIELDS; EXPOSURE; NAVIGATION; CRAB; ORIENTATION; Anthropogenic impact; ATLANTIC SPINY LOBSTER; Behavior; CANCER; Homarus gammarus; Magnetic field; Submarine power cable","1879-1514","10.1016/j.aquatox.2019.105401",NA,NA,220,"CARLIER Antoine","carlier","Benthic macro-invertebrates ",NA,"Input of other forms of energy",NA,"yes",1,"Homarus gammarus","NS","NA","juvenile","NS",NA,"yes","not specified","not specified","sensitivity suspected","p7 (conclusion): Furthermore, further knowledge on Homarus sp. physiological ability of magnetoreception and how this potential magneto-sense can evolve during its life is required.","AC","NS","NA","15","Volt","NS","NS","AC","2.3000000000000001E-4","NS","NS","NA","NA","NA","other","NS","NA","(30-70) lux","Fig2 caption","1.25","55","min","3.8194444444444448E-2","ponctual","continuous","variable","water-sediment interface",NA,"51","NA","no","no","NA","NA","attraction, repulsion","quantitative","spatial distribution","spatial distribution","%","no impact/negligible","no","NA","Fig 3","NA","NA","other","NA","NA","visible","NA","NA","NA","NA","30","1","YES","Yes","tested indices correlated in some way (velocity = distance/time to find a shelter)",NA,"DH3J5X49","EPPI-Reviewer ID: 97840235","Taormina (2020)","Taormina B; Di Poi C; Agnalt AL; Carlier A; Desroy N; Escobar-Lux RH; D'eu JF; Freytet F; Durif CMF",2020,"Impact of magnetic fields generated by AC/DC submarine power cables on the behavior of juvenile European lobster (<i>Homarus garnmarus</i>)","The number of submarine power cables using either direct or alternating current is expected to increase drastically in coming decades. Data concerning the impact of magnetic fields generated by these cables on marine invertebrates are scarce. In this context, the aim of this study was to explore the potential impact of anthropogenic static and time-varying magnetic fields on the behavior of recently settled juvenile European lobsters (Homarus gammarus) using two different behavioral assays. Day-light conditions were used to stimulate the sheltering behavior and facilitate the video tracking. We showed that juvenile lobsters did not exhibit any change of behavior when submitted to an artificial magnetic field gradient (maximum intensity of 200 mu T) compared to non-exposed lobsters in the ambient magnetic field. Additionally, no influence was noted on either the lobsters' ability to find shelter or modified their exploratory behavior after one week of exposure to anthropogenic magnetic fields (225 +/- 5 mu T) which remained similar to those observed in control individuals. It appears that static and time-varying anthropogenic magnetic fields, at these intensities, do not significantly impact the behavior of juvenile European lobsters in daylight conditions. Nevertheless, to form a complete picture for this biological model, further studies are needed on the other life stages as they may respond differently.","AQUATIC TOXICOLOGY","journalArticle","MORTALITY; POTENTIAL IMPACTS; ELECTROMAGNETIC-FIELDS; EXPOSURE; NAVIGATION; CRAB; ORIENTATION; Anthropogenic impact; ATLANTIC SPINY LOBSTER; Behavior; CANCER; Homarus gammarus; Magnetic field; Submarine power cable",NA,"1879-1514","10.1016/j.aquatox.2019.105401",NA,"","","220","CARLIER Antoine","","","","","carlier","","","","","","Reviewd by EP","","Article","No - Continue","No - Continue","No - Continue","Benthic macro-invertebrates ","","Homarus gammarus","Homard european",NA,NA,NA,NA,NA,"No",0,"Physical","","Input of other forms of energy","","No",NA,NA,NA,NA,"No",NA,NA,NA,"Yes","No-Effect",NA,NA,NA,NA,"No-Effect",NA,NA,"No",NA,NA,NA,NA,"No",NA,NA,NA,"No",NA,NA,"No",NA,"0","Conclusion: ""we showed that anthropogenic MF with realistic intensity values (around 200 μT), whether coming from DC or AC, did not impact juvenile European lobsters""","No","No","No","Yes","No","No","No","No","No","No","Yes","No","No","No","No","No","No","No","No","Yes","No","No",NA,NA,NA,NA,NA,NA,NA,NA,NA,"Norway","61.827932, 7.320914","Norwegian Sea",NA,"69.002027, 3.998004",2018,2018,0,"Less than 1 month",NA,"No","No","Yes","No","No","No",NA,"Yes","Unsure","No","No","","No","","No","","Inlcuded",105,1,1,NA,NA,NA,NA,NA,NA,NA,NA,NA,NA,NA,NA,NA,NA,NA,NA,NA,NA,NA,NA,NA,"merged"
"513","DH3J5X49","EPPI-Reviewer ID: 97840235","Taormina (2020)","Taormina B; Di Poi C; Agnalt AL; Carlier A; Desroy N; Escobar-Lux RH; D'eu JF; Freytet F; Durif CMF",2020,"Impact of magnetic fields generated by AC/DC submarine power cables on the behavior of juvenile European lobster (<i>Homarus garnmarus</i>)","The number of submarine power cables using either direct or alternating current is expected to increase drastically in coming decades. Data concerning the impact of magnetic fields generated by these cables on marine invertebrates are scarce. In this context, the aim of this study was to explore the potential impact of anthropogenic static and time-varying magnetic fields on the behavior of recently settled juvenile European lobsters (Homarus gammarus) using two different behavioral assays. Day-light conditions were used to stimulate the sheltering behavior and facilitate the video tracking. We showed that juvenile lobsters did not exhibit any change of behavior when submitted to an artificial magnetic field gradient (maximum intensity of 200 mu T) compared to non-exposed lobsters in the ambient magnetic field. Additionally, no influence was noted on either the lobsters' ability to find shelter or modified their exploratory behavior after one week of exposure to anthropogenic magnetic fields (225 +/- 5 mu T) which remained similar to those observed in control individuals. It appears that static and time-varying anthropogenic magnetic fields, at these intensities, do not significantly impact the behavior of juvenile European lobsters in daylight conditions. Nevertheless, to form a complete picture for this biological model, further studies are needed on the other life stages as they may respond differently.","AQUATIC TOXICOLOGY","journalArticle","MORTALITY; POTENTIAL IMPACTS; ELECTROMAGNETIC-FIELDS; EXPOSURE; NAVIGATION; CRAB; ORIENTATION; Anthropogenic impact; ATLANTIC SPINY LOBSTER; Behavior; CANCER; Homarus gammarus; Magnetic field; Submarine power cable","1879-1514","10.1016/j.aquatox.2019.105401",NA,NA,220,"CARLIER Antoine","carlier","Benthic macro-invertebrates ",NA,"Input of other forms of energy",NA,"yes",2,"Homarus gammarus","NS","NA","juvenile","NS",NA,"yes","not specified","not specified","sensitivity suspected","p7 (conclusion): Furthermore, further knowledge on Homarus sp. physiological ability of magnetoreception and how this potential magneto-sense can evolve during its life is required.","AC","NS","NA","15","Volt","NS","NS","AC","2.3000000000000001E-4","NS","NS","NA","NA","NA","other","NS","NA","(30-70) lux","Fig2 caption","1.25","55","min","3.8194444444444448E-2","ponctual","continuous","variable","water-sediment interface",NA,"51","NA","no","no","NA","NA","prostration","quantitative","activity","time spent in/to find a shelter","min","no impact/negligible","no","NA","""All treatments taken together, 87 % of the lobsters entered at least one of the shelters, the first entrance occurred on average 13.8 min after the beginning of the test. This time did not differ significantly between treatments (14.4 ± 2.7 min for Control; 14.4 ± 2.6 min for AC and 12.6 ± 2.7 min for DC; Kruskal-Wallis test P=0.96).""","NA","NA","other","NA","NA","visible","NA","NA","NA","NA","30","1","YES","Yes","tested indices correlated in some way (velocity = distance/time to find a shelter)",NA,"DH3J5X49","EPPI-Reviewer ID: 97840235","Taormina (2020)","Taormina B; Di Poi C; Agnalt AL; Carlier A; Desroy N; Escobar-Lux RH; D'eu JF; Freytet F; Durif CMF",2020,"Impact of magnetic fields generated by AC/DC submarine power cables on the behavior of juvenile European lobster (<i>Homarus garnmarus</i>)","The number of submarine power cables using either direct or alternating current is expected to increase drastically in coming decades. Data concerning the impact of magnetic fields generated by these cables on marine invertebrates are scarce. In this context, the aim of this study was to explore the potential impact of anthropogenic static and time-varying magnetic fields on the behavior of recently settled juvenile European lobsters (Homarus gammarus) using two different behavioral assays. Day-light conditions were used to stimulate the sheltering behavior and facilitate the video tracking. We showed that juvenile lobsters did not exhibit any change of behavior when submitted to an artificial magnetic field gradient (maximum intensity of 200 mu T) compared to non-exposed lobsters in the ambient magnetic field. Additionally, no influence was noted on either the lobsters' ability to find shelter or modified their exploratory behavior after one week of exposure to anthropogenic magnetic fields (225 +/- 5 mu T) which remained similar to those observed in control individuals. It appears that static and time-varying anthropogenic magnetic fields, at these intensities, do not significantly impact the behavior of juvenile European lobsters in daylight conditions. Nevertheless, to form a complete picture for this biological model, further studies are needed on the other life stages as they may respond differently.","AQUATIC TOXICOLOGY","journalArticle","MORTALITY; POTENTIAL IMPACTS; ELECTROMAGNETIC-FIELDS; EXPOSURE; NAVIGATION; CRAB; ORIENTATION; Anthropogenic impact; ATLANTIC SPINY LOBSTER; Behavior; CANCER; Homarus gammarus; Magnetic field; Submarine power cable",NA,"1879-1514","10.1016/j.aquatox.2019.105401",NA,"","","220","CARLIER Antoine","","","","","carlier","","","","","","Reviewd by EP","","Article","No - Continue","No - Continue","No - Continue","Benthic macro-invertebrates ","","Homarus gammarus","Homard european",NA,NA,NA,NA,NA,"No",0,"Physical","","Input of other forms of energy","","No",NA,NA,NA,NA,"No",NA,NA,NA,"Yes","No-Effect",NA,NA,NA,NA,"No-Effect",NA,NA,"No",NA,NA,NA,NA,"No",NA,NA,NA,"No",NA,NA,"No",NA,"0","Conclusion: ""we showed that anthropogenic MF with realistic intensity values (around 200 μT), whether coming from DC or AC, did not impact juvenile European lobsters""","No","No","No","Yes","No","No","No","No","No","No","Yes","No","No","No","No","No","No","No","No","Yes","No","No",NA,NA,NA,NA,NA,NA,NA,NA,NA,"Norway","61.827932, 7.320914","Norwegian Sea",NA,"69.002027, 3.998004",2018,2018,0,"Less than 1 month",NA,"No","No","Yes","No","No","No",NA,"Yes","Unsure","No","No","","No","","No","","Inlcuded",106,1,1,NA,NA,NA,NA,NA,NA,NA,NA,NA,NA,NA,NA,NA,NA,NA,NA,NA,NA,NA,NA,NA,"merged"
"513","DH3J5X49","EPPI-Reviewer ID: 97840235","Taormina (2020)","Taormina B; Di Poi C; Agnalt AL; Carlier A; Desroy N; Escobar-Lux RH; D'eu JF; Freytet F; Durif CMF",2020,"Impact of magnetic fields generated by AC/DC submarine power cables on the behavior of juvenile European lobster (<i>Homarus garnmarus</i>)","The number of submarine power cables using either direct or alternating current is expected to increase drastically in coming decades. Data concerning the impact of magnetic fields generated by these cables on marine invertebrates are scarce. In this context, the aim of this study was to explore the potential impact of anthropogenic static and time-varying magnetic fields on the behavior of recently settled juvenile European lobsters (Homarus gammarus) using two different behavioral assays. Day-light conditions were used to stimulate the sheltering behavior and facilitate the video tracking. We showed that juvenile lobsters did not exhibit any change of behavior when submitted to an artificial magnetic field gradient (maximum intensity of 200 mu T) compared to non-exposed lobsters in the ambient magnetic field. Additionally, no influence was noted on either the lobsters' ability to find shelter or modified their exploratory behavior after one week of exposure to anthropogenic magnetic fields (225 +/- 5 mu T) which remained similar to those observed in control individuals. It appears that static and time-varying anthropogenic magnetic fields, at these intensities, do not significantly impact the behavior of juvenile European lobsters in daylight conditions. Nevertheless, to form a complete picture for this biological model, further studies are needed on the other life stages as they may respond differently.","AQUATIC TOXICOLOGY","journalArticle","MORTALITY; POTENTIAL IMPACTS; ELECTROMAGNETIC-FIELDS; EXPOSURE; NAVIGATION; CRAB; ORIENTATION; Anthropogenic impact; ATLANTIC SPINY LOBSTER; Behavior; CANCER; Homarus gammarus; Magnetic field; Submarine power cable","1879-1514","10.1016/j.aquatox.2019.105401",NA,NA,220,"CARLIER Antoine","carlier","Benthic macro-invertebrates ",NA,"Input of other forms of energy",NA,"yes",3,"Homarus gammarus","NS","NA","juvenile","NS",NA,"yes","not specified","not specified","sensitivity suspected","p7 (conclusion): Furthermore, further knowledge on Homarus sp. physiological ability of magnetoreception and how this potential magneto-sense can evolve during its life is required.","AC","NS","NA","15","Volt","NS","NS","AC","2.3000000000000001E-4","NS","NS","NA","NA","NA","other","NS","NA","(30-70) lux","Fig2 caption","1.25","55","min","3.8194444444444448E-2","ponctual","continuous","variable","water-sediment interface",NA,"51","NA","no","no","NA","NA","prostration","quantitative","activity","activity ratio","% (time moved / total time)","no impact/negligible","no","NA","Table 1, Fig 4","NA","NA","other","NA","NA","visible","NA","NA","NA","NA","30","1","YES","Yes","tested indices correlated in some way (velocity = distance/time to find a shelter)",NA,"DH3J5X49","EPPI-Reviewer ID: 97840235","Taormina (2020)","Taormina B; Di Poi C; Agnalt AL; Carlier A; Desroy N; Escobar-Lux RH; D'eu JF; Freytet F; Durif CMF",2020,"Impact of magnetic fields generated by AC/DC submarine power cables on the behavior of juvenile European lobster (<i>Homarus garnmarus</i>)","The number of submarine power cables using either direct or alternating current is expected to increase drastically in coming decades. Data concerning the impact of magnetic fields generated by these cables on marine invertebrates are scarce. In this context, the aim of this study was to explore the potential impact of anthropogenic static and time-varying magnetic fields on the behavior of recently settled juvenile European lobsters (Homarus gammarus) using two different behavioral assays. Day-light conditions were used to stimulate the sheltering behavior and facilitate the video tracking. We showed that juvenile lobsters did not exhibit any change of behavior when submitted to an artificial magnetic field gradient (maximum intensity of 200 mu T) compared to non-exposed lobsters in the ambient magnetic field. Additionally, no influence was noted on either the lobsters' ability to find shelter or modified their exploratory behavior after one week of exposure to anthropogenic magnetic fields (225 +/- 5 mu T) which remained similar to those observed in control individuals. It appears that static and time-varying anthropogenic magnetic fields, at these intensities, do not significantly impact the behavior of juvenile European lobsters in daylight conditions. Nevertheless, to form a complete picture for this biological model, further studies are needed on the other life stages as they may respond differently.","AQUATIC TOXICOLOGY","journalArticle","MORTALITY; POTENTIAL IMPACTS; ELECTROMAGNETIC-FIELDS; EXPOSURE; NAVIGATION; CRAB; ORIENTATION; Anthropogenic impact; ATLANTIC SPINY LOBSTER; Behavior; CANCER; Homarus gammarus; Magnetic field; Submarine power cable",NA,"1879-1514","10.1016/j.aquatox.2019.105401",NA,"","","220","CARLIER Antoine","","","","","carlier","","","","","","Reviewd by EP","","Article","No - Continue","No - Continue","No - Continue","Benthic macro-invertebrates ","","Homarus gammarus","Homard european",NA,NA,NA,NA,NA,"No",0,"Physical","","Input of other forms of energy","","No",NA,NA,NA,NA,"No",NA,NA,NA,"Yes","No-Effect",NA,NA,NA,NA,"No-Effect",NA,NA,"No",NA,NA,NA,NA,"No",NA,NA,NA,"No",NA,NA,"No",NA,"0","Conclusion: ""we showed that anthropogenic MF with realistic intensity values (around 200 μT), whether coming from DC or AC, did not impact juvenile European lobsters""","No","No","No","Yes","No","No","No","No","No","No","Yes","No","No","No","No","No","No","No","No","Yes","No","No",NA,NA,NA,NA,NA,NA,NA,NA,NA,"Norway","61.827932, 7.320914","Norwegian Sea",NA,"69.002027, 3.998004",2018,2018,0,"Less than 1 month",NA,"No","No","Yes","No","No","No",NA,"Yes","Unsure","No","No","","No","","No","","Inlcuded",107,1,1,NA,NA,NA,NA,NA,NA,NA,NA,NA,NA,NA,NA,NA,NA,NA,NA,NA,NA,NA,NA,NA,"merged"
"513","DH3J5X49","EPPI-Reviewer ID: 97840235","Taormina (2020)","Taormina B; Di Poi C; Agnalt AL; Carlier A; Desroy N; Escobar-Lux RH; D'eu JF; Freytet F; Durif CMF",2020,"Impact of magnetic fields generated by AC/DC submarine power cables on the behavior of juvenile European lobster (<i>Homarus garnmarus</i>)","The number of submarine power cables using either direct or alternating current is expected to increase drastically in coming decades. Data concerning the impact of magnetic fields generated by these cables on marine invertebrates are scarce. In this context, the aim of this study was to explore the potential impact of anthropogenic static and time-varying magnetic fields on the behavior of recently settled juvenile European lobsters (Homarus gammarus) using two different behavioral assays. Day-light conditions were used to stimulate the sheltering behavior and facilitate the video tracking. We showed that juvenile lobsters did not exhibit any change of behavior when submitted to an artificial magnetic field gradient (maximum intensity of 200 mu T) compared to non-exposed lobsters in the ambient magnetic field. Additionally, no influence was noted on either the lobsters' ability to find shelter or modified their exploratory behavior after one week of exposure to anthropogenic magnetic fields (225 +/- 5 mu T) which remained similar to those observed in control individuals. It appears that static and time-varying anthropogenic magnetic fields, at these intensities, do not significantly impact the behavior of juvenile European lobsters in daylight conditions. Nevertheless, to form a complete picture for this biological model, further studies are needed on the other life stages as they may respond differently.","AQUATIC TOXICOLOGY","journalArticle","MORTALITY; POTENTIAL IMPACTS; ELECTROMAGNETIC-FIELDS; EXPOSURE; NAVIGATION; CRAB; ORIENTATION; Anthropogenic impact; ATLANTIC SPINY LOBSTER; Behavior; CANCER; Homarus gammarus; Magnetic field; Submarine power cable","1879-1514","10.1016/j.aquatox.2019.105401",NA,NA,220,"CARLIER Antoine","carlier","Benthic macro-invertebrates ",NA,"Input of other forms of energy",NA,"yes",4,"Homarus gammarus","NS","NA","juvenile","NS",NA,"yes","not specified","not specified","sensitivity suspected","p7 (conclusion): Furthermore, further knowledge on Homarus sp. physiological ability of magnetoreception and how this potential magneto-sense can evolve during its life is required.","AC","NS","NA","15","Volt","NS","NS","AC","2.3000000000000001E-4","NS","NS","NA","NA","NA","other","NS","NA","(30-70) lux","Fig2 caption","1.25","55","min","3.8194444444444448E-2","ponctual","continuous","variable","water-sediment interface",NA,"51","NA","no","no","NA","NA","prostration","quantitative","activity","distance travelled","CL","no impact/negligible","no","NA","Table 1, Fig 4","NA","NA","other","NA","NA","visible","NA","NA","NA","NA","30","1","YES","Yes","tested indices correlated in some way (velocity = distance/time to find a shelter)",NA,"DH3J5X49","EPPI-Reviewer ID: 97840235","Taormina (2020)","Taormina B; Di Poi C; Agnalt AL; Carlier A; Desroy N; Escobar-Lux RH; D'eu JF; Freytet F; Durif CMF",2020,"Impact of magnetic fields generated by AC/DC submarine power cables on the behavior of juvenile European lobster (<i>Homarus garnmarus</i>)","The number of submarine power cables using either direct or alternating current is expected to increase drastically in coming decades. Data concerning the impact of magnetic fields generated by these cables on marine invertebrates are scarce. In this context, the aim of this study was to explore the potential impact of anthropogenic static and time-varying magnetic fields on the behavior of recently settled juvenile European lobsters (Homarus gammarus) using two different behavioral assays. Day-light conditions were used to stimulate the sheltering behavior and facilitate the video tracking. We showed that juvenile lobsters did not exhibit any change of behavior when submitted to an artificial magnetic field gradient (maximum intensity of 200 mu T) compared to non-exposed lobsters in the ambient magnetic field. Additionally, no influence was noted on either the lobsters' ability to find shelter or modified their exploratory behavior after one week of exposure to anthropogenic magnetic fields (225 +/- 5 mu T) which remained similar to those observed in control individuals. It appears that static and time-varying anthropogenic magnetic fields, at these intensities, do not significantly impact the behavior of juvenile European lobsters in daylight conditions. Nevertheless, to form a complete picture for this biological model, further studies are needed on the other life stages as they may respond differently.","AQUATIC TOXICOLOGY","journalArticle","MORTALITY; POTENTIAL IMPACTS; ELECTROMAGNETIC-FIELDS; EXPOSURE; NAVIGATION; CRAB; ORIENTATION; Anthropogenic impact; ATLANTIC SPINY LOBSTER; Behavior; CANCER; Homarus gammarus; Magnetic field; Submarine power cable",NA,"1879-1514","10.1016/j.aquatox.2019.105401",NA,"","","220","CARLIER Antoine","","","","","carlier","","","","","","Reviewd by EP","","Article","No - Continue","No - Continue","No - Continue","Benthic macro-invertebrates ","","Homarus gammarus","Homard european",NA,NA,NA,NA,NA,"No",0,"Physical","","Input of other forms of energy","","No",NA,NA,NA,NA,"No",NA,NA,NA,"Yes","No-Effect",NA,NA,NA,NA,"No-Effect",NA,NA,"No",NA,NA,NA,NA,"No",NA,NA,NA,"No",NA,NA,"No",NA,"0","Conclusion: ""we showed that anthropogenic MF with realistic intensity values (around 200 μT), whether coming from DC or AC, did not impact juvenile European lobsters""","No","No","No","Yes","No","No","No","No","No","No","Yes","No","No","No","No","No","No","No","No","Yes","No","No",NA,NA,NA,NA,NA,NA,NA,NA,NA,"Norway","61.827932, 7.320914","Norwegian Sea",NA,"69.002027, 3.998004",2018,2018,0,"Less than 1 month",NA,"No","No","Yes","No","No","No",NA,"Yes","Unsure","No","No","","No","","No","","Inlcuded",108,1,1,NA,NA,NA,NA,NA,NA,NA,NA,NA,NA,NA,NA,NA,NA,NA,NA,NA,NA,NA,NA,NA,"merged"
"513","DH3J5X49","EPPI-Reviewer ID: 97840235","Taormina (2020)","Taormina B; Di Poi C; Agnalt AL; Carlier A; Desroy N; Escobar-Lux RH; D'eu JF; Freytet F; Durif CMF",2020,"Impact of magnetic fields generated by AC/DC submarine power cables on the behavior of juvenile European lobster (<i>Homarus garnmarus</i>)","The number of submarine power cables using either direct or alternating current is expected to increase drastically in coming decades. Data concerning the impact of magnetic fields generated by these cables on marine invertebrates are scarce. In this context, the aim of this study was to explore the potential impact of anthropogenic static and time-varying magnetic fields on the behavior of recently settled juvenile European lobsters (Homarus gammarus) using two different behavioral assays. Day-light conditions were used to stimulate the sheltering behavior and facilitate the video tracking. We showed that juvenile lobsters did not exhibit any change of behavior when submitted to an artificial magnetic field gradient (maximum intensity of 200 mu T) compared to non-exposed lobsters in the ambient magnetic field. Additionally, no influence was noted on either the lobsters' ability to find shelter or modified their exploratory behavior after one week of exposure to anthropogenic magnetic fields (225 +/- 5 mu T) which remained similar to those observed in control individuals. It appears that static and time-varying anthropogenic magnetic fields, at these intensities, do not significantly impact the behavior of juvenile European lobsters in daylight conditions. Nevertheless, to form a complete picture for this biological model, further studies are needed on the other life stages as they may respond differently.","AQUATIC TOXICOLOGY","journalArticle","MORTALITY; POTENTIAL IMPACTS; ELECTROMAGNETIC-FIELDS; EXPOSURE; NAVIGATION; CRAB; ORIENTATION; Anthropogenic impact; ATLANTIC SPINY LOBSTER; Behavior; CANCER; Homarus gammarus; Magnetic field; Submarine power cable","1879-1514","10.1016/j.aquatox.2019.105401",NA,NA,220,"CARLIER Antoine","carlier","Benthic macro-invertebrates ",NA,"Input of other forms of energy",NA,"yes",5,"Homarus gammarus","NS","NA","juvenile","NS",NA,"yes","not specified","not specified","sensitivity suspected","p7 (conclusion): Furthermore, further knowledge on Homarus sp. physiological ability of magnetoreception and how this potential magneto-sense can evolve during its life is required.","DC","NS","NA","15","Volt","NS","NS","DC","2.3000000000000001E-4","NS","NS","NA","NA","NA","other","NS","NA","(30-70) lux","Fig2 caption","1.25","55","min","3.8194444444444448E-2","ponctual","continuous","steady","water-sediment interface",NA,"51","NA","no","no","NA","NA","attraction, repulsion","quantitative","spatial distribution","spatial distribution","%","no impact/negligible","no","NA","Fig 3","NA","NA","other","NA","NA","visible","NA","NA","NA","NA","31","1","YES","Yes","tested indices correlated in some way (velocity = distance/time to find a shelter)",NA,"DH3J5X49","EPPI-Reviewer ID: 97840235","Taormina (2020)","Taormina B; Di Poi C; Agnalt AL; Carlier A; Desroy N; Escobar-Lux RH; D'eu JF; Freytet F; Durif CMF",2020,"Impact of magnetic fields generated by AC/DC submarine power cables on the behavior of juvenile European lobster (<i>Homarus garnmarus</i>)","The number of submarine power cables using either direct or alternating current is expected to increase drastically in coming decades. Data concerning the impact of magnetic fields generated by these cables on marine invertebrates are scarce. In this context, the aim of this study was to explore the potential impact of anthropogenic static and time-varying magnetic fields on the behavior of recently settled juvenile European lobsters (Homarus gammarus) using two different behavioral assays. Day-light conditions were used to stimulate the sheltering behavior and facilitate the video tracking. We showed that juvenile lobsters did not exhibit any change of behavior when submitted to an artificial magnetic field gradient (maximum intensity of 200 mu T) compared to non-exposed lobsters in the ambient magnetic field. Additionally, no influence was noted on either the lobsters' ability to find shelter or modified their exploratory behavior after one week of exposure to anthropogenic magnetic fields (225 +/- 5 mu T) which remained similar to those observed in control individuals. It appears that static and time-varying anthropogenic magnetic fields, at these intensities, do not significantly impact the behavior of juvenile European lobsters in daylight conditions. Nevertheless, to form a complete picture for this biological model, further studies are needed on the other life stages as they may respond differently.","AQUATIC TOXICOLOGY","journalArticle","MORTALITY; POTENTIAL IMPACTS; ELECTROMAGNETIC-FIELDS; EXPOSURE; NAVIGATION; CRAB; ORIENTATION; Anthropogenic impact; ATLANTIC SPINY LOBSTER; Behavior; CANCER; Homarus gammarus; Magnetic field; Submarine power cable",NA,"1879-1514","10.1016/j.aquatox.2019.105401",NA,"","","220","CARLIER Antoine","","","","","carlier","","","","","","Reviewd by EP","","Article","No - Continue","No - Continue","No - Continue","Benthic macro-invertebrates ","","Homarus gammarus","Homard european",NA,NA,NA,NA,NA,"No",0,"Physical","","Input of other forms of energy","","No",NA,NA,NA,NA,"No",NA,NA,NA,"Yes","No-Effect",NA,NA,NA,NA,"No-Effect",NA,NA,"No",NA,NA,NA,NA,"No",NA,NA,NA,"No",NA,NA,"No",NA,"0","Conclusion: ""we showed that anthropogenic MF with realistic intensity values (around 200 μT), whether coming from DC or AC, did not impact juvenile European lobsters""","No","No","No","Yes","No","No","No","No","No","No","Yes","No","No","No","No","No","No","No","No","Yes","No","No",NA,NA,NA,NA,NA,NA,NA,NA,NA,"Norway","61.827932, 7.320914","Norwegian Sea",NA,"69.002027, 3.998004",2018,2018,0,"Less than 1 month",NA,"No","No","Yes","No","No","No",NA,"Yes","Unsure","No","No","","No","","No","","Inlcuded",109,1,1,NA,NA,NA,NA,NA,NA,NA,NA,NA,NA,NA,NA,NA,NA,NA,NA,NA,NA,NA,NA,NA,"merged"
"513","DH3J5X49","EPPI-Reviewer ID: 97840235","Taormina (2020)","Taormina B; Di Poi C; Agnalt AL; Carlier A; Desroy N; Escobar-Lux RH; D'eu JF; Freytet F; Durif CMF",2020,"Impact of magnetic fields generated by AC/DC submarine power cables on the behavior of juvenile European lobster (<i>Homarus garnmarus</i>)","The number of submarine power cables using either direct or alternating current is expected to increase drastically in coming decades. Data concerning the impact of magnetic fields generated by these cables on marine invertebrates are scarce. In this context, the aim of this study was to explore the potential impact of anthropogenic static and time-varying magnetic fields on the behavior of recently settled juvenile European lobsters (Homarus gammarus) using two different behavioral assays. Day-light conditions were used to stimulate the sheltering behavior and facilitate the video tracking. We showed that juvenile lobsters did not exhibit any change of behavior when submitted to an artificial magnetic field gradient (maximum intensity of 200 mu T) compared to non-exposed lobsters in the ambient magnetic field. Additionally, no influence was noted on either the lobsters' ability to find shelter or modified their exploratory behavior after one week of exposure to anthropogenic magnetic fields (225 +/- 5 mu T) which remained similar to those observed in control individuals. It appears that static and time-varying anthropogenic magnetic fields, at these intensities, do not significantly impact the behavior of juvenile European lobsters in daylight conditions. Nevertheless, to form a complete picture for this biological model, further studies are needed on the other life stages as they may respond differently.","AQUATIC TOXICOLOGY","journalArticle","MORTALITY; POTENTIAL IMPACTS; ELECTROMAGNETIC-FIELDS; EXPOSURE; NAVIGATION; CRAB; ORIENTATION; Anthropogenic impact; ATLANTIC SPINY LOBSTER; Behavior; CANCER; Homarus gammarus; Magnetic field; Submarine power cable","1879-1514","10.1016/j.aquatox.2019.105401",NA,NA,220,"CARLIER Antoine","carlier","Benthic macro-invertebrates ",NA,"Input of other forms of energy",NA,"yes",6,"Homarus gammarus","NS","NA","juvenile","NS",NA,"yes","not specified","not specified","sensitivity suspected","p7 (conclusion): Furthermore, further knowledge on Homarus sp. physiological ability of magnetoreception and how this potential magneto-sense can evolve during its life is required.","DC","NS","NA","15","Volt","NS","NS","DC","2.3000000000000001E-4","NS","NS","NA","NA","NA","other","NS","NA","(30-70) lux","Fig2 caption","1.25","55","min","3.8194444444444448E-2","ponctual","continuous","steady","water-sediment interface",NA,"51","NA","no","no","NA","NA","prostration","quantitative","activity","time spent in/to find a shelter","min","no impact/negligible","no","NA","""All treatments taken together, 87 % of the lobsters entered at least one of the shelters, the first entrance occurred on average 13.8 min after the beginning of the test. This time did not differ significantly between treatments (14.4 ± 2.7 min for Control; 14.4 ± 2.6 min for AC and 12.6 ± 2.7 min for DC; Kruskal-Wallis test P=0.96).""","NA","NA","other","NA","NA","visible","NA","NA","NA","NA","31","1","YES","Yes","tested indices correlated in some way (velocity = distance/time to find a shelter)",NA,"DH3J5X49","EPPI-Reviewer ID: 97840235","Taormina (2020)","Taormina B; Di Poi C; Agnalt AL; Carlier A; Desroy N; Escobar-Lux RH; D'eu JF; Freytet F; Durif CMF",2020,"Impact of magnetic fields generated by AC/DC submarine power cables on the behavior of juvenile European lobster (<i>Homarus garnmarus</i>)","The number of submarine power cables using either direct or alternating current is expected to increase drastically in coming decades. Data concerning the impact of magnetic fields generated by these cables on marine invertebrates are scarce. In this context, the aim of this study was to explore the potential impact of anthropogenic static and time-varying magnetic fields on the behavior of recently settled juvenile European lobsters (Homarus gammarus) using two different behavioral assays. Day-light conditions were used to stimulate the sheltering behavior and facilitate the video tracking. We showed that juvenile lobsters did not exhibit any change of behavior when submitted to an artificial magnetic field gradient (maximum intensity of 200 mu T) compared to non-exposed lobsters in the ambient magnetic field. Additionally, no influence was noted on either the lobsters' ability to find shelter or modified their exploratory behavior after one week of exposure to anthropogenic magnetic fields (225 +/- 5 mu T) which remained similar to those observed in control individuals. It appears that static and time-varying anthropogenic magnetic fields, at these intensities, do not significantly impact the behavior of juvenile European lobsters in daylight conditions. Nevertheless, to form a complete picture for this biological model, further studies are needed on the other life stages as they may respond differently.","AQUATIC TOXICOLOGY","journalArticle","MORTALITY; POTENTIAL IMPACTS; ELECTROMAGNETIC-FIELDS; EXPOSURE; NAVIGATION; CRAB; ORIENTATION; Anthropogenic impact; ATLANTIC SPINY LOBSTER; Behavior; CANCER; Homarus gammarus; Magnetic field; Submarine power cable",NA,"1879-1514","10.1016/j.aquatox.2019.105401",NA,"","","220","CARLIER Antoine","","","","","carlier","","","","","","Reviewd by EP","","Article","No - Continue","No - Continue","No - Continue","Benthic macro-invertebrates ","","Homarus gammarus","Homard european",NA,NA,NA,NA,NA,"No",0,"Physical","","Input of other forms of energy","","No",NA,NA,NA,NA,"No",NA,NA,NA,"Yes","No-Effect",NA,NA,NA,NA,"No-Effect",NA,NA,"No",NA,NA,NA,NA,"No",NA,NA,NA,"No",NA,NA,"No",NA,"0","Conclusion: ""we showed that anthropogenic MF with realistic intensity values (around 200 μT), whether coming from DC or AC, did not impact juvenile European lobsters""","No","No","No","Yes","No","No","No","No","No","No","Yes","No","No","No","No","No","No","No","No","Yes","No","No",NA,NA,NA,NA,NA,NA,NA,NA,NA,"Norway","61.827932, 7.320914","Norwegian Sea",NA,"69.002027, 3.998004",2018,2018,0,"Less than 1 month",NA,"No","No","Yes","No","No","No",NA,"Yes","Unsure","No","No","","No","","No","","Inlcuded",110,1,1,NA,NA,NA,NA,NA,NA,NA,NA,NA,NA,NA,NA,NA,NA,NA,NA,NA,NA,NA,NA,NA,"merged"
"513","DH3J5X49","EPPI-Reviewer ID: 97840235","Taormina (2020)","Taormina B; Di Poi C; Agnalt AL; Carlier A; Desroy N; Escobar-Lux RH; D'eu JF; Freytet F; Durif CMF",2020,"Impact of magnetic fields generated by AC/DC submarine power cables on the behavior of juvenile European lobster (<i>Homarus garnmarus</i>)","The number of submarine power cables using either direct or alternating current is expected to increase drastically in coming decades. Data concerning the impact of magnetic fields generated by these cables on marine invertebrates are scarce. In this context, the aim of this study was to explore the potential impact of anthropogenic static and time-varying magnetic fields on the behavior of recently settled juvenile European lobsters (Homarus gammarus) using two different behavioral assays. Day-light conditions were used to stimulate the sheltering behavior and facilitate the video tracking. We showed that juvenile lobsters did not exhibit any change of behavior when submitted to an artificial magnetic field gradient (maximum intensity of 200 mu T) compared to non-exposed lobsters in the ambient magnetic field. Additionally, no influence was noted on either the lobsters' ability to find shelter or modified their exploratory behavior after one week of exposure to anthropogenic magnetic fields (225 +/- 5 mu T) which remained similar to those observed in control individuals. It appears that static and time-varying anthropogenic magnetic fields, at these intensities, do not significantly impact the behavior of juvenile European lobsters in daylight conditions. Nevertheless, to form a complete picture for this biological model, further studies are needed on the other life stages as they may respond differently.","AQUATIC TOXICOLOGY","journalArticle","MORTALITY; POTENTIAL IMPACTS; ELECTROMAGNETIC-FIELDS; EXPOSURE; NAVIGATION; CRAB; ORIENTATION; Anthropogenic impact; ATLANTIC SPINY LOBSTER; Behavior; CANCER; Homarus gammarus; Magnetic field; Submarine power cable","1879-1514","10.1016/j.aquatox.2019.105401",NA,NA,220,"CARLIER Antoine","carlier","Benthic macro-invertebrates ",NA,"Input of other forms of energy",NA,"yes",7,"Homarus gammarus","NS","NA","juvenile","NS",NA,"yes","not specified","not specified","sensitivity suspected","p7 (conclusion): Furthermore, further knowledge on Homarus sp. physiological ability of magnetoreception and how this potential magneto-sense can evolve during its life is required.","DC","NS","NA","15","Volt","NS","NS","DC","2.3000000000000001E-4","NS","NS","NA","NA","NA","other","NS","NA","(30-70) lux","Fig2 caption","1.25","55","min","3.8194444444444448E-2","ponctual","continuous","steady","water-sediment interface",NA,"51","NA","no","no","NA","NA","prostration","quantitative","activity","activity ratio","% (time moved / total time)","no impact/negligible","no","NA","Table 1, Fig 4","NA","NA","other","NA","NA","visible","NA","NA","NA","NA","31","1","YES","Yes","tested indices correlated in some way (velocity = distance/time to find a shelter)",NA,"DH3J5X49","EPPI-Reviewer ID: 97840235","Taormina (2020)","Taormina B; Di Poi C; Agnalt AL; Carlier A; Desroy N; Escobar-Lux RH; D'eu JF; Freytet F; Durif CMF",2020,"Impact of magnetic fields generated by AC/DC submarine power cables on the behavior of juvenile European lobster (<i>Homarus garnmarus</i>)","The number of submarine power cables using either direct or alternating current is expected to increase drastically in coming decades. Data concerning the impact of magnetic fields generated by these cables on marine invertebrates are scarce. In this context, the aim of this study was to explore the potential impact of anthropogenic static and time-varying magnetic fields on the behavior of recently settled juvenile European lobsters (Homarus gammarus) using two different behavioral assays. Day-light conditions were used to stimulate the sheltering behavior and facilitate the video tracking. We showed that juvenile lobsters did not exhibit any change of behavior when submitted to an artificial magnetic field gradient (maximum intensity of 200 mu T) compared to non-exposed lobsters in the ambient magnetic field. Additionally, no influence was noted on either the lobsters' ability to find shelter or modified their exploratory behavior after one week of exposure to anthropogenic magnetic fields (225 +/- 5 mu T) which remained similar to those observed in control individuals. It appears that static and time-varying anthropogenic magnetic fields, at these intensities, do not significantly impact the behavior of juvenile European lobsters in daylight conditions. Nevertheless, to form a complete picture for this biological model, further studies are needed on the other life stages as they may respond differently.","AQUATIC TOXICOLOGY","journalArticle","MORTALITY; POTENTIAL IMPACTS; ELECTROMAGNETIC-FIELDS; EXPOSURE; NAVIGATION; CRAB; ORIENTATION; Anthropogenic impact; ATLANTIC SPINY LOBSTER; Behavior; CANCER; Homarus gammarus; Magnetic field; Submarine power cable",NA,"1879-1514","10.1016/j.aquatox.2019.105401",NA,"","","220","CARLIER Antoine","","","","","carlier","","","","","","Reviewd by EP","","Article","No - Continue","No - Continue","No - Continue","Benthic macro-invertebrates ","","Homarus gammarus","Homard european",NA,NA,NA,NA,NA,"No",0,"Physical","","Input of other forms of energy","","No",NA,NA,NA,NA,"No",NA,NA,NA,"Yes","No-Effect",NA,NA,NA,NA,"No-Effect",NA,NA,"No",NA,NA,NA,NA,"No",NA,NA,NA,"No",NA,NA,"No",NA,"0","Conclusion: ""we showed that anthropogenic MF with realistic intensity values (around 200 μT), whether coming from DC or AC, did not impact juvenile European lobsters""","No","No","No","Yes","No","No","No","No","No","No","Yes","No","No","No","No","No","No","No","No","Yes","No","No",NA,NA,NA,NA,NA,NA,NA,NA,NA,"Norway","61.827932, 7.320914","Norwegian Sea",NA,"69.002027, 3.998004",2018,2018,0,"Less than 1 month",NA,"No","No","Yes","No","No","No",NA,"Yes","Unsure","No","No","","No","","No","","Inlcuded",111,1,1,NA,NA,NA,NA,NA,NA,NA,NA,NA,NA,NA,NA,NA,NA,NA,NA,NA,NA,NA,NA,NA,"merged"
"513","DH3J5X49","EPPI-Reviewer ID: 97840235","Taormina (2020)","Taormina B; Di Poi C; Agnalt AL; Carlier A; Desroy N; Escobar-Lux RH; D'eu JF; Freytet F; Durif CMF",2020,"Impact of magnetic fields generated by AC/DC submarine power cables on the behavior of juvenile European lobster (<i>Homarus garnmarus</i>)","The number of submarine power cables using either direct or alternating current is expected to increase drastically in coming decades. Data concerning the impact of magnetic fields generated by these cables on marine invertebrates are scarce. In this context, the aim of this study was to explore the potential impact of anthropogenic static and time-varying magnetic fields on the behavior of recently settled juvenile European lobsters (Homarus gammarus) using two different behavioral assays. Day-light conditions were used to stimulate the sheltering behavior and facilitate the video tracking. We showed that juvenile lobsters did not exhibit any change of behavior when submitted to an artificial magnetic field gradient (maximum intensity of 200 mu T) compared to non-exposed lobsters in the ambient magnetic field. Additionally, no influence was noted on either the lobsters' ability to find shelter or modified their exploratory behavior after one week of exposure to anthropogenic magnetic fields (225 +/- 5 mu T) which remained similar to those observed in control individuals. It appears that static and time-varying anthropogenic magnetic fields, at these intensities, do not significantly impact the behavior of juvenile European lobsters in daylight conditions. Nevertheless, to form a complete picture for this biological model, further studies are needed on the other life stages as they may respond differently.","AQUATIC TOXICOLOGY","journalArticle","MORTALITY; POTENTIAL IMPACTS; ELECTROMAGNETIC-FIELDS; EXPOSURE; NAVIGATION; CRAB; ORIENTATION; Anthropogenic impact; ATLANTIC SPINY LOBSTER; Behavior; CANCER; Homarus gammarus; Magnetic field; Submarine power cable","1879-1514","10.1016/j.aquatox.2019.105401",NA,NA,220,"CARLIER Antoine","carlier","Benthic macro-invertebrates ",NA,"Input of other forms of energy",NA,"yes",8,"Homarus gammarus","NS","NA","juvenile","NS",NA,"yes","not specified","not specified","sensitivity suspected","p7 (conclusion): Furthermore, further knowledge on Homarus sp. physiological ability of magnetoreception and how this potential magneto-sense can evolve during its life is required.","DC","NS","NA","15","Volt","NS","NS","DC","2.3000000000000001E-4","NS","NS","NA","NA","NA","other","NS","NA","(30-70) lux","Fig2 caption","1.25","55","min","3.8194444444444448E-2","ponctual","continuous","steady","water-sediment interface",NA,"51","NA","no","no","NA","NA","prostration","quantitative","activity","distance travelled","CL","no impact/negligible","no","NA","Table 1, Fig 4","NA","NA","other","NA","NA","visible","NA","NA","NA","NA","31","1","YES","Yes","tested indices correlated in some way (velocity = distance/time to find a shelter)",NA,"DH3J5X49","EPPI-Reviewer ID: 97840235","Taormina (2020)","Taormina B; Di Poi C; Agnalt AL; Carlier A; Desroy N; Escobar-Lux RH; D'eu JF; Freytet F; Durif CMF",2020,"Impact of magnetic fields generated by AC/DC submarine power cables on the behavior of juvenile European lobster (<i>Homarus garnmarus</i>)","The number of submarine power cables using either direct or alternating current is expected to increase drastically in coming decades. Data concerning the impact of magnetic fields generated by these cables on marine invertebrates are scarce. In this context, the aim of this study was to explore the potential impact of anthropogenic static and time-varying magnetic fields on the behavior of recently settled juvenile European lobsters (Homarus gammarus) using two different behavioral assays. Day-light conditions were used to stimulate the sheltering behavior and facilitate the video tracking. We showed that juvenile lobsters did not exhibit any change of behavior when submitted to an artificial magnetic field gradient (maximum intensity of 200 mu T) compared to non-exposed lobsters in the ambient magnetic field. Additionally, no influence was noted on either the lobsters' ability to find shelter or modified their exploratory behavior after one week of exposure to anthropogenic magnetic fields (225 +/- 5 mu T) which remained similar to those observed in control individuals. It appears that static and time-varying anthropogenic magnetic fields, at these intensities, do not significantly impact the behavior of juvenile European lobsters in daylight conditions. Nevertheless, to form a complete picture for this biological model, further studies are needed on the other life stages as they may respond differently.","AQUATIC TOXICOLOGY","journalArticle","MORTALITY; POTENTIAL IMPACTS; ELECTROMAGNETIC-FIELDS; EXPOSURE; NAVIGATION; CRAB; ORIENTATION; Anthropogenic impact; ATLANTIC SPINY LOBSTER; Behavior; CANCER; Homarus gammarus; Magnetic field; Submarine power cable",NA,"1879-1514","10.1016/j.aquatox.2019.105401",NA,"","","220","CARLIER Antoine","","","","","carlier","","","","","","Reviewd by EP","","Article","No - Continue","No - Continue","No - Continue","Benthic macro-invertebrates ","","Homarus gammarus","Homard european",NA,NA,NA,NA,NA,"No",0,"Physical","","Input of other forms of energy","","No",NA,NA,NA,NA,"No",NA,NA,NA,"Yes","No-Effect",NA,NA,NA,NA,"No-Effect",NA,NA,"No",NA,NA,NA,NA,"No",NA,NA,NA,"No",NA,NA,"No",NA,"0","Conclusion: ""we showed that anthropogenic MF with realistic intensity values (around 200 μT), whether coming from DC or AC, did not impact juvenile European lobsters""","No","No","No","Yes","No","No","No","No","No","No","Yes","No","No","No","No","No","No","No","No","Yes","No","No",NA,NA,NA,NA,NA,NA,NA,NA,NA,"Norway","61.827932, 7.320914","Norwegian Sea",NA,"69.002027, 3.998004",2018,2018,0,"Less than 1 month",NA,"No","No","Yes","No","No","No",NA,"Yes","Unsure","No","No","","No","","No","","Inlcuded",112,1,1,NA,NA,NA,NA,NA,NA,NA,NA,NA,NA,NA,NA,NA,NA,NA,NA,NA,NA,NA,NA,NA,"merged"
"513","DH3J5X49","EPPI-Reviewer ID: 97840235","Taormina (2020)","Taormina B; Di Poi C; Agnalt AL; Carlier A; Desroy N; Escobar-Lux RH; D'eu JF; Freytet F; Durif CMF",2020,"Impact of magnetic fields generated by AC/DC submarine power cables on the behavior of juvenile European lobster (<i>Homarus garnmarus</i>)","The number of submarine power cables using either direct or alternating current is expected to increase drastically in coming decades. Data concerning the impact of magnetic fields generated by these cables on marine invertebrates are scarce. In this context, the aim of this study was to explore the potential impact of anthropogenic static and time-varying magnetic fields on the behavior of recently settled juvenile European lobsters (Homarus gammarus) using two different behavioral assays. Day-light conditions were used to stimulate the sheltering behavior and facilitate the video tracking. We showed that juvenile lobsters did not exhibit any change of behavior when submitted to an artificial magnetic field gradient (maximum intensity of 200 mu T) compared to non-exposed lobsters in the ambient magnetic field. Additionally, no influence was noted on either the lobsters' ability to find shelter or modified their exploratory behavior after one week of exposure to anthropogenic magnetic fields (225 +/- 5 mu T) which remained similar to those observed in control individuals. It appears that static and time-varying anthropogenic magnetic fields, at these intensities, do not significantly impact the behavior of juvenile European lobsters in daylight conditions. Nevertheless, to form a complete picture for this biological model, further studies are needed on the other life stages as they may respond differently.","AQUATIC TOXICOLOGY","journalArticle","MORTALITY; POTENTIAL IMPACTS; ELECTROMAGNETIC-FIELDS; EXPOSURE; NAVIGATION; CRAB; ORIENTATION; Anthropogenic impact; ATLANTIC SPINY LOBSTER; Behavior; CANCER; Homarus gammarus; Magnetic field; Submarine power cable","1879-1514","10.1016/j.aquatox.2019.105401",NA,NA,220,"CARLIER Antoine","carlier","Benthic macro-invertebrates ",NA,"Input of other forms of energy",NA,"yes",9,"Homarus gammarus","NS","NA","juvenile","NS",NA,"yes","not specified","not specified","sensitivity suspected","p7 (conclusion): Furthermore, further knowledge on Homarus sp. physiological ability of magnetoreception and how this potential magneto-sense can evolve during its life is required.","AC","NS","NA","15","Volt","NS","NS","AC","2.3000000000000001E-4","NS","NS","NA","NA","NA","NA","NS","NA","NS","NS","0","1","weeks","7","ponctual","continuous","variable","water-sediment interface",NA,"51","NA","no","no","NA","NA","prostration","quantitative","activity","time spent in/to find a shelter","min","no impact/negligible","no","NA","""All trials taken together and within each trial, the time to enter the shelter did not significantly change between treatments (RM-ANOVA P > 0.05; Table 2; Fig. 5). In the same way, the total distance travelled, the mean velocity and the movement/immobility ratio of the lobsters did not differ significantly between the three treatments (RM-ANOVA P > 0.05 in all cases; Table 2; Fig. 5).""","NA","NA","NA","NA","NA","NA","NA","NA","NA","NA","4","38","YES","Yes","tested indices correlated in some way (velocity = distance/time to find a shelter)",NA,"DH3J5X49","EPPI-Reviewer ID: 97840235","Taormina (2020)","Taormina B; Di Poi C; Agnalt AL; Carlier A; Desroy N; Escobar-Lux RH; D'eu JF; Freytet F; Durif CMF",2020,"Impact of magnetic fields generated by AC/DC submarine power cables on the behavior of juvenile European lobster (<i>Homarus garnmarus</i>)","The number of submarine power cables using either direct or alternating current is expected to increase drastically in coming decades. Data concerning the impact of magnetic fields generated by these cables on marine invertebrates are scarce. In this context, the aim of this study was to explore the potential impact of anthropogenic static and time-varying magnetic fields on the behavior of recently settled juvenile European lobsters (Homarus gammarus) using two different behavioral assays. Day-light conditions were used to stimulate the sheltering behavior and facilitate the video tracking. We showed that juvenile lobsters did not exhibit any change of behavior when submitted to an artificial magnetic field gradient (maximum intensity of 200 mu T) compared to non-exposed lobsters in the ambient magnetic field. Additionally, no influence was noted on either the lobsters' ability to find shelter or modified their exploratory behavior after one week of exposure to anthropogenic magnetic fields (225 +/- 5 mu T) which remained similar to those observed in control individuals. It appears that static and time-varying anthropogenic magnetic fields, at these intensities, do not significantly impact the behavior of juvenile European lobsters in daylight conditions. Nevertheless, to form a complete picture for this biological model, further studies are needed on the other life stages as they may respond differently.","AQUATIC TOXICOLOGY","journalArticle","MORTALITY; POTENTIAL IMPACTS; ELECTROMAGNETIC-FIELDS; EXPOSURE; NAVIGATION; CRAB; ORIENTATION; Anthropogenic impact; ATLANTIC SPINY LOBSTER; Behavior; CANCER; Homarus gammarus; Magnetic field; Submarine power cable",NA,"1879-1514","10.1016/j.aquatox.2019.105401",NA,"","","220","CARLIER Antoine","","","","","carlier","","","","","","Reviewd by EP","","Article","No - Continue","No - Continue","No - Continue","Benthic macro-invertebrates ","","Homarus gammarus","Homard european",NA,NA,NA,NA,NA,"No",0,"Physical","","Input of other forms of energy","","No",NA,NA,NA,NA,"No",NA,NA,NA,"Yes","No-Effect",NA,NA,NA,NA,"No-Effect",NA,NA,"No",NA,NA,NA,NA,"No",NA,NA,NA,"No",NA,NA,"No",NA,"0","Conclusion: ""we showed that anthropogenic MF with realistic intensity values (around 200 μT), whether coming from DC or AC, did not impact juvenile European lobsters""","No","No","No","Yes","No","No","No","No","No","No","Yes","No","No","No","No","No","No","No","No","Yes","No","No",NA,NA,NA,NA,NA,NA,NA,NA,NA,"Norway","61.827932, 7.320914","Norwegian Sea",NA,"69.002027, 3.998004",2018,2018,0,"Less than 1 month",NA,"No","No","Yes","No","No","No",NA,"Yes","Unsure","No","No","","No","","No","","Inlcuded",113,1,1,NA,NA,NA,NA,NA,NA,NA,NA,NA,NA,NA,NA,NA,NA,NA,NA,NA,NA,NA,NA,NA,"merged"
"513","DH3J5X49","EPPI-Reviewer ID: 97840235","Taormina (2020)","Taormina B; Di Poi C; Agnalt AL; Carlier A; Desroy N; Escobar-Lux RH; D'eu JF; Freytet F; Durif CMF",2020,"Impact of magnetic fields generated by AC/DC submarine power cables on the behavior of juvenile European lobster (<i>Homarus garnmarus</i>)","The number of submarine power cables using either direct or alternating current is expected to increase drastically in coming decades. Data concerning the impact of magnetic fields generated by these cables on marine invertebrates are scarce. In this context, the aim of this study was to explore the potential impact of anthropogenic static and time-varying magnetic fields on the behavior of recently settled juvenile European lobsters (Homarus gammarus) using two different behavioral assays. Day-light conditions were used to stimulate the sheltering behavior and facilitate the video tracking. We showed that juvenile lobsters did not exhibit any change of behavior when submitted to an artificial magnetic field gradient (maximum intensity of 200 mu T) compared to non-exposed lobsters in the ambient magnetic field. Additionally, no influence was noted on either the lobsters' ability to find shelter or modified their exploratory behavior after one week of exposure to anthropogenic magnetic fields (225 +/- 5 mu T) which remained similar to those observed in control individuals. It appears that static and time-varying anthropogenic magnetic fields, at these intensities, do not significantly impact the behavior of juvenile European lobsters in daylight conditions. Nevertheless, to form a complete picture for this biological model, further studies are needed on the other life stages as they may respond differently.","AQUATIC TOXICOLOGY","journalArticle","MORTALITY; POTENTIAL IMPACTS; ELECTROMAGNETIC-FIELDS; EXPOSURE; NAVIGATION; CRAB; ORIENTATION; Anthropogenic impact; ATLANTIC SPINY LOBSTER; Behavior; CANCER; Homarus gammarus; Magnetic field; Submarine power cable","1879-1514","10.1016/j.aquatox.2019.105401",NA,NA,220,"CARLIER Antoine","carlier","Benthic macro-invertebrates ",NA,"Input of other forms of energy",NA,"yes",10,"Homarus gammarus","NS","NA","juvenile","NS",NA,"yes","not specified","not specified","sensitivity suspected","p7 (conclusion): Furthermore, further knowledge on Homarus sp. physiological ability of magnetoreception and how this potential magneto-sense can evolve during its life is required.","AC","NS","NA","15","Volt","NS","NS","AC","2.3000000000000001E-4","NS","NS","NA","NA","NA","NA","NS","NA","NS","NS","0","1","weeks","7","ponctual","continuous","variable","water-sediment interface",NA,"51","NA","no","no","NA","NA","prostration","quantitative","activity","activity ratio","% (time moved / total time)","no impact/negligible","no","NA","Table 2, Fig 5","NA","NA","NA","NA","NA","NA","NA","NA","NA","NA","4","38","YES","Yes","tested indices correlated in some way (velocity = distance/time to find a shelter)",NA,"DH3J5X49","EPPI-Reviewer ID: 97840235","Taormina (2020)","Taormina B; Di Poi C; Agnalt AL; Carlier A; Desroy N; Escobar-Lux RH; D'eu JF; Freytet F; Durif CMF",2020,"Impact of magnetic fields generated by AC/DC submarine power cables on the behavior of juvenile European lobster (<i>Homarus garnmarus</i>)","The number of submarine power cables using either direct or alternating current is expected to increase drastically in coming decades. Data concerning the impact of magnetic fields generated by these cables on marine invertebrates are scarce. In this context, the aim of this study was to explore the potential impact of anthropogenic static and time-varying magnetic fields on the behavior of recently settled juvenile European lobsters (Homarus gammarus) using two different behavioral assays. Day-light conditions were used to stimulate the sheltering behavior and facilitate the video tracking. We showed that juvenile lobsters did not exhibit any change of behavior when submitted to an artificial magnetic field gradient (maximum intensity of 200 mu T) compared to non-exposed lobsters in the ambient magnetic field. Additionally, no influence was noted on either the lobsters' ability to find shelter or modified their exploratory behavior after one week of exposure to anthropogenic magnetic fields (225 +/- 5 mu T) which remained similar to those observed in control individuals. It appears that static and time-varying anthropogenic magnetic fields, at these intensities, do not significantly impact the behavior of juvenile European lobsters in daylight conditions. Nevertheless, to form a complete picture for this biological model, further studies are needed on the other life stages as they may respond differently.","AQUATIC TOXICOLOGY","journalArticle","MORTALITY; POTENTIAL IMPACTS; ELECTROMAGNETIC-FIELDS; EXPOSURE; NAVIGATION; CRAB; ORIENTATION; Anthropogenic impact; ATLANTIC SPINY LOBSTER; Behavior; CANCER; Homarus gammarus; Magnetic field; Submarine power cable",NA,"1879-1514","10.1016/j.aquatox.2019.105401",NA,"","","220","CARLIER Antoine","","","","","carlier","","","","","","Reviewd by EP","","Article","No - Continue","No - Continue","No - Continue","Benthic macro-invertebrates ","","Homarus gammarus","Homard european",NA,NA,NA,NA,NA,"No",0,"Physical","","Input of other forms of energy","","No",NA,NA,NA,NA,"No",NA,NA,NA,"Yes","No-Effect",NA,NA,NA,NA,"No-Effect",NA,NA,"No",NA,NA,NA,NA,"No",NA,NA,NA,"No",NA,NA,"No",NA,"0","Conclusion: ""we showed that anthropogenic MF with realistic intensity values (around 200 μT), whether coming from DC or AC, did not impact juvenile European lobsters""","No","No","No","Yes","No","No","No","No","No","No","Yes","No","No","No","No","No","No","No","No","Yes","No","No",NA,NA,NA,NA,NA,NA,NA,NA,NA,"Norway","61.827932, 7.320914","Norwegian Sea",NA,"69.002027, 3.998004",2018,2018,0,"Less than 1 month",NA,"No","No","Yes","No","No","No",NA,"Yes","Unsure","No","No","","No","","No","","Inlcuded",114,1,1,NA,NA,NA,NA,NA,NA,NA,NA,NA,NA,NA,NA,NA,NA,NA,NA,NA,NA,NA,NA,NA,"merged"
"513","DH3J5X49","EPPI-Reviewer ID: 97840235","Taormina (2020)","Taormina B; Di Poi C; Agnalt AL; Carlier A; Desroy N; Escobar-Lux RH; D'eu JF; Freytet F; Durif CMF",2020,"Impact of magnetic fields generated by AC/DC submarine power cables on the behavior of juvenile European lobster (<i>Homarus garnmarus</i>)","The number of submarine power cables using either direct or alternating current is expected to increase drastically in coming decades. Data concerning the impact of magnetic fields generated by these cables on marine invertebrates are scarce. In this context, the aim of this study was to explore the potential impact of anthropogenic static and time-varying magnetic fields on the behavior of recently settled juvenile European lobsters (Homarus gammarus) using two different behavioral assays. Day-light conditions were used to stimulate the sheltering behavior and facilitate the video tracking. We showed that juvenile lobsters did not exhibit any change of behavior when submitted to an artificial magnetic field gradient (maximum intensity of 200 mu T) compared to non-exposed lobsters in the ambient magnetic field. Additionally, no influence was noted on either the lobsters' ability to find shelter or modified their exploratory behavior after one week of exposure to anthropogenic magnetic fields (225 +/- 5 mu T) which remained similar to those observed in control individuals. It appears that static and time-varying anthropogenic magnetic fields, at these intensities, do not significantly impact the behavior of juvenile European lobsters in daylight conditions. Nevertheless, to form a complete picture for this biological model, further studies are needed on the other life stages as they may respond differently.","AQUATIC TOXICOLOGY","journalArticle","MORTALITY; POTENTIAL IMPACTS; ELECTROMAGNETIC-FIELDS; EXPOSURE; NAVIGATION; CRAB; ORIENTATION; Anthropogenic impact; ATLANTIC SPINY LOBSTER; Behavior; CANCER; Homarus gammarus; Magnetic field; Submarine power cable","1879-1514","10.1016/j.aquatox.2019.105401",NA,NA,220,"CARLIER Antoine","carlier","Benthic macro-invertebrates ",NA,"Input of other forms of energy",NA,"yes",11,"Homarus gammarus","NS","NA","juvenile","NS",NA,"yes","not specified","not specified","sensitivity suspected","p7 (conclusion): Furthermore, further knowledge on Homarus sp. physiological ability of magnetoreception and how this potential magneto-sense can evolve during its life is required.","AC","NS","NA","15","Volt","NS","NS","AC","2.3000000000000001E-4","NS","NS","NA","NA","NA","NA","NS","NA","NS","NS","0","1","weeks","7","ponctual","continuous","variable","water-sediment interface",NA,"51","NA","no","no","NA","NA","prostration","quantitative","activity","distance travelled","CL","no impact/negligible","no","NA","Table 2, Fig 5","NA","NA","NA","NA","NA","NA","NA","NA","NA","NA","4","38","YES","Yes","tested indices correlated in some way (velocity = distance/time to find a shelter)",NA,"DH3J5X49","EPPI-Reviewer ID: 97840235","Taormina (2020)","Taormina B; Di Poi C; Agnalt AL; Carlier A; Desroy N; Escobar-Lux RH; D'eu JF; Freytet F; Durif CMF",2020,"Impact of magnetic fields generated by AC/DC submarine power cables on the behavior of juvenile European lobster (<i>Homarus garnmarus</i>)","The number of submarine power cables using either direct or alternating current is expected to increase drastically in coming decades. Data concerning the impact of magnetic fields generated by these cables on marine invertebrates are scarce. In this context, the aim of this study was to explore the potential impact of anthropogenic static and time-varying magnetic fields on the behavior of recently settled juvenile European lobsters (Homarus gammarus) using two different behavioral assays. Day-light conditions were used to stimulate the sheltering behavior and facilitate the video tracking. We showed that juvenile lobsters did not exhibit any change of behavior when submitted to an artificial magnetic field gradient (maximum intensity of 200 mu T) compared to non-exposed lobsters in the ambient magnetic field. Additionally, no influence was noted on either the lobsters' ability to find shelter or modified their exploratory behavior after one week of exposure to anthropogenic magnetic fields (225 +/- 5 mu T) which remained similar to those observed in control individuals. It appears that static and time-varying anthropogenic magnetic fields, at these intensities, do not significantly impact the behavior of juvenile European lobsters in daylight conditions. Nevertheless, to form a complete picture for this biological model, further studies are needed on the other life stages as they may respond differently.","AQUATIC TOXICOLOGY","journalArticle","MORTALITY; POTENTIAL IMPACTS; ELECTROMAGNETIC-FIELDS; EXPOSURE; NAVIGATION; CRAB; ORIENTATION; Anthropogenic impact; ATLANTIC SPINY LOBSTER; Behavior; CANCER; Homarus gammarus; Magnetic field; Submarine power cable",NA,"1879-1514","10.1016/j.aquatox.2019.105401",NA,"","","220","CARLIER Antoine","","","","","carlier","","","","","","Reviewd by EP","","Article","No - Continue","No - Continue","No - Continue","Benthic macro-invertebrates ","","Homarus gammarus","Homard european",NA,NA,NA,NA,NA,"No",0,"Physical","","Input of other forms of energy","","No",NA,NA,NA,NA,"No",NA,NA,NA,"Yes","No-Effect",NA,NA,NA,NA,"No-Effect",NA,NA,"No",NA,NA,NA,NA,"No",NA,NA,NA,"No",NA,NA,"No",NA,"0","Conclusion: ""we showed that anthropogenic MF with realistic intensity values (around 200 μT), whether coming from DC or AC, did not impact juvenile European lobsters""","No","No","No","Yes","No","No","No","No","No","No","Yes","No","No","No","No","No","No","No","No","Yes","No","No",NA,NA,NA,NA,NA,NA,NA,NA,NA,"Norway","61.827932, 7.320914","Norwegian Sea",NA,"69.002027, 3.998004",2018,2018,0,"Less than 1 month",NA,"No","No","Yes","No","No","No",NA,"Yes","Unsure","No","No","","No","","No","","Inlcuded",115,1,1,NA,NA,NA,NA,NA,NA,NA,NA,NA,NA,NA,NA,NA,NA,NA,NA,NA,NA,NA,NA,NA,"merged"
"513","DH3J5X49","EPPI-Reviewer ID: 97840235","Taormina (2020)","Taormina B; Di Poi C; Agnalt AL; Carlier A; Desroy N; Escobar-Lux RH; D'eu JF; Freytet F; Durif CMF",2020,"Impact of magnetic fields generated by AC/DC submarine power cables on the behavior of juvenile European lobster (<i>Homarus garnmarus</i>)","The number of submarine power cables using either direct or alternating current is expected to increase drastically in coming decades. Data concerning the impact of magnetic fields generated by these cables on marine invertebrates are scarce. In this context, the aim of this study was to explore the potential impact of anthropogenic static and time-varying magnetic fields on the behavior of recently settled juvenile European lobsters (Homarus gammarus) using two different behavioral assays. Day-light conditions were used to stimulate the sheltering behavior and facilitate the video tracking. We showed that juvenile lobsters did not exhibit any change of behavior when submitted to an artificial magnetic field gradient (maximum intensity of 200 mu T) compared to non-exposed lobsters in the ambient magnetic field. Additionally, no influence was noted on either the lobsters' ability to find shelter or modified their exploratory behavior after one week of exposure to anthropogenic magnetic fields (225 +/- 5 mu T) which remained similar to those observed in control individuals. It appears that static and time-varying anthropogenic magnetic fields, at these intensities, do not significantly impact the behavior of juvenile European lobsters in daylight conditions. Nevertheless, to form a complete picture for this biological model, further studies are needed on the other life stages as they may respond differently.","AQUATIC TOXICOLOGY","journalArticle","MORTALITY; POTENTIAL IMPACTS; ELECTROMAGNETIC-FIELDS; EXPOSURE; NAVIGATION; CRAB; ORIENTATION; Anthropogenic impact; ATLANTIC SPINY LOBSTER; Behavior; CANCER; Homarus gammarus; Magnetic field; Submarine power cable","1879-1514","10.1016/j.aquatox.2019.105401",NA,NA,220,"CARLIER Antoine","carlier","Benthic macro-invertebrates ",NA,"Input of other forms of energy",NA,"yes",12,"Homarus gammarus","NS","NA","juvenile","NS",NA,"yes","not specified","not specified","sensitivity suspected","p7 (conclusion): Furthermore, further knowledge on Homarus sp. physiological ability of magnetoreception and how this potential magneto-sense can evolve during its life is required.","DC","NS","NA","15","Volt","NS","NS","DC","2.3000000000000001E-4","NS","NS","NA","NA","NA","NA","NS","NA","NS","NS","0","1","weeks","7","ponctual","continuous","steady","water-sediment interface",NA,"51","NA","no","no","NA","NA","prostration","quantitative","activity","time spent in/to find a shelter","min","no impact/negligible","no","NA","""All trials taken together and within each trial, the time to enter the shelter did not significantly change between treatments (RM-ANOVA P > 0.05; Table 2; Fig. 5). In the same way, the total distance travelled, the mean velocity and the movement/immobility ratio of the lobsters did not differ significantly between the three treatments (RM-ANOVA P > 0.05 in all cases; Table 2; Fig. 5).""","NA","NA","NA","NA","NA","NA","NA","NA","NA","NA","4","35","YES","Yes","tested indices correlated in some way (velocity = distance/time to find a shelter)",NA,"DH3J5X49","EPPI-Reviewer ID: 97840235","Taormina (2020)","Taormina B; Di Poi C; Agnalt AL; Carlier A; Desroy N; Escobar-Lux RH; D'eu JF; Freytet F; Durif CMF",2020,"Impact of magnetic fields generated by AC/DC submarine power cables on the behavior of juvenile European lobster (<i>Homarus garnmarus</i>)","The number of submarine power cables using either direct or alternating current is expected to increase drastically in coming decades. Data concerning the impact of magnetic fields generated by these cables on marine invertebrates are scarce. In this context, the aim of this study was to explore the potential impact of anthropogenic static and time-varying magnetic fields on the behavior of recently settled juvenile European lobsters (Homarus gammarus) using two different behavioral assays. Day-light conditions were used to stimulate the sheltering behavior and facilitate the video tracking. We showed that juvenile lobsters did not exhibit any change of behavior when submitted to an artificial magnetic field gradient (maximum intensity of 200 mu T) compared to non-exposed lobsters in the ambient magnetic field. Additionally, no influence was noted on either the lobsters' ability to find shelter or modified their exploratory behavior after one week of exposure to anthropogenic magnetic fields (225 +/- 5 mu T) which remained similar to those observed in control individuals. It appears that static and time-varying anthropogenic magnetic fields, at these intensities, do not significantly impact the behavior of juvenile European lobsters in daylight conditions. Nevertheless, to form a complete picture for this biological model, further studies are needed on the other life stages as they may respond differently.","AQUATIC TOXICOLOGY","journalArticle","MORTALITY; POTENTIAL IMPACTS; ELECTROMAGNETIC-FIELDS; EXPOSURE; NAVIGATION; CRAB; ORIENTATION; Anthropogenic impact; ATLANTIC SPINY LOBSTER; Behavior; CANCER; Homarus gammarus; Magnetic field; Submarine power cable",NA,"1879-1514","10.1016/j.aquatox.2019.105401",NA,"","","220","CARLIER Antoine","","","","","carlier","","","","","","Reviewd by EP","","Article","No - Continue","No - Continue","No - Continue","Benthic macro-invertebrates ","","Homarus gammarus","Homard european",NA,NA,NA,NA,NA,"No",0,"Physical","","Input of other forms of energy","","No",NA,NA,NA,NA,"No",NA,NA,NA,"Yes","No-Effect",NA,NA,NA,NA,"No-Effect",NA,NA,"No",NA,NA,NA,NA,"No",NA,NA,NA,"No",NA,NA,"No",NA,"0","Conclusion: ""we showed that anthropogenic MF with realistic intensity values (around 200 μT), whether coming from DC or AC, did not impact juvenile European lobsters""","No","No","No","Yes","No","No","No","No","No","No","Yes","No","No","No","No","No","No","No","No","Yes","No","No",NA,NA,NA,NA,NA,NA,NA,NA,NA,"Norway","61.827932, 7.320914","Norwegian Sea",NA,"69.002027, 3.998004",2018,2018,0,"Less than 1 month",NA,"No","No","Yes","No","No","No",NA,"Yes","Unsure","No","No","","No","","No","","Inlcuded",116,1,1,NA,NA,NA,NA,NA,NA,NA,NA,NA,NA,NA,NA,NA,NA,NA,NA,NA,NA,NA,NA,NA,"merged"
"513","DH3J5X49","EPPI-Reviewer ID: 97840235","Taormina (2020)","Taormina B; Di Poi C; Agnalt AL; Carlier A; Desroy N; Escobar-Lux RH; D'eu JF; Freytet F; Durif CMF",2020,"Impact of magnetic fields generated by AC/DC submarine power cables on the behavior of juvenile European lobster (<i>Homarus garnmarus</i>)","The number of submarine power cables using either direct or alternating current is expected to increase drastically in coming decades. Data concerning the impact of magnetic fields generated by these cables on marine invertebrates are scarce. In this context, the aim of this study was to explore the potential impact of anthropogenic static and time-varying magnetic fields on the behavior of recently settled juvenile European lobsters (Homarus gammarus) using two different behavioral assays. Day-light conditions were used to stimulate the sheltering behavior and facilitate the video tracking. We showed that juvenile lobsters did not exhibit any change of behavior when submitted to an artificial magnetic field gradient (maximum intensity of 200 mu T) compared to non-exposed lobsters in the ambient magnetic field. Additionally, no influence was noted on either the lobsters' ability to find shelter or modified their exploratory behavior after one week of exposure to anthropogenic magnetic fields (225 +/- 5 mu T) which remained similar to those observed in control individuals. It appears that static and time-varying anthropogenic magnetic fields, at these intensities, do not significantly impact the behavior of juvenile European lobsters in daylight conditions. Nevertheless, to form a complete picture for this biological model, further studies are needed on the other life stages as they may respond differently.","AQUATIC TOXICOLOGY","journalArticle","MORTALITY; POTENTIAL IMPACTS; ELECTROMAGNETIC-FIELDS; EXPOSURE; NAVIGATION; CRAB; ORIENTATION; Anthropogenic impact; ATLANTIC SPINY LOBSTER; Behavior; CANCER; Homarus gammarus; Magnetic field; Submarine power cable","1879-1514","10.1016/j.aquatox.2019.105401",NA,NA,220,"CARLIER Antoine","carlier","Benthic macro-invertebrates ",NA,"Input of other forms of energy",NA,"yes",13,"Homarus gammarus","NS","NA","juvenile","NS",NA,"yes","not specified","not specified","sensitivity suspected","p7 (conclusion): Furthermore, further knowledge on Homarus sp. physiological ability of magnetoreception and how this potential magneto-sense can evolve during its life is required.","DC","NS","NA","15","Volt","NS","NS","DC","2.3000000000000001E-4","NS","NS","NA","NA","NA","NA","NS","NA","NS","NS","0","1","weeks","7","ponctual","continuous","steady","water-sediment interface",NA,"51","NA","no","no","NA","NA","prostration","quantitative","activity","activity ratio","% (time moved / total time)","no impact/negligible","no","NA","Table 2, Fig 5","NA","NA","NA","NA","NA","NA","NA","NA","NA","NA","4","35","YES","Yes","tested indices correlated in some way (velocity = distance/time to find a shelter)",NA,"DH3J5X49","EPPI-Reviewer ID: 97840235","Taormina (2020)","Taormina B; Di Poi C; Agnalt AL; Carlier A; Desroy N; Escobar-Lux RH; D'eu JF; Freytet F; Durif CMF",2020,"Impact of magnetic fields generated by AC/DC submarine power cables on the behavior of juvenile European lobster (<i>Homarus garnmarus</i>)","The number of submarine power cables using either direct or alternating current is expected to increase drastically in coming decades. Data concerning the impact of magnetic fields generated by these cables on marine invertebrates are scarce. In this context, the aim of this study was to explore the potential impact of anthropogenic static and time-varying magnetic fields on the behavior of recently settled juvenile European lobsters (Homarus gammarus) using two different behavioral assays. Day-light conditions were used to stimulate the sheltering behavior and facilitate the video tracking. We showed that juvenile lobsters did not exhibit any change of behavior when submitted to an artificial magnetic field gradient (maximum intensity of 200 mu T) compared to non-exposed lobsters in the ambient magnetic field. Additionally, no influence was noted on either the lobsters' ability to find shelter or modified their exploratory behavior after one week of exposure to anthropogenic magnetic fields (225 +/- 5 mu T) which remained similar to those observed in control individuals. It appears that static and time-varying anthropogenic magnetic fields, at these intensities, do not significantly impact the behavior of juvenile European lobsters in daylight conditions. Nevertheless, to form a complete picture for this biological model, further studies are needed on the other life stages as they may respond differently.","AQUATIC TOXICOLOGY","journalArticle","MORTALITY; POTENTIAL IMPACTS; ELECTROMAGNETIC-FIELDS; EXPOSURE; NAVIGATION; CRAB; ORIENTATION; Anthropogenic impact; ATLANTIC SPINY LOBSTER; Behavior; CANCER; Homarus gammarus; Magnetic field; Submarine power cable",NA,"1879-1514","10.1016/j.aquatox.2019.105401",NA,"","","220","CARLIER Antoine","","","","","carlier","","","","","","Reviewd by EP","","Article","No - Continue","No - Continue","No - Continue","Benthic macro-invertebrates ","","Homarus gammarus","Homard european",NA,NA,NA,NA,NA,"No",0,"Physical","","Input of other forms of energy","","No",NA,NA,NA,NA,"No",NA,NA,NA,"Yes","No-Effect",NA,NA,NA,NA,"No-Effect",NA,NA,"No",NA,NA,NA,NA,"No",NA,NA,NA,"No",NA,NA,"No",NA,"0","Conclusion: ""we showed that anthropogenic MF with realistic intensity values (around 200 μT), whether coming from DC or AC, did not impact juvenile European lobsters""","No","No","No","Yes","No","No","No","No","No","No","Yes","No","No","No","No","No","No","No","No","Yes","No","No",NA,NA,NA,NA,NA,NA,NA,NA,NA,"Norway","61.827932, 7.320914","Norwegian Sea",NA,"69.002027, 3.998004",2018,2018,0,"Less than 1 month",NA,"No","No","Yes","No","No","No",NA,"Yes","Unsure","No","No","","No","","No","","Inlcuded",117,1,1,NA,NA,NA,NA,NA,NA,NA,NA,NA,NA,NA,NA,NA,NA,NA,NA,NA,NA,NA,NA,NA,"merged"
"513","DH3J5X49","EPPI-Reviewer ID: 97840235","Taormina (2020)","Taormina B; Di Poi C; Agnalt AL; Carlier A; Desroy N; Escobar-Lux RH; D'eu JF; Freytet F; Durif CMF",2020,"Impact of magnetic fields generated by AC/DC submarine power cables on the behavior of juvenile European lobster (<i>Homarus garnmarus</i>)","The number of submarine power cables using either direct or alternating current is expected to increase drastically in coming decades. Data concerning the impact of magnetic fields generated by these cables on marine invertebrates are scarce. In this context, the aim of this study was to explore the potential impact of anthropogenic static and time-varying magnetic fields on the behavior of recently settled juvenile European lobsters (Homarus gammarus) using two different behavioral assays. Day-light conditions were used to stimulate the sheltering behavior and facilitate the video tracking. We showed that juvenile lobsters did not exhibit any change of behavior when submitted to an artificial magnetic field gradient (maximum intensity of 200 mu T) compared to non-exposed lobsters in the ambient magnetic field. Additionally, no influence was noted on either the lobsters' ability to find shelter or modified their exploratory behavior after one week of exposure to anthropogenic magnetic fields (225 +/- 5 mu T) which remained similar to those observed in control individuals. It appears that static and time-varying anthropogenic magnetic fields, at these intensities, do not significantly impact the behavior of juvenile European lobsters in daylight conditions. Nevertheless, to form a complete picture for this biological model, further studies are needed on the other life stages as they may respond differently.","AQUATIC TOXICOLOGY","journalArticle","MORTALITY; POTENTIAL IMPACTS; ELECTROMAGNETIC-FIELDS; EXPOSURE; NAVIGATION; CRAB; ORIENTATION; Anthropogenic impact; ATLANTIC SPINY LOBSTER; Behavior; CANCER; Homarus gammarus; Magnetic field; Submarine power cable","1879-1514","10.1016/j.aquatox.2019.105401",NA,NA,220,"CARLIER Antoine","carlier","Benthic macro-invertebrates ",NA,"Input of other forms of energy",NA,"yes",14,"Homarus gammarus","NS","NA","juvenile","NS",NA,"yes","not specified","not specified","sensitivity suspected","p7 (conclusion): Furthermore, further knowledge on Homarus sp. physiological ability of magnetoreception and how this potential magneto-sense can evolve during its life is required.","DC","NS","NA","15","Volt","NS","NS","DC","2.3000000000000001E-4","NS","NS","NA","NA","NA","NA","NS","NA","NS","NS","0","1","weeks","7","ponctual","continuous","steady","water-sediment interface",NA,"51","NA","no","no","NA","NA","prostration","quantitative","activity","distance travelled","CL","no impact/negligible","no","NA","Table 2, Fig 5","NA","NA","NA","NA","NA","NA","NA","NA","NA","NA","4","35","YES","Yes","tested indices correlated in some way (velocity = distance/time to find a shelter)",NA,"DH3J5X49","EPPI-Reviewer ID: 97840235","Taormina (2020)","Taormina B; Di Poi C; Agnalt AL; Carlier A; Desroy N; Escobar-Lux RH; D'eu JF; Freytet F; Durif CMF",2020,"Impact of magnetic fields generated by AC/DC submarine power cables on the behavior of juvenile European lobster (<i>Homarus garnmarus</i>)","The number of submarine power cables using either direct or alternating current is expected to increase drastically in coming decades. Data concerning the impact of magnetic fields generated by these cables on marine invertebrates are scarce. In this context, the aim of this study was to explore the potential impact of anthropogenic static and time-varying magnetic fields on the behavior of recently settled juvenile European lobsters (Homarus gammarus) using two different behavioral assays. Day-light conditions were used to stimulate the sheltering behavior and facilitate the video tracking. We showed that juvenile lobsters did not exhibit any change of behavior when submitted to an artificial magnetic field gradient (maximum intensity of 200 mu T) compared to non-exposed lobsters in the ambient magnetic field. Additionally, no influence was noted on either the lobsters' ability to find shelter or modified their exploratory behavior after one week of exposure to anthropogenic magnetic fields (225 +/- 5 mu T) which remained similar to those observed in control individuals. It appears that static and time-varying anthropogenic magnetic fields, at these intensities, do not significantly impact the behavior of juvenile European lobsters in daylight conditions. Nevertheless, to form a complete picture for this biological model, further studies are needed on the other life stages as they may respond differently.","AQUATIC TOXICOLOGY","journalArticle","MORTALITY; POTENTIAL IMPACTS; ELECTROMAGNETIC-FIELDS; EXPOSURE; NAVIGATION; CRAB; ORIENTATION; Anthropogenic impact; ATLANTIC SPINY LOBSTER; Behavior; CANCER; Homarus gammarus; Magnetic field; Submarine power cable",NA,"1879-1514","10.1016/j.aquatox.2019.105401",NA,"","","220","CARLIER Antoine","","","","","carlier","","","","","","Reviewd by EP","","Article","No - Continue","No - Continue","No - Continue","Benthic macro-invertebrates ","","Homarus gammarus","Homard european",NA,NA,NA,NA,NA,"No",0,"Physical","","Input of other forms of energy","","No",NA,NA,NA,NA,"No",NA,NA,NA,"Yes","No-Effect",NA,NA,NA,NA,"No-Effect",NA,NA,"No",NA,NA,NA,NA,"No",NA,NA,NA,"No",NA,NA,"No",NA,"0","Conclusion: ""we showed that anthropogenic MF with realistic intensity values (around 200 μT), whether coming from DC or AC, did not impact juvenile European lobsters""","No","No","No","Yes","No","No","No","No","No","No","Yes","No","No","No","No","No","No","No","No","Yes","No","No",NA,NA,NA,NA,NA,NA,NA,NA,NA,"Norway","61.827932, 7.320914","Norwegian Sea",NA,"69.002027, 3.998004",2018,2018,0,"Less than 1 month",NA,"No","No","Yes","No","No","No",NA,"Yes","Unsure","No","No","","No","","No","","Inlcuded",118,1,1,NA,NA,NA,NA,NA,NA,NA,NA,NA,NA,NA,NA,NA,NA,NA,NA,NA,NA,NA,NA,NA,"merged"
"593","DF24EASS","EPPI-Reviewer ID: 97840250","Westerberg (2008)","Westerberg H; Lagenfelt I",2008,"Sub-sea power cables and the migration behaviour of the European eel","Coded acoustic tags and an array with moored receivers were used to study the effect of a sub-sea AC power cable on migrating European eel, Anguilla anguilla (L.) in the Baltic Sea. Sixty eels were tagged and the migration speed was measured in a strait with a 130 kV AC power cable. Observed swimming speed over the ground was corrected for advection by the water current. Eel swimming speed was significantly lower around the cable than both north and south of the cable. No details on the behaviour during passage over the cable were possible and possible physiological mechanisms explaining the phenomenon are unknown. Further work is needed to understand the nature of the effect.","FISHERIES MANAGEMENT AND ECOLOGY","journalArticle","ANGUILLA-ANGUILLA; Baltic Sea; cables; CURRENTS; electromagnetic fields; migration; PERCEPTION; telemetry","0969-997X","10.1111/j.1365-2400.2008.00630.x","369-375","45448",15,"VOGEL Camille","vogel","Fish",NA,"Input of other forms of energy",NA,"yes",1,"Anguilla anguilla","other","migrating fish","NS","migration period",NA,"not specified","not specified","yes","sensitivity known","In the introduction ""(Westerberg and Begout-Anras 2002) [...] The results were consistent with the hypothesis that the eels followed a constant magnetic compass course, and the movement deviated from a straight course of the same magnitude as was expected from the magnetic anomaly caused by the cable.""","AC","NS","NA","130","kVolt","NS","in the introduction :""The purpose of this study was to investigate if effects of AC fields found by Poddubny (1967) and Poddubny et al. (1979) could be demonstrated.""; in the method section: ""Electric power to the island is supplied via a sub-sea cable in the middle part of the strait. The cable is a three-phase 130 kV, twisted cable with metal wire sheeting.""","NS","NS","NS","NA","NA","NA","NA","NA","NA",NA,"NA","NA","7000","3","weeks","21","ponctual","continuous","steady","water column","in math and meth: ""The experimental design was to use four transects across the sound using data-logging, ultrasonic receivers (VEMCO, Canada, VR2) (Fig. 1). The spacing between transects was 3–4 km and the cable was situated between the two middle transects. The VR2 receivers were anchored 2 m above the bottom with sub-surface buoys. Tagged fish were released approximately 7 km north of the cable and three VR2 receivers were anchored around the release site to monitor the departure (Fig. 1). The experiment was carried out in October 2006 during the eel migration season. The VR2 receivers were left in place for 3 weeks.","NA","NA","no","no","NA","NA","other","quantitative","swimming behaviour","swimming speed","cm/s","decrease","yes","NA","Table 3  pour la significativité. Mais en Fig. 5, ""The observed decrease in speed in the middle interval at higher amperage in the cable (Fig. 5) was not statistically significant but was consistent with the hypothesis that an effect of the cable was related to the electromagnetic field.","direct","In discussion:""It was not possible to find any alternative factor besides the presence of the cable that could  explain the slower swimming speed.""","NA","NA","NA","NA","NA","NA","laid down","NS","2","30","NO","Yes","Simple, robust design. Although there are no information on magnetic field, the authors emphasize this aspect in the discussion. The effect is considered small by the authors.",NA,"DF24EASS","EPPI-Reviewer ID: 97840250","Westerberg (2008)","Westerberg H; Lagenfelt I",2008,"Sub-sea power cables and the migration behaviour of the European eel","Coded acoustic tags and an array with moored receivers were used to study the effect of a sub-sea AC power cable on migrating European eel, Anguilla anguilla (L.) in the Baltic Sea. Sixty eels were tagged and the migration speed was measured in a strait with a 130 kV AC power cable. Observed swimming speed over the ground was corrected for advection by the water current. Eel swimming speed was significantly lower around the cable than both north and south of the cable. No details on the behaviour during passage over the cable were possible and possible physiological mechanisms explaining the phenomenon are unknown. Further work is needed to understand the nature of the effect.","FISHERIES MANAGEMENT AND ECOLOGY","journalArticle","ANGUILLA-ANGUILLA; Baltic Sea; cables; CURRENTS; electromagnetic fields; migration; PERCEPTION; telemetry",NA,"0969-997X","10.1111/j.1365-2400.2008.00630.x",NA,"369-375","5-Jun","15","VOGEL Camille","vogel","","","","vogel","","X","","","","","","Article","No - Continue","No - Continue","No - Continue","Fish","","Anguilla anguilla",NA,NA,NA,NA,NA,NA,"No",0,"Physical","","Input of other forms of energy","","No",NA,NA,NA,NA,"No",NA,NA,NA,"Yes",NA,NA,NA,NA,NA,NA,"Effect",NA,"No",NA,NA,NA,NA,"No",NA,NA,NA,"No",NA,NA,"No",NA,"","2nd paragraph of the results section: ""Swimming speed in the middle interval was significantly slower than the speed both in the northern and southern interval""; Fig 3; ""The swimming speed through the water was significantly lower in the middle interval irrespective of the current direction (Table 3).","No","No","No","Yes","No","No","No","No","No","No","No","Yes","No","No","No","No","No","No","No","Yes","No","No",NA,NA,NA,NA,NA,NA,NA,NA,NA,"Sweden","60.065061, 16.707435","BALTIC SEA","","56.380157, 18.944315",2006,2006,0,"Less than 1 month",NA,"Yes","No","No","No","No","No",NA,"Yes","No","No","No","","No","","No","","Inlcuded",119,1,1,NA,NA,NA,NA,NA,NA,NA,NA,NA,NA,NA,NA,NA,NA,NA,NA,NA,NA,NA,NA,NA,"merged"
"605","U8ER4HZH","EPPI-Reviewer ID: 97354731","Williams (2023)","Williams JP; Jaco EM; Scholz Z; Williams CM; Pondella DJ; Rasser MK; Schroeder DM",2023,"Red rock crab (Cancer productus) movement is not influenced by electromagnetic fields produced by a submarine power transmission cable","Marine renewable energy (MRE) devices, such as ones that harness offshore wind and wave energy, are an effective supplement to traditional energy sources and can support the energy grid while combating climate change. As MRE development increases pace, it is important to anticipate impacts of these infrastructure projects on the marine environment. One potential impact is a localized change in electromagnetic fields (EMF) produced by energized submarine transmission cables. Though many marine species are sensitive to EMF, primarily for navigation and orientation purposes, strong conclusions about how EMF affects invertebrates are lacking. Organisms that traverse the seafloor close to energized submarine cables, such as crabs, may be subject to stronger EMF currents. The U.S. West Coast is both a hot spot for emerging MRE development as well as home to the largest crab fisheries in the nation, there is an obvious concern on the potential impact development will have on fisheries. Our primary objective was to verify the response of red rock crabs in the presence of energized cables similar to those associated with existing MRE installations while also controlling for environmental conditions. We quantified and mapped local magnetic fields near an energized cable, tested crab responses in cable and control areas using a two-choice experimental cage in situ and described and quantified variables that were most likely to affect crab responses, including water current direction/velocity and magnetic field strength. Our results were remarkably consistent with previous studies: 1) crabs showed no preference for crossing/not crossing the cable; 2) crabs preferred to travel to the west regardless of the presence/absence of an energized cable; 3) while crabs preferred to travel to the west even more frequently in the absence of an energized cable, cable crossing and travel direction preferences were not influenced by EMF; and 4) EMF produced by these cables were consistent over time and decay to background levels at a distance of less than 1 m. This information is critical to making informed and sustainable policy decisions about renewable energy development and ensuring that this technology can coexist with local fisheries as MRE development continues.","CONTINENTAL SHELF RESEARCH","journalArticle","POTENTIAL IMPACTS; WIND POWER; MARINE RENEWABLE ENERGY; MARINE ENVIRONMENT; UNITED STATES; ALTERNATIVE ENERGY; ECOLOGY; ELECTROMAGNETIC FIELD; COMMERCIAL FISHING; COMMERCIAL SPECIES; CRAB; EMF; ENVIRONMENTAL CONDITIONS; HOT SPOT; MODEL SELECTION; ODOR; PACIFIC COAST [NORTH AMERICA]; PACIFIC COAST [UNITED STATES]; SUBMARINE CABLE; WAVE POWER","1873-6955","10.1016/j.csr.2023.105145",NA,NA,269,"CARLIER Antoine","carlier","Benthic macro-invertebrates ",NA,"Input of other forms of energy",NA,"yes",1,"Cancer productus","epi-benthos","""Thigmotactic organisms that traverse the seafloor, such as crabs, may be directly subject to strong EMF currents.""","adult","NS",NA,"yes","not specified","not specified","not sensitive","""Crabs often use rheotactic and chemical information for orientation and navigation (Weissburg and Zimmer-Faust 1994) and chemoreception has been shown to be the predominant sensory modality used by Atlantic rock crab (Cancer irroratus) to detect prey""","AC","NS","NA","34500","Volt","60","""2.1.1. Study setting. This study took place in southern California in the Santa Barbara Channel, offshore of Las Flores Canyon, where a 20.3-cm diameter submarine transmission cable lays partially buried (up to 0.5 m deep) at a water depth of approximately 9–11 m in a roughly north-south orientation (Fig. 2). This three-phase 34.5 kV alternating current (AC) cable operates at 60 Hz and distributes power offshore from Las Flores Canyon to Oil Platforms Heritage, Harmony, and Hondo – collectively, the Santa Ynez Unit. Two similar, unenergized cables are completely buried a few meters to the east, and a 30.5-cm oil pipeline lays approximately 12 m to the west. These cables are similar in design and EMF character to existing MRE intra-array and nearshore export (sea-toshore) transmission cables""","AC","1.1999999999999999E-6","60","""2.1.1. Study setting. This study took place in southern California in the Santa Barbara Channel, offshore of Las Flores Canyon, where a 20.3-cm diameter submarine transmission cable lays partially buried (up to 0.5 m deep) at a water depth of approximately 9–11 m in a roughly north-south orientation (Fig. 2). This three-phase 34.5 kV alternating current (AC) cable operates at 60 Hz and distributes power offshore from Las Flores Canyon to Oil Platforms Heritage, Harmony, and Hondo – collectively, the Santa Ynez Unit. Two similar, unenergized cables are completely buried a few meters to the east, and a 30.5-cm oil pipeline lays approximately 12 m to the west. These cables are similar in design and EMF character to existing MRE intra-array and nearshore export (sea-toshore) transmission cables""","NA","NA","NA","NA","NA","NA","NA","NA","6.15","60","min","4.1666666666666664E-2","ponctual","continuous","variable","water-sediment interface","Fig 5","NS","NA","no","no","NA","NA","attraction, repulsion","quantitative","spatial distribution","% of travel over the energised cable","% of crab trials","mixed","yes","unknown","Across all three treatments combined, crabs traveled to the west a significant percentage of the time (68.0% ± 2.7%; χ 2 = 153.4, df = 1, p < 0.001) regardless of whether trials were run in the cable area (63.9% ± 3.5%; χ 2 = 57.1, df = 1, p < 0.001) or the control area (75.3% ± 4.1%; χ 2 = 109.8, df = 1, p < 0.001), but crabs traveled west in significantly higher proportions in the control area (χ 2 = 17.0, df = 2, p < 0.001). In the cable area, crabs traveled to the west a significant percentage of the time regardless of whether the chute was positioned east (62.5% ± 5.0%; χ 2 = 23.3, df = 1, p < 0.001) or west (65.2% ± 5.0%; χ 2 = 33.8, df = 1, p < 0.001) of the energized cable, and frequency of travel direction was not significantly different based upon where the chute was positioned (χ 2 = 1.37, df = 2, p = 0.504).","direct","NS","NA","NA","NA","NA","NA","34.5","burried","NS","75","5","YES","Yes","Robust protocol carried out in situ, in real conditions; but very low intensity of EMF pressure (+1.2 µT)",NA,"U8ER4HZH","EPPI-Reviewer ID: 97354731","Williams (2023)","Williams JP; Jaco EM; Scholz Z; Williams CM; Pondella DJ; Rasser MK; Schroeder DM",2023,"Red rock crab (Cancer productus) movement is not influenced by electromagnetic fields produced by a submarine power transmission cable","Marine renewable energy (MRE) devices, such as ones that harness offshore wind and wave energy, are an effective supplement to traditional energy sources and can support the energy grid while combating climate change. As MRE development increases pace, it is important to anticipate impacts of these infrastructure projects on the marine environment. One potential impact is a localized change in electromagnetic fields (EMF) produced by energized submarine transmission cables. Though many marine species are sensitive to EMF, primarily for navigation and orientation purposes, strong conclusions about how EMF affects invertebrates are lacking. Organisms that traverse the seafloor close to energized submarine cables, such as crabs, may be subject to stronger EMF currents. The U.S. West Coast is both a hot spot for emerging MRE development as well as home to the largest crab fisheries in the nation, there is an obvious concern on the potential impact development will have on fisheries. Our primary objective was to verify the response of red rock crabs in the presence of energized cables similar to those associated with existing MRE installations while also controlling for environmental conditions. We quantified and mapped local magnetic fields near an energized cable, tested crab responses in cable and control areas using a two-choice experimental cage in situ and described and quantified variables that were most likely to affect crab responses, including water current direction/velocity and magnetic field strength. Our results were remarkably consistent with previous studies: 1) crabs showed no preference for crossing/not crossing the cable; 2) crabs preferred to travel to the west regardless of the presence/absence of an energized cable; 3) while crabs preferred to travel to the west even more frequently in the absence of an energized cable, cable crossing and travel direction preferences were not influenced by EMF; and 4) EMF produced by these cables were consistent over time and decay to background levels at a distance of less than 1 m. This information is critical to making informed and sustainable policy decisions about renewable energy development and ensuring that this technology can coexist with local fisheries as MRE development continues.","CONTINENTAL SHELF RESEARCH","journalArticle","POTENTIAL IMPACTS; WIND POWER; MARINE RENEWABLE ENERGY; MARINE ENVIRONMENT; UNITED STATES; ALTERNATIVE ENERGY; ECOLOGY; ELECTROMAGNETIC FIELD; COMMERCIAL FISHING; COMMERCIAL SPECIES; CRAB; EMF; ENVIRONMENTAL CONDITIONS; HOT SPOT; MODEL SELECTION; ODOR; PACIFIC COAST [NORTH AMERICA]; PACIFIC COAST [UNITED STATES]; SUBMARINE CABLE; WAVE POWER",NA,"1873-6955","10.1016/j.csr.2023.105145",NA,"","","269","CARLIER Antoine","","","","","carlier","","","","","","","","Article","No - Continue","No - Continue","No - Continue","Benthic macro-invertebrates ","","Cancer productus","red rock crab",NA,NA,NA,NA,NA,"No",0,"Physical","","Input of other forms of energy","","No",NA,NA,NA,NA,"No",NA,NA,NA,"Yes",NA,NA,NA,NA,NA,"No-Effect",NA,NA,"Yes","Effect","Effect",NA,NA,"No",NA,NA,NA,"No",NA,NA,"No",NA,"0","Figs 8, 9","No","No","No","Yes","No","No","No","No","No","Yes","No","No","No","No","No","No","No","No","No","Yes","No","No",NA,NA,NA,NA,NA,NA,"10","10",NA,"USA","39.172676, -100.749271","PACIFIC OCEAN - North","","35.607885, -153.729530",2021,2021,0.25,"3",NA,"Yes","No","No","No","No","No",NA,"Yes","Unsure","No","No","","Unsure","As the artificial magnetic field decays to background level just 0.9 m from the energized cable, burial of submarine power cables to 1–2 m depth would be an effective strategy to reduce the magnitude that magnetic fields interact with the local environment.","No","","Inlcuded",120,1,1,NA,NA,NA,NA,NA,NA,NA,NA,NA,NA,NA,NA,NA,NA,NA,NA,NA,NA,NA,NA,NA,"merged"
"615","FUUS89XI","EPPI-Reviewer ID: 97840237","Wyman (2018)","Wyman MT; Klimley AP; Battleson RD; Agosta TV; Chapman ED; Haverkamp PJ; Pagel MD; Kavet R",2018,"Behavioral responses by migrating juvenile salmonids to a subsea high-voltage DC power cable","Currently, there is large-scale interest in developing marine-based energy sources and extensive subsea power cable networks. Despite growing concern that local perturbations in the magnetic field produced by current passing through these cables may negatively affect electromagnetically sensitive marine species, e.g., disrupted migration; few studies have examined free-living animals. We used acoustic biotelemetry tracking data to examine movement behaviors and migration success of a magneto-sensitive fish, late-fall run Chinook (LFC) salmon (Oncorhynchus tshawytscha), in relation to the energization of a magnetic field-producing subsea power cable, as well as other potentially influential environmental parameters. We analyzed detection records of tagged LFC salmon smolts during their out-migration through the San Francisco Bay before and after the installation of an 85-km high-voltage direct-current transmission cable. Cable energization did not significantly impact the proportion of fish that successfully migrated through the bay or the probability of successful migration. However, after cable energization, higher proportions of fish crossed the cable location and fish were more likely to be detected south of their normal migration route. Transit times through some regions were reduced during cable activity, but other environmental factors were more influential. Resource selection models indicated that proximity to the active cable varied by location: migration paths moved closer to the cable at some locations, but further away at others. Overall, cable activity appeared to have mixed, but limited effects on movements and migration success of smolts. Additional studies are recommended to further investigate impacts of subsea cables on fish migrations, including potential long-term consequences.","MARINE BIOLOGY","journalArticle","SURVIVAL; SENSITIVITY; MOVEMENTS; ORIENTATION; ELASMOBRANCH; CHINOOK SALMON; ONCORHYNCHUS-TSHAWYTSCHA; SMOLTS","1432-1793","10.1007/s00227-018-3385-0",NA,"8",165,"BACHER Cedric","Bacher","Fish",NA,"Input of other forms of energy",NA,"yes",1,"Oncorhynchus tshawytscha","NA","NA","juvenile","migration period",NA,"yes","yes","yes","sensitivity suspected","Recent studies provided evidence that juvenile Chinook salmon have an ‘inherited magnetic map’ which allows them to navigate to distant oceanic feeding grounds using magnetic field intensity and inclination (Putman et al. 2013, 2014).","DC","NS","NA","400000","Volt","NS","The cable, ..., transmits electric power at a DC voltage of ± 200 kV (400 kV difference between the two conductors) at up to nominally 400 MW (1000 A). arrays. During these survey dates, the mean daily TBC load was 722 ± 95 (std dev) amperes","DC","5.4300000000000003E-7","NS","Assuming a cable depth of 2 m and a load current of 1000 A, the MF anomalies ... had modeled means of 543 ± 34 (std dev) nT and 185 ± 12 nT, at heights of 5 and 10 m above the channel bottom, respectively (see Electric Supplementary Material for details). ... At approximately 35 m from the cable’s centerline, the cable anomaly deviated from background with a central tendency of about 10 nT,","NA","NA","NA","NA","NA","NA","NA","NA","2548","NS",NA,NA,"chronical","continuous","variable","water-sediment interface",NA,"NS","NA","no","no","NA","NA","other","quantitative","fitness","successful migration","% of individuals successfully exiting","no impact/negligible","no","unknown","The proportions of … smolts that successfully migrated through the SF Bay before and after cable energization were not significantly different, and cable activity was not associated with the probability of successfully exiting the system, or crossing the cable location. Fish transit times were faster during periods of cable activity compared to inactivity in the first section of their migration through SF Bay, but cable activity did not significantly predict transit time in any reach. Fish selected migration paths closer to the cable location. However, this relationship only varied as a function of cable activity at Benicia…this relationship was reversed at San Pablo as fish were more likely to be found closer to the cable location during periods of cable activity.","unknown","NS","NA","NA","NA","NA","NA","NS","burried","NA","5","723","YES","Yes","Analog paper : no OWF, then check if the pressure type is relevant (e.g. comparable to pressure related to cables of OWF)","Overall, cable activity appeared to have mixed effects on migration behavior of LFC smolts in the SF Bay. In some cases, cable activity appeared to be a possible attractant for smolts as cable activity increased the probability that fish were detected at Bay Bridge, located along the path of the cable to the south of the normal migration route from the delta to the Pacific Ocean. Furthermore, migration paths in San Pablo Bay … were closer to the cable location when the cable was active. However, fish were found further away from the cable at Benicia Bridge after it was active. Taken together, these results indicate that cable energization may affect some migration behaviors of LFC smolts, but does not appear to have a large adverse or beneficial direct impact on the overall survival of fish through the San Francisco Bay. This study also highlights the importance of other environmental and individual factors to migration behaviors.","FUUS89XI","EPPI-Reviewer ID: 97840237","Wyman (2018)","Wyman MT; Klimley AP; Battleson RD; Agosta TV; Chapman ED; Haverkamp PJ; Pagel MD; Kavet R",2018,"Behavioral responses by migrating juvenile salmonids to a subsea high-voltage DC power cable","Currently, there is large-scale interest in developing marine-based energy sources and extensive subsea power cable networks. Despite growing concern that local perturbations in the magnetic field produced by current passing through these cables may negatively affect electromagnetically sensitive marine species, e.g., disrupted migration; few studies have examined free-living animals. We used acoustic biotelemetry tracking data to examine movement behaviors and migration success of a magneto-sensitive fish, late-fall run Chinook (LFC) salmon (Oncorhynchus tshawytscha), in relation to the energization of a magnetic field-producing subsea power cable, as well as other potentially influential environmental parameters. We analyzed detection records of tagged LFC salmon smolts during their out-migration through the San Francisco Bay before and after the installation of an 85-km high-voltage direct-current transmission cable. Cable energization did not significantly impact the proportion of fish that successfully migrated through the bay or the probability of successful migration. However, after cable energization, higher proportions of fish crossed the cable location and fish were more likely to be detected south of their normal migration route. Transit times through some regions were reduced during cable activity, but other environmental factors were more influential. Resource selection models indicated that proximity to the active cable varied by location: migration paths moved closer to the cable at some locations, but further away at others. Overall, cable activity appeared to have mixed, but limited effects on movements and migration success of smolts. Additional studies are recommended to further investigate impacts of subsea cables on fish migrations, including potential long-term consequences.","MARINE BIOLOGY","journalArticle","SURVIVAL; SENSITIVITY; MOVEMENTS; ORIENTATION; ELASMOBRANCH; CHINOOK SALMON; ONCORHYNCHUS-TSHAWYTSCHA; SMOLTS",NA,"1432-1793","10.1007/s00227-018-3385-0",NA,"","8","165","BACHER Cedric","","","","","bacher","","","","","","","","Article","No - Continue","No - Continue","No - Continue","Fish","","Oncorhynchus tshawytscha","",NA,NA,NA,NA,NA,"No",0,"Physical","","Input of other forms of energy","","No",NA,NA,NA,NA,"Yes","Mixed-Effect",NA,NA,"Yes","No-Effect",NA,NA,NA,NA,NA,NA,NA,"No",NA,NA,NA,NA,"No",NA,NA,NA,"No",NA,NA,"No",NA,"0","The goal of this study was to investigate whether fish movement behaviors were affected by the energization of the cable and whether its energization hindered or facilitated outward migration of LFC salmon smolts","No","No","No","Yes","No","No","No","No","No","Yes","No","No","No","No","No","No","No","No","No","No","No","No",NA,NA,NA,NA,NA,NA,NA,NA,NA,"USA","39.172676, -100.749271","PACIFIC OCEAN - North","San Francisco Bay","35.607885, -153.729530",2008,2011,3,"More than 12 months",NA,"Yes","No","No","No","No","No",NA,"Unsure","No","No","No","","No","","No","the paper is not on OWF but on the effect of cables - ANALOGY with OWF ","Inlcuded",121,1,1,NA,NA,NA,NA,NA,NA,NA,NA,NA,NA,NA,NA,NA,NA,NA,NA,NA,NA,NA,NA,NA,"merged"
"615","FUUS89XI","EPPI-Reviewer ID: 97840237","Wyman (2018)","Wyman MT; Klimley AP; Battleson RD; Agosta TV; Chapman ED; Haverkamp PJ; Pagel MD; Kavet R",2018,"Behavioral responses by migrating juvenile salmonids to a subsea high-voltage DC power cable","Currently, there is large-scale interest in developing marine-based energy sources and extensive subsea power cable networks. Despite growing concern that local perturbations in the magnetic field produced by current passing through these cables may negatively affect electromagnetically sensitive marine species, e.g., disrupted migration; few studies have examined free-living animals. We used acoustic biotelemetry tracking data to examine movement behaviors and migration success of a magneto-sensitive fish, late-fall run Chinook (LFC) salmon (Oncorhynchus tshawytscha), in relation to the energization of a magnetic field-producing subsea power cable, as well as other potentially influential environmental parameters. We analyzed detection records of tagged LFC salmon smolts during their out-migration through the San Francisco Bay before and after the installation of an 85-km high-voltage direct-current transmission cable. Cable energization did not significantly impact the proportion of fish that successfully migrated through the bay or the probability of successful migration. However, after cable energization, higher proportions of fish crossed the cable location and fish were more likely to be detected south of their normal migration route. Transit times through some regions were reduced during cable activity, but other environmental factors were more influential. Resource selection models indicated that proximity to the active cable varied by location: migration paths moved closer to the cable at some locations, but further away at others. Overall, cable activity appeared to have mixed, but limited effects on movements and migration success of smolts. Additional studies are recommended to further investigate impacts of subsea cables on fish migrations, including potential long-term consequences.","MARINE BIOLOGY","journalArticle","SURVIVAL; SENSITIVITY; MOVEMENTS; ORIENTATION; ELASMOBRANCH; CHINOOK SALMON; ONCORHYNCHUS-TSHAWYTSCHA; SMOLTS","1432-1793","10.1007/s00227-018-3385-0",NA,"8",165,"BACHER Cedric","Bacher","Fish",NA,"Input of other forms of energy",NA,"yes",2,"Oncorhynchus tshawytscha","NA","NA","juvenile","migration period",NA,"yes","yes","yes","sensitivity suspected","Recent studies provided evidence that juvenile Chinook salmon have an ‘inherited magnetic map’ which allows them to navigate to distant oceanic feeding grounds using magnetic field intensity and inclination (Putman et al. 2013, 2014).","DC","NS","NA","400000","Volt","NS","The cable, ..., transmits electric power at a DC voltage of ± 200 kV (400 kV difference between the two conductors) at up to nominally 400 MW (1000 A). arrays. During these survey dates, the mean daily TBC load was 722 ± 95 (std dev) amperes","DC","5.4300000000000003E-7","NS","Assuming a cable depth of 2 m and a load current of 1000 A, the MF anomalies ... had modeled means of 543 ± 34 (std dev) nT and 185 ± 12 nT, at heights of 5 and 10 m above the channel bottom, respectively (see Electric Supplementary Material for details). ... At approximately 35 m from the cable’s centerline, the cable anomaly deviated from background with a central tendency of about 10 nT,","NA","NA","NA","NA","NA","NA","NA","NA","2548","NS",NA,NA,"chronical","continuous","variable","water-sediment interface",NA,"NS","NA","no","no","NA","NA","prostration","quantitative","swimming behaviour","swimming speed","hours","increase","no","unknown","When comparing travel time through the total Reach from Benicia to Golden Gate Bridges during periods when the cable was inactive versus active, there was a trend for transit times to be longer when the cable was inactive (full data: medians of 62.97 versus 56.44 h, Mann–Whitney U, W = 5215, P = 0.073, trimmed data: Mann–Whitney U, W = 5120, P = 0.052, Fig. 2).","unknown","NS","NA","NA","NA","NA","NA","NS","burried","NA","5","723","YES","Yes","Analog paper : no OWF, then check if the pressure type is relevant (e.g. comparable to pressure related to cables of OWF)","Overall, cable activity appeared to have mixed effects on migration behavior of LFC smolts in the SF Bay. In some cases, cable activity appeared to be a possible attractant for smolts as cable activity increased the probability that fish were detected at Bay Bridge, located along the path of the cable to the south of the normal migration route from the delta to the Pacific Ocean. Furthermore, migration paths in San Pablo Bay … were closer to the cable location when the cable was active. However, fish were found further away from the cable at Benicia Bridge after it was active. Taken together, these results indicate that cable energization may affect some migration behaviors of LFC smolts, but does not appear to have a large adverse or beneficial direct impact on the overall survival of fish through the San Francisco Bay. This study also highlights the importance of other environmental and individual factors to migration behaviors.","FUUS89XI","EPPI-Reviewer ID: 97840237","Wyman (2018)","Wyman MT; Klimley AP; Battleson RD; Agosta TV; Chapman ED; Haverkamp PJ; Pagel MD; Kavet R",2018,"Behavioral responses by migrating juvenile salmonids to a subsea high-voltage DC power cable","Currently, there is large-scale interest in developing marine-based energy sources and extensive subsea power cable networks. Despite growing concern that local perturbations in the magnetic field produced by current passing through these cables may negatively affect electromagnetically sensitive marine species, e.g., disrupted migration; few studies have examined free-living animals. We used acoustic biotelemetry tracking data to examine movement behaviors and migration success of a magneto-sensitive fish, late-fall run Chinook (LFC) salmon (Oncorhynchus tshawytscha), in relation to the energization of a magnetic field-producing subsea power cable, as well as other potentially influential environmental parameters. We analyzed detection records of tagged LFC salmon smolts during their out-migration through the San Francisco Bay before and after the installation of an 85-km high-voltage direct-current transmission cable. Cable energization did not significantly impact the proportion of fish that successfully migrated through the bay or the probability of successful migration. However, after cable energization, higher proportions of fish crossed the cable location and fish were more likely to be detected south of their normal migration route. Transit times through some regions were reduced during cable activity, but other environmental factors were more influential. Resource selection models indicated that proximity to the active cable varied by location: migration paths moved closer to the cable at some locations, but further away at others. Overall, cable activity appeared to have mixed, but limited effects on movements and migration success of smolts. Additional studies are recommended to further investigate impacts of subsea cables on fish migrations, including potential long-term consequences.","MARINE BIOLOGY","journalArticle","SURVIVAL; SENSITIVITY; MOVEMENTS; ORIENTATION; ELASMOBRANCH; CHINOOK SALMON; ONCORHYNCHUS-TSHAWYTSCHA; SMOLTS",NA,"1432-1793","10.1007/s00227-018-3385-0",NA,"","8","165","BACHER Cedric","","","","","bacher","","","","","","","","Article","No - Continue","No - Continue","No - Continue","Fish","","Oncorhynchus tshawytscha","",NA,NA,NA,NA,NA,"No",0,"Physical","","Input of other forms of energy","","No",NA,NA,NA,NA,"Yes","Mixed-Effect",NA,NA,"Yes","No-Effect",NA,NA,NA,NA,NA,NA,NA,"No",NA,NA,NA,NA,"No",NA,NA,NA,"No",NA,NA,"No",NA,"0","The goal of this study was to investigate whether fish movement behaviors were affected by the energization of the cable and whether its energization hindered or facilitated outward migration of LFC salmon smolts","No","No","No","Yes","No","No","No","No","No","Yes","No","No","No","No","No","No","No","No","No","No","No","No",NA,NA,NA,NA,NA,NA,NA,NA,NA,"USA","39.172676, -100.749271","PACIFIC OCEAN - North","San Francisco Bay","35.607885, -153.729530",2008,2011,3,"More than 12 months",NA,"Yes","No","No","No","No","No",NA,"Unsure","No","No","No","","No","","No","the paper is not on OWF but on the effect of cables - ANALOGY with OWF ","Inlcuded",122,1,1,NA,NA,NA,NA,NA,NA,NA,NA,NA,NA,NA,NA,NA,NA,NA,NA,NA,NA,NA,NA,NA,"merged"
"619","6EJU6WP9","EPPI-Reviewer ID: 97356132","Zhang (2020)","Zhang MM; Wang JW; Sun QR; Zhang H; Chen P; Li Q; Wang YN; Qiao G",2020,"Immune response of mollusk Onchidium struma to extremely low-frequency electromagnetic fields (ELF-EMF, 50 Hz) exposure based on immune-related enzyme activity and De novo transcriptome analysis","Along with rapid offshore and onshore wind power development in modern society, extremely low frequency electromagnetic fields (ELF-EMF) is produced extensively in the habits of aquatic organisms. However, the biological effects of ELF-EMF on aquatic organisms are almost sparse. In this study, Onchidium struma without shell was chosen to aim whether ELF-EMF can elicit immune response of mollusk based on immune-related enzyme activities and gene expression through high-throughput transcriptome sequencing. Three experimental groups, i.e. ELF-EMF unexposed control group (C), ELF-EMF (50 Hz, 100 mu T) exposed E1 group, and ELF-EMF (50 Hz, 500 mu T) exposed E2 group, were set, and coelomocytes were collected to analyze. The results showed that total coelomocyte and spherulocyte density in E1 group increased significantly compared to groups C and E2 (P < 0.05). There were no significant differences on amoebocyte and chromatocyte density among groups C, E1 and E2. ELF-EMF exposure could significantly increase immune-related enzyme activities in coelomic fluid of O. struma, including acidic phosphatase, alkaline phosphatase, antioxidative capacity, catalase, superoxide dismutase, and polyphenol oxidase (P < 0.05). A total of 54.32 Mb and 55.27 Mb raw reads with average length of 1520 bp were obtained from coelomocytes of O. struma in unexposed and exposed groups, respectively. There were 341 differentially expressed genes (DGEs) between unexposed and exposed groups, including 209 up-regulated and 132 down-regulated unigenes. All the DGEs were allocated to 14 Kyoto Encyclopedia of Genes and Genomes pathways, and five pathways were associated with immune response, including TLR/TNF/NOD-like receptor/MAPK/Fc epsilon RI signaling pathways. Altogether, short-term (to one week) exposure of O. struma to lower luxy density ELF-EMF ( < 500 mu T) could elicit the immune response, and antioxidant system is recommended as indicators of immunological effects. Hopefully, this study will further provide insights into exploring biomarker for evaluation of the effect of ELF-EMF exposure on aquatic organisms regarding to field density, frequency and exposure duration, and provide good guidance for exploitation and utilization of renewable energy.","FISH & SHELLFISH IMMUNOLOGY","journalArticle","ANIMAL; ANIMALS; ARTICLE; CONTROLLED STUDY; NONHUMAN; WIND POWER; WIND; MAGNETIC FIELD; SIGNAL TRANSDUCTION; CHINA; PRIORITY JOURNAL; ELECTROMAGNETIC FIELDS; MOLLUSC; CATALASE; SUPEROXIDE DISMUTASE; IMMUNOLOGY; ALKALINE PHOSPHATASE; ANTIOXIDANT; ANTIOXIDANT SYSTEM; CATECHOL OXIDASE; CELL DENSITY; CELLS; CELOMOCYTES; CUCUMBER APOSTICHOPUS-JAPONICUS; CYTOSOLIC PHOSPHOLIPASE A2; DUAL OXIDASE; ELECTRIC CURRENT; ELECTROMAGNETISM; ENZYME ACTIVITY; EXTREMELY LOW FREQUENCY ELECTROMAGNETIC FIELDS (ELF-EMF); GASTROPOD; GASTROPODA; GENE EXPRESSION; GENE EXPRESSION PROFILING; GENE SEQUENCE; GENE-EXPRESSION; GENETICS; IMMUNE RESPONSE; IMMUNE-RELATED GENE; IMMUNITY; INNATE; INNATE IMMUNITY; LIPID METABOLISM; LIPID TRANSPORT; MAGNETIC-FIELD; MATRIX METALLOPROTEINASE 14; MITOGEN ACTIVATED PROTEIN KINASE; MITOGEN ACTIVATED PROTEIN KINASE 1; MITOGEN ACTIVATED PROTEIN KINASE P38; MOLLUSK; NUCLEOTIDE BINDING OLIGOMERIZATION DOMAIN LIKE RECEPTOR; OONCHIDIUM STRUMA; PROTEIN ASSEMBLY; RADIATION RESPONSE; ROOM TEMPERATURE; SEA-CUCUMBER; STIMULATION; STRESS ACTIVATED PROTEIN KINASE; T LYMPHOCYTE RECEPTOR; TRANSCRIPTOME; TRANSCRIPTOMICS; TUMOR NECROSIS FACTOR; UPREGULATION","1095-9947","10.1016/j.fsi.2020.01.062","574-584",NA,98,"CARLIER Antoine","carlier","Benthic macro-invertebrates ",NA,"Input of other forms of energy",NA,"yes",1,"Onchidium struma","NS","NA","adult","NS",NA,"yes","yes","NA","not specified","""O. struma is considered as a representative species for evolution from ocean to land in view of two respiration methods [23–25], an economically important species owing to high nutritional value and beneficial effects for Chinese medicine [26,27], and a valuable biomonitor for pollution [28].","AC","NS","NA","NS","NA","50","NS","AC","1E-4","50","""this study set two experimental ELF-EMF exposure systems with field intensity of (100.0 ± 9.2) μT and (500.0 ± 11.3) μT for 24 h, 72 h and 168 h, following methods described by Yuan et al. [33]. The ELF-EMF-producing device was made with a Helmholtz coil (R = 0.45 m) to form a constant magnetic field parallel to the Earth's direction. The magnetic field intensity (0–5.00 mT) for one device can be controlled by adjusting electric current and distance of ELF-EMFproducing device (Fig. 1). The intensity would be decreased along with the distance increment. O. struma was positioned between two ELFEMF-producing devices, where the EMF was homogeneous, and kept at (26 ± 1)°C.""; ""Two experimental ELF-EMF exposure systems with rms of 100 μT and 500 μT were then generated, named as groups E1 and E2, respectively. And the control group (C) was set under ambient magnetic field without other electronic ELF-EMF-producing devices except air conditioner (capacity = 735 W) for maintaining constant temperature. The EMF frequency content was close to pure 50 Hz (< 2% total harmonic distortion).""","NA","26","""O. struma was positioned between two ELF-EMF-producing devices, where the EMF was homogeneous, and kept at (26 ± 1)°C.""","NA","NA","NA","NA","NA","0","168","hours","7","ponctual","continuous","steady","water-sediment interface",NA,"NS","NA","no","no","NA","cellular","NA","quantitative","fitness","haemocyte/coelomocytes","cells / mL","mixed","yes","unknown","Figs 3a, b, c, d","direct","""After exposure, the total coelomocyte density (TCD) of O. struma in E1 group was increased at 168 hpx due to the increment of spherulocytes. Before exposure, TCD was approximately 1.17 × 106 cells/mL (Fig. 3A and B). After exposure to ELF-EMF, TCD in group E1 at 168 hpx increased to 8.73 × 106 cells/mL (Fig. 3A). There were no significant differences on DCD among groups C, E1 and E2, including amoebocytes and chromocytes (Fig. 3C and D).""","NA","NA","NA","NA","other","NS","NA","NA","4","3","YES","Yes","Impact subtle, due to only one category of coelomocytes over 3 tested",NA,"6EJU6WP9","EPPI-Reviewer ID: 97356132","Zhang (2020)","Zhang MM; Wang JW; Sun QR; Zhang H; Chen P; Li Q; Wang YN; Qiao G",2020,"Immune response of mollusk Onchidium struma to extremely low-frequency electromagnetic fields (ELF-EMF, 50 Hz) exposure based on immune-related enzyme activity and De novo transcriptome analysis","Along with rapid offshore and onshore wind power development in modern society, extremely low frequency electromagnetic fields (ELF-EMF) is produced extensively in the habits of aquatic organisms. However, the biological effects of ELF-EMF on aquatic organisms are almost sparse. In this study, Onchidium struma without shell was chosen to aim whether ELF-EMF can elicit immune response of mollusk based on immune-related enzyme activities and gene expression through high-throughput transcriptome sequencing. Three experimental groups, i.e. ELF-EMF unexposed control group (C), ELF-EMF (50 Hz, 100 mu T) exposed E1 group, and ELF-EMF (50 Hz, 500 mu T) exposed E2 group, were set, and coelomocytes were collected to analyze. The results showed that total coelomocyte and spherulocyte density in E1 group increased significantly compared to groups C and E2 (P < 0.05). There were no significant differences on amoebocyte and chromatocyte density among groups C, E1 and E2. ELF-EMF exposure could significantly increase immune-related enzyme activities in coelomic fluid of O. struma, including acidic phosphatase, alkaline phosphatase, antioxidative capacity, catalase, superoxide dismutase, and polyphenol oxidase (P < 0.05). A total of 54.32 Mb and 55.27 Mb raw reads with average length of 1520 bp were obtained from coelomocytes of O. struma in unexposed and exposed groups, respectively. There were 341 differentially expressed genes (DGEs) between unexposed and exposed groups, including 209 up-regulated and 132 down-regulated unigenes. All the DGEs were allocated to 14 Kyoto Encyclopedia of Genes and Genomes pathways, and five pathways were associated with immune response, including TLR/TNF/NOD-like receptor/MAPK/Fc epsilon RI signaling pathways. Altogether, short-term (to one week) exposure of O. struma to lower luxy density ELF-EMF ( < 500 mu T) could elicit the immune response, and antioxidant system is recommended as indicators of immunological effects. Hopefully, this study will further provide insights into exploring biomarker for evaluation of the effect of ELF-EMF exposure on aquatic organisms regarding to field density, frequency and exposure duration, and provide good guidance for exploitation and utilization of renewable energy.","FISH & SHELLFISH IMMUNOLOGY","journalArticle","ANIMAL; ANIMALS; ARTICLE; CONTROLLED STUDY; NONHUMAN; WIND POWER; WIND; MAGNETIC FIELD; SIGNAL TRANSDUCTION; CHINA; PRIORITY JOURNAL; ELECTROMAGNETIC FIELDS; MOLLUSC; CATALASE; SUPEROXIDE DISMUTASE; IMMUNOLOGY; ALKALINE PHOSPHATASE; ANTIOXIDANT; ANTIOXIDANT SYSTEM; CATECHOL OXIDASE; CELL DENSITY; CELLS; CELOMOCYTES; CUCUMBER APOSTICHOPUS-JAPONICUS; CYTOSOLIC PHOSPHOLIPASE A2; DUAL OXIDASE; ELECTRIC CURRENT; ELECTROMAGNETISM; ENZYME ACTIVITY; EXTREMELY LOW FREQUENCY ELECTROMAGNETIC FIELDS (ELF-EMF); GASTROPOD; GASTROPODA; GENE EXPRESSION; GENE EXPRESSION PROFILING; GENE SEQUENCE; GENE-EXPRESSION; GENETICS; IMMUNE RESPONSE; IMMUNE-RELATED GENE; IMMUNITY; INNATE; INNATE IMMUNITY; LIPID METABOLISM; LIPID TRANSPORT; MAGNETIC-FIELD; MATRIX METALLOPROTEINASE 14; MITOGEN ACTIVATED PROTEIN KINASE; MITOGEN ACTIVATED PROTEIN KINASE 1; MITOGEN ACTIVATED PROTEIN KINASE P38; MOLLUSK; NUCLEOTIDE BINDING OLIGOMERIZATION DOMAIN LIKE RECEPTOR; OONCHIDIUM STRUMA; PROTEIN ASSEMBLY; RADIATION RESPONSE; ROOM TEMPERATURE; SEA-CUCUMBER; STIMULATION; STRESS ACTIVATED PROTEIN KINASE; T LYMPHOCYTE RECEPTOR; TRANSCRIPTOME; TRANSCRIPTOMICS; TUMOR NECROSIS FACTOR; UPREGULATION",NA,"1095-9947","10.1016/j.fsi.2020.01.062",NA,"574-584","","98","CARLIER Antoine","","","","","carlier","","","","","","","","Article","No - Continue","No - Continue","No - Continue","Benthic macro-invertebrates ","","Onchidium struma",NA,NA,NA,NA,NA,NA,"No",0,"Physical","","Input of other forms of energy","","No",NA,NA,NA,NA,"No",NA,NA,NA,"Yes",NA,NA,"Mixed-Effect",NA,NA,NA,NA,NA,"No",NA,NA,NA,NA,"No",NA,NA,NA,"No",NA,NA,"No",NA,"0","Figs 3A, 4, 5, 6","No","No","No","Yes","No","No","No","No","No","No","Yes","No","No","No","No","No","No","No","No","Yes","No","No",NA,NA,NA,NA,NA,NA,NA,NA,NA,"China","33.759230, 107.409845","EAST CHINA SEA",NA,"30.160839, 126.001276",NA,NA,NA,NA,NA,"No","No","Yes","No","No","No",NA,"Unsure","No","No","No","","No","","No","","Inlcuded",123,1,1,NA,NA,NA,NA,NA,NA,NA,NA,NA,NA,NA,NA,NA,NA,NA,NA,NA,NA,NA,NA,NA,"merged"
"619","6EJU6WP9","EPPI-Reviewer ID: 97356132","Zhang (2020)","Zhang MM; Wang JW; Sun QR; Zhang H; Chen P; Li Q; Wang YN; Qiao G",2020,"Immune response of mollusk Onchidium struma to extremely low-frequency electromagnetic fields (ELF-EMF, 50 Hz) exposure based on immune-related enzyme activity and De novo transcriptome analysis","Along with rapid offshore and onshore wind power development in modern society, extremely low frequency electromagnetic fields (ELF-EMF) is produced extensively in the habits of aquatic organisms. However, the biological effects of ELF-EMF on aquatic organisms are almost sparse. In this study, Onchidium struma without shell was chosen to aim whether ELF-EMF can elicit immune response of mollusk based on immune-related enzyme activities and gene expression through high-throughput transcriptome sequencing. Three experimental groups, i.e. ELF-EMF unexposed control group (C), ELF-EMF (50 Hz, 100 mu T) exposed E1 group, and ELF-EMF (50 Hz, 500 mu T) exposed E2 group, were set, and coelomocytes were collected to analyze. The results showed that total coelomocyte and spherulocyte density in E1 group increased significantly compared to groups C and E2 (P < 0.05). There were no significant differences on amoebocyte and chromatocyte density among groups C, E1 and E2. ELF-EMF exposure could significantly increase immune-related enzyme activities in coelomic fluid of O. struma, including acidic phosphatase, alkaline phosphatase, antioxidative capacity, catalase, superoxide dismutase, and polyphenol oxidase (P < 0.05). A total of 54.32 Mb and 55.27 Mb raw reads with average length of 1520 bp were obtained from coelomocytes of O. struma in unexposed and exposed groups, respectively. There were 341 differentially expressed genes (DGEs) between unexposed and exposed groups, including 209 up-regulated and 132 down-regulated unigenes. All the DGEs were allocated to 14 Kyoto Encyclopedia of Genes and Genomes pathways, and five pathways were associated with immune response, including TLR/TNF/NOD-like receptor/MAPK/Fc epsilon RI signaling pathways. Altogether, short-term (to one week) exposure of O. struma to lower luxy density ELF-EMF ( < 500 mu T) could elicit the immune response, and antioxidant system is recommended as indicators of immunological effects. Hopefully, this study will further provide insights into exploring biomarker for evaluation of the effect of ELF-EMF exposure on aquatic organisms regarding to field density, frequency and exposure duration, and provide good guidance for exploitation and utilization of renewable energy.","FISH & SHELLFISH IMMUNOLOGY","journalArticle","ANIMAL; ANIMALS; ARTICLE; CONTROLLED STUDY; NONHUMAN; WIND POWER; WIND; MAGNETIC FIELD; SIGNAL TRANSDUCTION; CHINA; PRIORITY JOURNAL; ELECTROMAGNETIC FIELDS; MOLLUSC; CATALASE; SUPEROXIDE DISMUTASE; IMMUNOLOGY; ALKALINE PHOSPHATASE; ANTIOXIDANT; ANTIOXIDANT SYSTEM; CATECHOL OXIDASE; CELL DENSITY; CELLS; CELOMOCYTES; CUCUMBER APOSTICHOPUS-JAPONICUS; CYTOSOLIC PHOSPHOLIPASE A2; DUAL OXIDASE; ELECTRIC CURRENT; ELECTROMAGNETISM; ENZYME ACTIVITY; EXTREMELY LOW FREQUENCY ELECTROMAGNETIC FIELDS (ELF-EMF); GASTROPOD; GASTROPODA; GENE EXPRESSION; GENE EXPRESSION PROFILING; GENE SEQUENCE; GENE-EXPRESSION; GENETICS; IMMUNE RESPONSE; IMMUNE-RELATED GENE; IMMUNITY; INNATE; INNATE IMMUNITY; LIPID METABOLISM; LIPID TRANSPORT; MAGNETIC-FIELD; MATRIX METALLOPROTEINASE 14; MITOGEN ACTIVATED PROTEIN KINASE; MITOGEN ACTIVATED PROTEIN KINASE 1; MITOGEN ACTIVATED PROTEIN KINASE P38; MOLLUSK; NUCLEOTIDE BINDING OLIGOMERIZATION DOMAIN LIKE RECEPTOR; OONCHIDIUM STRUMA; PROTEIN ASSEMBLY; RADIATION RESPONSE; ROOM TEMPERATURE; SEA-CUCUMBER; STIMULATION; STRESS ACTIVATED PROTEIN KINASE; T LYMPHOCYTE RECEPTOR; TRANSCRIPTOME; TRANSCRIPTOMICS; TUMOR NECROSIS FACTOR; UPREGULATION","1095-9947","10.1016/j.fsi.2020.01.062","574-584",NA,98,"CARLIER Antoine","carlier","Benthic macro-invertebrates ",NA,"Input of other forms of energy",NA,"yes",2,"Onchidium struma","NS","NA","adult","NS",NA,"yes","yes","NA","not specified","""O. struma is considered as a representative species for evolution from ocean to land in view of two respiration methods [23–25], an economically important species owing to high nutritional value and beneficial effects for Chinese medicine [26,27], and a valuable biomonitor for pollution [28].","AC","NS","NA","NS","NA","50","NS","AC","5.0000000000000001E-4","50","""this study set two experimental ELF-EMF exposure systems with field intensity of (100.0 ± 9.2) μT and (500.0 ± 11.3) μT for 24 h, 72 h and 168 h, following methods described by Yuan et al. [33]. The ELF-EMF-producing device was made with a Helmholtz coil (R = 0.45 m) to form a constant magnetic field parallel to the Earth's direction. The magnetic field intensity (0–5.00 mT) for one device can be controlled by adjusting electric current and distance of ELF-EMFproducing device (Fig. 1). The intensity would be decreased along with the distance increment. O. struma was positioned between two ELFEMF-producing devices, where the EMF was homogeneous, and kept at (26 ± 1)°C.""; ""Two experimental ELF-EMF exposure systems with rms of 100 μT and 500 μT were then generated, named as groups E1 and E2, respectively. And the control group (C) was set under ambient magnetic field without other electronic ELF-EMF-producing devices except air conditioner (capacity = 735 W) for maintaining constant temperature. The EMF frequency content was close to pure 50 Hz (< 2% total harmonic distortion).""","NA","26","""O. struma was positioned between two ELF-EMF-producing devices, where the EMF was homogeneous, and kept at (26 ± 1)°C.""","NA","NA","NA","NA","NA","0","168","hours","7","ponctual","continuous","steady","water-sediment interface",NA,"NS","NA","no","no","NA","cellular","NA","quantitative","fitness","haemocyte/coelomocytes","cells / mL","no impact/negligible","no","unknown","Figs 3a, b, c, d","direct","""After exposure, the total coelomocyte density (TCD) of O. struma in E1 group was increased at 168 hpx due to the increment of spherulocytes. Before exposure, TCD was approximately 1.17 × 106 cells/mL (Fig. 3A and B). After exposure to ELF-EMF, TCD in group E1 at 168 hpx increased to 8.73 × 106 cells/mL (Fig. 3A). There were no significant differences on DCD among groups C, E1 and E2, including amoebocytes and chromocytes (Fig. 3C and D).""","NA","NA","NA","NA","other","NS","NA","NA","4","3","YES","Yes",NA,NA,"6EJU6WP9","EPPI-Reviewer ID: 97356132","Zhang (2020)","Zhang MM; Wang JW; Sun QR; Zhang H; Chen P; Li Q; Wang YN; Qiao G",2020,"Immune response of mollusk Onchidium struma to extremely low-frequency electromagnetic fields (ELF-EMF, 50 Hz) exposure based on immune-related enzyme activity and De novo transcriptome analysis","Along with rapid offshore and onshore wind power development in modern society, extremely low frequency electromagnetic fields (ELF-EMF) is produced extensively in the habits of aquatic organisms. However, the biological effects of ELF-EMF on aquatic organisms are almost sparse. In this study, Onchidium struma without shell was chosen to aim whether ELF-EMF can elicit immune response of mollusk based on immune-related enzyme activities and gene expression through high-throughput transcriptome sequencing. Three experimental groups, i.e. ELF-EMF unexposed control group (C), ELF-EMF (50 Hz, 100 mu T) exposed E1 group, and ELF-EMF (50 Hz, 500 mu T) exposed E2 group, were set, and coelomocytes were collected to analyze. The results showed that total coelomocyte and spherulocyte density in E1 group increased significantly compared to groups C and E2 (P < 0.05). There were no significant differences on amoebocyte and chromatocyte density among groups C, E1 and E2. ELF-EMF exposure could significantly increase immune-related enzyme activities in coelomic fluid of O. struma, including acidic phosphatase, alkaline phosphatase, antioxidative capacity, catalase, superoxide dismutase, and polyphenol oxidase (P < 0.05). A total of 54.32 Mb and 55.27 Mb raw reads with average length of 1520 bp were obtained from coelomocytes of O. struma in unexposed and exposed groups, respectively. There were 341 differentially expressed genes (DGEs) between unexposed and exposed groups, including 209 up-regulated and 132 down-regulated unigenes. All the DGEs were allocated to 14 Kyoto Encyclopedia of Genes and Genomes pathways, and five pathways were associated with immune response, including TLR/TNF/NOD-like receptor/MAPK/Fc epsilon RI signaling pathways. Altogether, short-term (to one week) exposure of O. struma to lower luxy density ELF-EMF ( < 500 mu T) could elicit the immune response, and antioxidant system is recommended as indicators of immunological effects. Hopefully, this study will further provide insights into exploring biomarker for evaluation of the effect of ELF-EMF exposure on aquatic organisms regarding to field density, frequency and exposure duration, and provide good guidance for exploitation and utilization of renewable energy.","FISH & SHELLFISH IMMUNOLOGY","journalArticle","ANIMAL; ANIMALS; ARTICLE; CONTROLLED STUDY; NONHUMAN; WIND POWER; WIND; MAGNETIC FIELD; SIGNAL TRANSDUCTION; CHINA; PRIORITY JOURNAL; ELECTROMAGNETIC FIELDS; MOLLUSC; CATALASE; SUPEROXIDE DISMUTASE; IMMUNOLOGY; ALKALINE PHOSPHATASE; ANTIOXIDANT; ANTIOXIDANT SYSTEM; CATECHOL OXIDASE; CELL DENSITY; CELLS; CELOMOCYTES; CUCUMBER APOSTICHOPUS-JAPONICUS; CYTOSOLIC PHOSPHOLIPASE A2; DUAL OXIDASE; ELECTRIC CURRENT; ELECTROMAGNETISM; ENZYME ACTIVITY; EXTREMELY LOW FREQUENCY ELECTROMAGNETIC FIELDS (ELF-EMF); GASTROPOD; GASTROPODA; GENE EXPRESSION; GENE EXPRESSION PROFILING; GENE SEQUENCE; GENE-EXPRESSION; GENETICS; IMMUNE RESPONSE; IMMUNE-RELATED GENE; IMMUNITY; INNATE; INNATE IMMUNITY; LIPID METABOLISM; LIPID TRANSPORT; MAGNETIC-FIELD; MATRIX METALLOPROTEINASE 14; MITOGEN ACTIVATED PROTEIN KINASE; MITOGEN ACTIVATED PROTEIN KINASE 1; MITOGEN ACTIVATED PROTEIN KINASE P38; MOLLUSK; NUCLEOTIDE BINDING OLIGOMERIZATION DOMAIN LIKE RECEPTOR; OONCHIDIUM STRUMA; PROTEIN ASSEMBLY; RADIATION RESPONSE; ROOM TEMPERATURE; SEA-CUCUMBER; STIMULATION; STRESS ACTIVATED PROTEIN KINASE; T LYMPHOCYTE RECEPTOR; TRANSCRIPTOME; TRANSCRIPTOMICS; TUMOR NECROSIS FACTOR; UPREGULATION",NA,"1095-9947","10.1016/j.fsi.2020.01.062",NA,"574-584","","98","CARLIER Antoine","","","","","carlier","","","","","","","","Article","No - Continue","No - Continue","No - Continue","Benthic macro-invertebrates ","","Onchidium struma",NA,NA,NA,NA,NA,NA,"No",0,"Physical","","Input of other forms of energy","","No",NA,NA,NA,NA,"No",NA,NA,NA,"Yes",NA,NA,"Mixed-Effect",NA,NA,NA,NA,NA,"No",NA,NA,NA,NA,"No",NA,NA,NA,"No",NA,NA,"No",NA,"0","Figs 3A, 4, 5, 6","No","No","No","Yes","No","No","No","No","No","No","Yes","No","No","No","No","No","No","No","No","Yes","No","No",NA,NA,NA,NA,NA,NA,NA,NA,NA,"China","33.759230, 107.409845","EAST CHINA SEA",NA,"30.160839, 126.001276",NA,NA,NA,NA,NA,"No","No","Yes","No","No","No",NA,"Unsure","No","No","No","","No","","No","","Inlcuded",124,1,1,NA,NA,NA,NA,NA,NA,NA,NA,NA,NA,NA,NA,NA,NA,NA,NA,NA,NA,NA,NA,NA,"merged"
"619","6EJU6WP9","EPPI-Reviewer ID: 97356132","Zhang (2020)","Zhang MM; Wang JW; Sun QR; Zhang H; Chen P; Li Q; Wang YN; Qiao G",2020,"Immune response of mollusk Onchidium struma to extremely low-frequency electromagnetic fields (ELF-EMF, 50 Hz) exposure based on immune-related enzyme activity and De novo transcriptome analysis","Along with rapid offshore and onshore wind power development in modern society, extremely low frequency electromagnetic fields (ELF-EMF) is produced extensively in the habits of aquatic organisms. However, the biological effects of ELF-EMF on aquatic organisms are almost sparse. In this study, Onchidium struma without shell was chosen to aim whether ELF-EMF can elicit immune response of mollusk based on immune-related enzyme activities and gene expression through high-throughput transcriptome sequencing. Three experimental groups, i.e. ELF-EMF unexposed control group (C), ELF-EMF (50 Hz, 100 mu T) exposed E1 group, and ELF-EMF (50 Hz, 500 mu T) exposed E2 group, were set, and coelomocytes were collected to analyze. The results showed that total coelomocyte and spherulocyte density in E1 group increased significantly compared to groups C and E2 (P < 0.05). There were no significant differences on amoebocyte and chromatocyte density among groups C, E1 and E2. ELF-EMF exposure could significantly increase immune-related enzyme activities in coelomic fluid of O. struma, including acidic phosphatase, alkaline phosphatase, antioxidative capacity, catalase, superoxide dismutase, and polyphenol oxidase (P < 0.05). A total of 54.32 Mb and 55.27 Mb raw reads with average length of 1520 bp were obtained from coelomocytes of O. struma in unexposed and exposed groups, respectively. There were 341 differentially expressed genes (DGEs) between unexposed and exposed groups, including 209 up-regulated and 132 down-regulated unigenes. All the DGEs were allocated to 14 Kyoto Encyclopedia of Genes and Genomes pathways, and five pathways were associated with immune response, including TLR/TNF/NOD-like receptor/MAPK/Fc epsilon RI signaling pathways. Altogether, short-term (to one week) exposure of O. struma to lower luxy density ELF-EMF ( < 500 mu T) could elicit the immune response, and antioxidant system is recommended as indicators of immunological effects. Hopefully, this study will further provide insights into exploring biomarker for evaluation of the effect of ELF-EMF exposure on aquatic organisms regarding to field density, frequency and exposure duration, and provide good guidance for exploitation and utilization of renewable energy.","FISH & SHELLFISH IMMUNOLOGY","journalArticle","ANIMAL; ANIMALS; ARTICLE; CONTROLLED STUDY; NONHUMAN; WIND POWER; WIND; MAGNETIC FIELD; SIGNAL TRANSDUCTION; CHINA; PRIORITY JOURNAL; ELECTROMAGNETIC FIELDS; MOLLUSC; CATALASE; SUPEROXIDE DISMUTASE; IMMUNOLOGY; ALKALINE PHOSPHATASE; ANTIOXIDANT; ANTIOXIDANT SYSTEM; CATECHOL OXIDASE; CELL DENSITY; CELLS; CELOMOCYTES; CUCUMBER APOSTICHOPUS-JAPONICUS; CYTOSOLIC PHOSPHOLIPASE A2; DUAL OXIDASE; ELECTRIC CURRENT; ELECTROMAGNETISM; ENZYME ACTIVITY; EXTREMELY LOW FREQUENCY ELECTROMAGNETIC FIELDS (ELF-EMF); GASTROPOD; GASTROPODA; GENE EXPRESSION; GENE EXPRESSION PROFILING; GENE SEQUENCE; GENE-EXPRESSION; GENETICS; IMMUNE RESPONSE; IMMUNE-RELATED GENE; IMMUNITY; INNATE; INNATE IMMUNITY; LIPID METABOLISM; LIPID TRANSPORT; MAGNETIC-FIELD; MATRIX METALLOPROTEINASE 14; MITOGEN ACTIVATED PROTEIN KINASE; MITOGEN ACTIVATED PROTEIN KINASE 1; MITOGEN ACTIVATED PROTEIN KINASE P38; MOLLUSK; NUCLEOTIDE BINDING OLIGOMERIZATION DOMAIN LIKE RECEPTOR; OONCHIDIUM STRUMA; PROTEIN ASSEMBLY; RADIATION RESPONSE; ROOM TEMPERATURE; SEA-CUCUMBER; STIMULATION; STRESS ACTIVATED PROTEIN KINASE; T LYMPHOCYTE RECEPTOR; TRANSCRIPTOME; TRANSCRIPTOMICS; TUMOR NECROSIS FACTOR; UPREGULATION","1095-9947","10.1016/j.fsi.2020.01.062","574-584",NA,98,"CARLIER Antoine","carlier","Benthic macro-invertebrates ",NA,"Input of other forms of energy",NA,"yes",3,"Onchidium struma","NS","NA","adult","NS",NA,"yes","yes","NA","not specified","""O. struma is considered as a representative species for evolution from ocean to land in view of two respiration methods [23–25], an economically important species owing to high nutritional value and beneficial effects for Chinese medicine [26,27], and a valuable biomonitor for pollution [28].","AC","NS","NA","NS","NA","50","NS","AC","1E-4","50","""this study set two experimental ELF-EMF exposure systems with field intensity of (100.0 ± 9.2) μT and (500.0 ± 11.3) μT for 24 h, 72 h and 168 h, following methods described by Yuan et al. [33]. The ELF-EMF-producing device was made with a Helmholtz coil (R = 0.45 m) to form a constant magnetic field parallel to the Earth's direction. The magnetic field intensity (0–5.00 mT) for one device can be controlled by adjusting electric current and distance of ELF-EMFproducing device (Fig. 1). The intensity would be decreased along with the distance increment. O. struma was positioned between two ELFEMF-producing devices, where the EMF was homogeneous, and kept at (26 ± 1)°C.""; ""Two experimental ELF-EMF exposure systems with rms of 100 μT and 500 μT were then generated, named as groups E1 and E2, respectively. And the control group (C) was set under ambient magnetic field without other electronic ELF-EMF-producing devices except air conditioner (capacity = 735 W) for maintaining constant temperature. The EMF frequency content was close to pure 50 Hz (< 2% total harmonic distortion).""","NA","26","""O. struma was positioned between two ELF-EMF-producing devices, where the EMF was homogeneous, and kept at (26 ± 1)°C.""","NA","NA","NA","NA","NA","0","168","hours","7","ponctual","continuous","steady","water-sediment interface",NA,"NS","NA","no","no","NA","molecular","NA","quantitative","fitness","stress biomarkers","U / mL","increase","yes","unknown","Fig 4","direct","""Significant differences on immune-related enzyme activities of ACP, AKP, T-AOC, SOD, and PO in the coelomic fluid supernatants of O. struma post ELF-EMF exposure were observed. As shown in Fig. 4, immune- related enzyme activities in ELF-EMF exposure groups were significantly higher than those in unexposed group (C) (P < 0.05).""","NA","NA","NA","NA","other","NS","NA","NA","4","3","YES","Yes","Impacts not consistent accross tested enzyme, nor over the time course of the experiment (i.e. could be transitory",NA,"6EJU6WP9","EPPI-Reviewer ID: 97356132","Zhang (2020)","Zhang MM; Wang JW; Sun QR; Zhang H; Chen P; Li Q; Wang YN; Qiao G",2020,"Immune response of mollusk Onchidium struma to extremely low-frequency electromagnetic fields (ELF-EMF, 50 Hz) exposure based on immune-related enzyme activity and De novo transcriptome analysis","Along with rapid offshore and onshore wind power development in modern society, extremely low frequency electromagnetic fields (ELF-EMF) is produced extensively in the habits of aquatic organisms. However, the biological effects of ELF-EMF on aquatic organisms are almost sparse. In this study, Onchidium struma without shell was chosen to aim whether ELF-EMF can elicit immune response of mollusk based on immune-related enzyme activities and gene expression through high-throughput transcriptome sequencing. Three experimental groups, i.e. ELF-EMF unexposed control group (C), ELF-EMF (50 Hz, 100 mu T) exposed E1 group, and ELF-EMF (50 Hz, 500 mu T) exposed E2 group, were set, and coelomocytes were collected to analyze. The results showed that total coelomocyte and spherulocyte density in E1 group increased significantly compared to groups C and E2 (P < 0.05). There were no significant differences on amoebocyte and chromatocyte density among groups C, E1 and E2. ELF-EMF exposure could significantly increase immune-related enzyme activities in coelomic fluid of O. struma, including acidic phosphatase, alkaline phosphatase, antioxidative capacity, catalase, superoxide dismutase, and polyphenol oxidase (P < 0.05). A total of 54.32 Mb and 55.27 Mb raw reads with average length of 1520 bp were obtained from coelomocytes of O. struma in unexposed and exposed groups, respectively. There were 341 differentially expressed genes (DGEs) between unexposed and exposed groups, including 209 up-regulated and 132 down-regulated unigenes. All the DGEs were allocated to 14 Kyoto Encyclopedia of Genes and Genomes pathways, and five pathways were associated with immune response, including TLR/TNF/NOD-like receptor/MAPK/Fc epsilon RI signaling pathways. Altogether, short-term (to one week) exposure of O. struma to lower luxy density ELF-EMF ( < 500 mu T) could elicit the immune response, and antioxidant system is recommended as indicators of immunological effects. Hopefully, this study will further provide insights into exploring biomarker for evaluation of the effect of ELF-EMF exposure on aquatic organisms regarding to field density, frequency and exposure duration, and provide good guidance for exploitation and utilization of renewable energy.","FISH & SHELLFISH IMMUNOLOGY","journalArticle","ANIMAL; ANIMALS; ARTICLE; CONTROLLED STUDY; NONHUMAN; WIND POWER; WIND; MAGNETIC FIELD; SIGNAL TRANSDUCTION; CHINA; PRIORITY JOURNAL; ELECTROMAGNETIC FIELDS; MOLLUSC; CATALASE; SUPEROXIDE DISMUTASE; IMMUNOLOGY; ALKALINE PHOSPHATASE; ANTIOXIDANT; ANTIOXIDANT SYSTEM; CATECHOL OXIDASE; CELL DENSITY; CELLS; CELOMOCYTES; CUCUMBER APOSTICHOPUS-JAPONICUS; CYTOSOLIC PHOSPHOLIPASE A2; DUAL OXIDASE; ELECTRIC CURRENT; ELECTROMAGNETISM; ENZYME ACTIVITY; EXTREMELY LOW FREQUENCY ELECTROMAGNETIC FIELDS (ELF-EMF); GASTROPOD; GASTROPODA; GENE EXPRESSION; GENE EXPRESSION PROFILING; GENE SEQUENCE; GENE-EXPRESSION; GENETICS; IMMUNE RESPONSE; IMMUNE-RELATED GENE; IMMUNITY; INNATE; INNATE IMMUNITY; LIPID METABOLISM; LIPID TRANSPORT; MAGNETIC-FIELD; MATRIX METALLOPROTEINASE 14; MITOGEN ACTIVATED PROTEIN KINASE; MITOGEN ACTIVATED PROTEIN KINASE 1; MITOGEN ACTIVATED PROTEIN KINASE P38; MOLLUSK; NUCLEOTIDE BINDING OLIGOMERIZATION DOMAIN LIKE RECEPTOR; OONCHIDIUM STRUMA; PROTEIN ASSEMBLY; RADIATION RESPONSE; ROOM TEMPERATURE; SEA-CUCUMBER; STIMULATION; STRESS ACTIVATED PROTEIN KINASE; T LYMPHOCYTE RECEPTOR; TRANSCRIPTOME; TRANSCRIPTOMICS; TUMOR NECROSIS FACTOR; UPREGULATION",NA,"1095-9947","10.1016/j.fsi.2020.01.062",NA,"574-584","","98","CARLIER Antoine","","","","","carlier","","","","","","","","Article","No - Continue","No - Continue","No - Continue","Benthic macro-invertebrates ","","Onchidium struma",NA,NA,NA,NA,NA,NA,"No",0,"Physical","","Input of other forms of energy","","No",NA,NA,NA,NA,"No",NA,NA,NA,"Yes",NA,NA,"Mixed-Effect",NA,NA,NA,NA,NA,"No",NA,NA,NA,NA,"No",NA,NA,NA,"No",NA,NA,"No",NA,"0","Figs 3A, 4, 5, 6","No","No","No","Yes","No","No","No","No","No","No","Yes","No","No","No","No","No","No","No","No","Yes","No","No",NA,NA,NA,NA,NA,NA,NA,NA,NA,"China","33.759230, 107.409845","EAST CHINA SEA",NA,"30.160839, 126.001276",NA,NA,NA,NA,NA,"No","No","Yes","No","No","No",NA,"Unsure","No","No","No","","No","","No","","Inlcuded",125,1,1,NA,NA,NA,NA,NA,NA,NA,NA,NA,NA,NA,NA,NA,NA,NA,NA,NA,NA,NA,NA,NA,"merged"
"619","6EJU6WP9","EPPI-Reviewer ID: 97356132","Zhang (2020)","Zhang MM; Wang JW; Sun QR; Zhang H; Chen P; Li Q; Wang YN; Qiao G",2020,"Immune response of mollusk Onchidium struma to extremely low-frequency electromagnetic fields (ELF-EMF, 50 Hz) exposure based on immune-related enzyme activity and De novo transcriptome analysis","Along with rapid offshore and onshore wind power development in modern society, extremely low frequency electromagnetic fields (ELF-EMF) is produced extensively in the habits of aquatic organisms. However, the biological effects of ELF-EMF on aquatic organisms are almost sparse. In this study, Onchidium struma without shell was chosen to aim whether ELF-EMF can elicit immune response of mollusk based on immune-related enzyme activities and gene expression through high-throughput transcriptome sequencing. Three experimental groups, i.e. ELF-EMF unexposed control group (C), ELF-EMF (50 Hz, 100 mu T) exposed E1 group, and ELF-EMF (50 Hz, 500 mu T) exposed E2 group, were set, and coelomocytes were collected to analyze. The results showed that total coelomocyte and spherulocyte density in E1 group increased significantly compared to groups C and E2 (P < 0.05). There were no significant differences on amoebocyte and chromatocyte density among groups C, E1 and E2. ELF-EMF exposure could significantly increase immune-related enzyme activities in coelomic fluid of O. struma, including acidic phosphatase, alkaline phosphatase, antioxidative capacity, catalase, superoxide dismutase, and polyphenol oxidase (P < 0.05). A total of 54.32 Mb and 55.27 Mb raw reads with average length of 1520 bp were obtained from coelomocytes of O. struma in unexposed and exposed groups, respectively. There were 341 differentially expressed genes (DGEs) between unexposed and exposed groups, including 209 up-regulated and 132 down-regulated unigenes. All the DGEs were allocated to 14 Kyoto Encyclopedia of Genes and Genomes pathways, and five pathways were associated with immune response, including TLR/TNF/NOD-like receptor/MAPK/Fc epsilon RI signaling pathways. Altogether, short-term (to one week) exposure of O. struma to lower luxy density ELF-EMF ( < 500 mu T) could elicit the immune response, and antioxidant system is recommended as indicators of immunological effects. Hopefully, this study will further provide insights into exploring biomarker for evaluation of the effect of ELF-EMF exposure on aquatic organisms regarding to field density, frequency and exposure duration, and provide good guidance for exploitation and utilization of renewable energy.","FISH & SHELLFISH IMMUNOLOGY","journalArticle","ANIMAL; ANIMALS; ARTICLE; CONTROLLED STUDY; NONHUMAN; WIND POWER; WIND; MAGNETIC FIELD; SIGNAL TRANSDUCTION; CHINA; PRIORITY JOURNAL; ELECTROMAGNETIC FIELDS; MOLLUSC; CATALASE; SUPEROXIDE DISMUTASE; IMMUNOLOGY; ALKALINE PHOSPHATASE; ANTIOXIDANT; ANTIOXIDANT SYSTEM; CATECHOL OXIDASE; CELL DENSITY; CELLS; CELOMOCYTES; CUCUMBER APOSTICHOPUS-JAPONICUS; CYTOSOLIC PHOSPHOLIPASE A2; DUAL OXIDASE; ELECTRIC CURRENT; ELECTROMAGNETISM; ENZYME ACTIVITY; EXTREMELY LOW FREQUENCY ELECTROMAGNETIC FIELDS (ELF-EMF); GASTROPOD; GASTROPODA; GENE EXPRESSION; GENE EXPRESSION PROFILING; GENE SEQUENCE; GENE-EXPRESSION; GENETICS; IMMUNE RESPONSE; IMMUNE-RELATED GENE; IMMUNITY; INNATE; INNATE IMMUNITY; LIPID METABOLISM; LIPID TRANSPORT; MAGNETIC-FIELD; MATRIX METALLOPROTEINASE 14; MITOGEN ACTIVATED PROTEIN KINASE; MITOGEN ACTIVATED PROTEIN KINASE 1; MITOGEN ACTIVATED PROTEIN KINASE P38; MOLLUSK; NUCLEOTIDE BINDING OLIGOMERIZATION DOMAIN LIKE RECEPTOR; OONCHIDIUM STRUMA; PROTEIN ASSEMBLY; RADIATION RESPONSE; ROOM TEMPERATURE; SEA-CUCUMBER; STIMULATION; STRESS ACTIVATED PROTEIN KINASE; T LYMPHOCYTE RECEPTOR; TRANSCRIPTOME; TRANSCRIPTOMICS; TUMOR NECROSIS FACTOR; UPREGULATION","1095-9947","10.1016/j.fsi.2020.01.062","574-584",NA,98,"CARLIER Antoine","carlier","Benthic macro-invertebrates ",NA,"Input of other forms of energy",NA,"yes",4,"Onchidium struma","NS","NA","adult","NS",NA,"yes","yes","NA","not specified","""O. struma is considered as a representative species for evolution from ocean to land in view of two respiration methods [23–25], an economically important species owing to high nutritional value and beneficial effects for Chinese medicine [26,27], and a valuable biomonitor for pollution [28].","AC","NS","NA","NS","NA","50","NS","AC","5.0000000000000001E-4","50","""this study set two experimental ELF-EMF exposure systems with field intensity of (100.0 ± 9.2) μT and (500.0 ± 11.3) μT for 24 h, 72 h and 168 h, following methods described by Yuan et al. [33]. The ELF-EMF-producing device was made with a Helmholtz coil (R = 0.45 m) to form a constant magnetic field parallel to the Earth's direction. The magnetic field intensity (0–5.00 mT) for one device can be controlled by adjusting electric current and distance of ELF-EMFproducing device (Fig. 1). The intensity would be decreased along with the distance increment. O. struma was positioned between two ELFEMF-producing devices, where the EMF was homogeneous, and kept at (26 ± 1)°C.""; ""Two experimental ELF-EMF exposure systems with rms of 100 μT and 500 μT were then generated, named as groups E1 and E2, respectively. And the control group (C) was set under ambient magnetic field without other electronic ELF-EMF-producing devices except air conditioner (capacity = 735 W) for maintaining constant temperature. The EMF frequency content was close to pure 50 Hz (< 2% total harmonic distortion).""","NA","26","""O. struma was positioned between two ELF-EMF-producing devices, where the EMF was homogeneous, and kept at (26 ± 1)°C.""","NA","NA","NA","NA","NA","0","168","hours","7","ponctual","continuous","steady","water-sediment interface",NA,"NS","NA","no","no","NA","molecular","NA","quantitative","fitness","stress biomarkers","U / mL","increase","yes","unknown","Fig 4","direct","""Significant differences on immune-related enzyme activities of ACP, AKP, T-AOC, SOD, and PO in the coelomic fluid supernatants of O. struma post ELF-EMF exposure were observed. As shown in Fig. 4, immune- related enzyme activities in ELF-EMF exposure groups were significantly higher than those in unexposed group (C) (P < 0.05).""","NA","NA","NA","NA","other","NS","NA","NA","4","3","YES","Yes","Impacts not consistent accross tested enzyme, nor over the time course of the experiment (i.e. could be transitory",NA,"6EJU6WP9","EPPI-Reviewer ID: 97356132","Zhang (2020)","Zhang MM; Wang JW; Sun QR; Zhang H; Chen P; Li Q; Wang YN; Qiao G",2020,"Immune response of mollusk Onchidium struma to extremely low-frequency electromagnetic fields (ELF-EMF, 50 Hz) exposure based on immune-related enzyme activity and De novo transcriptome analysis","Along with rapid offshore and onshore wind power development in modern society, extremely low frequency electromagnetic fields (ELF-EMF) is produced extensively in the habits of aquatic organisms. However, the biological effects of ELF-EMF on aquatic organisms are almost sparse. In this study, Onchidium struma without shell was chosen to aim whether ELF-EMF can elicit immune response of mollusk based on immune-related enzyme activities and gene expression through high-throughput transcriptome sequencing. Three experimental groups, i.e. ELF-EMF unexposed control group (C), ELF-EMF (50 Hz, 100 mu T) exposed E1 group, and ELF-EMF (50 Hz, 500 mu T) exposed E2 group, were set, and coelomocytes were collected to analyze. The results showed that total coelomocyte and spherulocyte density in E1 group increased significantly compared to groups C and E2 (P < 0.05). There were no significant differences on amoebocyte and chromatocyte density among groups C, E1 and E2. ELF-EMF exposure could significantly increase immune-related enzyme activities in coelomic fluid of O. struma, including acidic phosphatase, alkaline phosphatase, antioxidative capacity, catalase, superoxide dismutase, and polyphenol oxidase (P < 0.05). A total of 54.32 Mb and 55.27 Mb raw reads with average length of 1520 bp were obtained from coelomocytes of O. struma in unexposed and exposed groups, respectively. There were 341 differentially expressed genes (DGEs) between unexposed and exposed groups, including 209 up-regulated and 132 down-regulated unigenes. All the DGEs were allocated to 14 Kyoto Encyclopedia of Genes and Genomes pathways, and five pathways were associated with immune response, including TLR/TNF/NOD-like receptor/MAPK/Fc epsilon RI signaling pathways. Altogether, short-term (to one week) exposure of O. struma to lower luxy density ELF-EMF ( < 500 mu T) could elicit the immune response, and antioxidant system is recommended as indicators of immunological effects. Hopefully, this study will further provide insights into exploring biomarker for evaluation of the effect of ELF-EMF exposure on aquatic organisms regarding to field density, frequency and exposure duration, and provide good guidance for exploitation and utilization of renewable energy.","FISH & SHELLFISH IMMUNOLOGY","journalArticle","ANIMAL; ANIMALS; ARTICLE; CONTROLLED STUDY; NONHUMAN; WIND POWER; WIND; MAGNETIC FIELD; SIGNAL TRANSDUCTION; CHINA; PRIORITY JOURNAL; ELECTROMAGNETIC FIELDS; MOLLUSC; CATALASE; SUPEROXIDE DISMUTASE; IMMUNOLOGY; ALKALINE PHOSPHATASE; ANTIOXIDANT; ANTIOXIDANT SYSTEM; CATECHOL OXIDASE; CELL DENSITY; CELLS; CELOMOCYTES; CUCUMBER APOSTICHOPUS-JAPONICUS; CYTOSOLIC PHOSPHOLIPASE A2; DUAL OXIDASE; ELECTRIC CURRENT; ELECTROMAGNETISM; ENZYME ACTIVITY; EXTREMELY LOW FREQUENCY ELECTROMAGNETIC FIELDS (ELF-EMF); GASTROPOD; GASTROPODA; GENE EXPRESSION; GENE EXPRESSION PROFILING; GENE SEQUENCE; GENE-EXPRESSION; GENETICS; IMMUNE RESPONSE; IMMUNE-RELATED GENE; IMMUNITY; INNATE; INNATE IMMUNITY; LIPID METABOLISM; LIPID TRANSPORT; MAGNETIC-FIELD; MATRIX METALLOPROTEINASE 14; MITOGEN ACTIVATED PROTEIN KINASE; MITOGEN ACTIVATED PROTEIN KINASE 1; MITOGEN ACTIVATED PROTEIN KINASE P38; MOLLUSK; NUCLEOTIDE BINDING OLIGOMERIZATION DOMAIN LIKE RECEPTOR; OONCHIDIUM STRUMA; PROTEIN ASSEMBLY; RADIATION RESPONSE; ROOM TEMPERATURE; SEA-CUCUMBER; STIMULATION; STRESS ACTIVATED PROTEIN KINASE; T LYMPHOCYTE RECEPTOR; TRANSCRIPTOME; TRANSCRIPTOMICS; TUMOR NECROSIS FACTOR; UPREGULATION",NA,"1095-9947","10.1016/j.fsi.2020.01.062",NA,"574-584","","98","CARLIER Antoine","","","","","carlier","","","","","","","","Article","No - Continue","No - Continue","No - Continue","Benthic macro-invertebrates ","","Onchidium struma",NA,NA,NA,NA,NA,NA,"No",0,"Physical","","Input of other forms of energy","","No",NA,NA,NA,NA,"No",NA,NA,NA,"Yes",NA,NA,"Mixed-Effect",NA,NA,NA,NA,NA,"No",NA,NA,NA,NA,"No",NA,NA,NA,"No",NA,NA,"No",NA,"0","Figs 3A, 4, 5, 6","No","No","No","Yes","No","No","No","No","No","No","Yes","No","No","No","No","No","No","No","No","Yes","No","No",NA,NA,NA,NA,NA,NA,NA,NA,NA,"China","33.759230, 107.409845","EAST CHINA SEA",NA,"30.160839, 126.001276",NA,NA,NA,NA,NA,"No","No","Yes","No","No","No",NA,"Unsure","No","No","No","","No","","No","","Inlcuded",126,1,1,NA,NA,NA,NA,NA,NA,NA,NA,NA,NA,NA,NA,NA,NA,NA,NA,NA,NA,NA,NA,NA,"merged"
"619","6EJU6WP9","EPPI-Reviewer ID: 97356132","Zhang (2020)","Zhang MM; Wang JW; Sun QR; Zhang H; Chen P; Li Q; Wang YN; Qiao G",2020,"Immune response of mollusk Onchidium struma to extremely low-frequency electromagnetic fields (ELF-EMF, 50 Hz) exposure based on immune-related enzyme activity and De novo transcriptome analysis","Along with rapid offshore and onshore wind power development in modern society, extremely low frequency electromagnetic fields (ELF-EMF) is produced extensively in the habits of aquatic organisms. However, the biological effects of ELF-EMF on aquatic organisms are almost sparse. In this study, Onchidium struma without shell was chosen to aim whether ELF-EMF can elicit immune response of mollusk based on immune-related enzyme activities and gene expression through high-throughput transcriptome sequencing. Three experimental groups, i.e. ELF-EMF unexposed control group (C), ELF-EMF (50 Hz, 100 mu T) exposed E1 group, and ELF-EMF (50 Hz, 500 mu T) exposed E2 group, were set, and coelomocytes were collected to analyze. The results showed that total coelomocyte and spherulocyte density in E1 group increased significantly compared to groups C and E2 (P < 0.05). There were no significant differences on amoebocyte and chromatocyte density among groups C, E1 and E2. ELF-EMF exposure could significantly increase immune-related enzyme activities in coelomic fluid of O. struma, including acidic phosphatase, alkaline phosphatase, antioxidative capacity, catalase, superoxide dismutase, and polyphenol oxidase (P < 0.05). A total of 54.32 Mb and 55.27 Mb raw reads with average length of 1520 bp were obtained from coelomocytes of O. struma in unexposed and exposed groups, respectively. There were 341 differentially expressed genes (DGEs) between unexposed and exposed groups, including 209 up-regulated and 132 down-regulated unigenes. All the DGEs were allocated to 14 Kyoto Encyclopedia of Genes and Genomes pathways, and five pathways were associated with immune response, including TLR/TNF/NOD-like receptor/MAPK/Fc epsilon RI signaling pathways. Altogether, short-term (to one week) exposure of O. struma to lower luxy density ELF-EMF ( < 500 mu T) could elicit the immune response, and antioxidant system is recommended as indicators of immunological effects. Hopefully, this study will further provide insights into exploring biomarker for evaluation of the effect of ELF-EMF exposure on aquatic organisms regarding to field density, frequency and exposure duration, and provide good guidance for exploitation and utilization of renewable energy.","FISH & SHELLFISH IMMUNOLOGY","journalArticle","ANIMAL; ANIMALS; ARTICLE; CONTROLLED STUDY; NONHUMAN; WIND POWER; WIND; MAGNETIC FIELD; SIGNAL TRANSDUCTION; CHINA; PRIORITY JOURNAL; ELECTROMAGNETIC FIELDS; MOLLUSC; CATALASE; SUPEROXIDE DISMUTASE; IMMUNOLOGY; ALKALINE PHOSPHATASE; ANTIOXIDANT; ANTIOXIDANT SYSTEM; CATECHOL OXIDASE; CELL DENSITY; CELLS; CELOMOCYTES; CUCUMBER APOSTICHOPUS-JAPONICUS; CYTOSOLIC PHOSPHOLIPASE A2; DUAL OXIDASE; ELECTRIC CURRENT; ELECTROMAGNETISM; ENZYME ACTIVITY; EXTREMELY LOW FREQUENCY ELECTROMAGNETIC FIELDS (ELF-EMF); GASTROPOD; GASTROPODA; GENE EXPRESSION; GENE EXPRESSION PROFILING; GENE SEQUENCE; GENE-EXPRESSION; GENETICS; IMMUNE RESPONSE; IMMUNE-RELATED GENE; IMMUNITY; INNATE; INNATE IMMUNITY; LIPID METABOLISM; LIPID TRANSPORT; MAGNETIC-FIELD; MATRIX METALLOPROTEINASE 14; MITOGEN ACTIVATED PROTEIN KINASE; MITOGEN ACTIVATED PROTEIN KINASE 1; MITOGEN ACTIVATED PROTEIN KINASE P38; MOLLUSK; NUCLEOTIDE BINDING OLIGOMERIZATION DOMAIN LIKE RECEPTOR; OONCHIDIUM STRUMA; PROTEIN ASSEMBLY; RADIATION RESPONSE; ROOM TEMPERATURE; SEA-CUCUMBER; STIMULATION; STRESS ACTIVATED PROTEIN KINASE; T LYMPHOCYTE RECEPTOR; TRANSCRIPTOME; TRANSCRIPTOMICS; TUMOR NECROSIS FACTOR; UPREGULATION","1095-9947","10.1016/j.fsi.2020.01.062","574-584",NA,98,"CARLIER Antoine","carlier","Benthic macro-invertebrates ",NA,"Input of other forms of energy",NA,"yes",5,"Onchidium struma","NS","NA","adult","NS",NA,"yes","yes","NA","not specified","""O. struma is considered as a representative species for evolution from ocean to land in view of two respiration methods [23–25], an economically important species owing to high nutritional value and beneficial effects for Chinese medicine [26,27], and a valuable biomonitor for pollution [28].","AC","NS","NA","NS","NA","50","NS","AC","5.0000000000000001E-4","50","""this study set two experimental ELF-EMF exposure systems with field intensity of (100.0 ± 9.2) μT and (500.0 ± 11.3) μT for 24 h, 72 h and 168 h, following methods described by Yuan et al. [33]. The ELF-EMF-producing device was made with a Helmholtz coil (R = 0.45 m) to form a constant magnetic field parallel to the Earth's direction. The magnetic field intensity (0–5.00 mT) for one device can be controlled by adjusting electric current and distance of ELF-EMFproducing device (Fig. 1). The intensity would be decreased along with the distance increment. O. struma was positioned between two ELFEMF-producing devices, where the EMF was homogeneous, and kept at (26 ± 1)°C.""; ""Two experimental ELF-EMF exposure systems with rms of 100 μT and 500 μT were then generated, named as groups E1 and E2, respectively. And the control group (C) was set under ambient magnetic field without other electronic ELF-EMF-producing devices except air conditioner (capacity = 735 W) for maintaining constant temperature. The EMF frequency content was close to pure 50 Hz (< 2% total harmonic distortion).""","NA","26","""O. struma was positioned between two ELF-EMF-producing devices, where the EMF was homogeneous, and kept at (26 ± 1)°C.""","NA","NA","NA","NA","NA","0","168","hours","7","ponctual","continuous","steady","water-sediment interface",NA,"NS","NA","no","no","NA","molecular","NA","quantitative","fitness","differentially expressed genes","RPKM (reads per kilobase of transcript per million reads mapped)","mixed","yes","unknown","Figs 5, 6","direct","""Differentially expressed (DEGs) in coelomocytes between ELF-EMF unexposed (C) and exposed (E) groups was analyzed by calculating the reads per kilobase per million reads value. A total of 341 unigenes showed different expression, including 209 up-regulated unigenes and 132 down-regulated unigenes in group E (Figs. 5 and 6).""","NA","NA","NA","NA","other","NS","NA","NA","4","3","YES","Yes","Indice tested only under 500 µT condition. Impact very complex to interpret with respect of the number of expressed genes and their function.",NA,"6EJU6WP9","EPPI-Reviewer ID: 97356132","Zhang (2020)","Zhang MM; Wang JW; Sun QR; Zhang H; Chen P; Li Q; Wang YN; Qiao G",2020,"Immune response of mollusk Onchidium struma to extremely low-frequency electromagnetic fields (ELF-EMF, 50 Hz) exposure based on immune-related enzyme activity and De novo transcriptome analysis","Along with rapid offshore and onshore wind power development in modern society, extremely low frequency electromagnetic fields (ELF-EMF) is produced extensively in the habits of aquatic organisms. However, the biological effects of ELF-EMF on aquatic organisms are almost sparse. In this study, Onchidium struma without shell was chosen to aim whether ELF-EMF can elicit immune response of mollusk based on immune-related enzyme activities and gene expression through high-throughput transcriptome sequencing. Three experimental groups, i.e. ELF-EMF unexposed control group (C), ELF-EMF (50 Hz, 100 mu T) exposed E1 group, and ELF-EMF (50 Hz, 500 mu T) exposed E2 group, were set, and coelomocytes were collected to analyze. The results showed that total coelomocyte and spherulocyte density in E1 group increased significantly compared to groups C and E2 (P < 0.05). There were no significant differences on amoebocyte and chromatocyte density among groups C, E1 and E2. ELF-EMF exposure could significantly increase immune-related enzyme activities in coelomic fluid of O. struma, including acidic phosphatase, alkaline phosphatase, antioxidative capacity, catalase, superoxide dismutase, and polyphenol oxidase (P < 0.05). A total of 54.32 Mb and 55.27 Mb raw reads with average length of 1520 bp were obtained from coelomocytes of O. struma in unexposed and exposed groups, respectively. There were 341 differentially expressed genes (DGEs) between unexposed and exposed groups, including 209 up-regulated and 132 down-regulated unigenes. All the DGEs were allocated to 14 Kyoto Encyclopedia of Genes and Genomes pathways, and five pathways were associated with immune response, including TLR/TNF/NOD-like receptor/MAPK/Fc epsilon RI signaling pathways. Altogether, short-term (to one week) exposure of O. struma to lower luxy density ELF-EMF ( < 500 mu T) could elicit the immune response, and antioxidant system is recommended as indicators of immunological effects. Hopefully, this study will further provide insights into exploring biomarker for evaluation of the effect of ELF-EMF exposure on aquatic organisms regarding to field density, frequency and exposure duration, and provide good guidance for exploitation and utilization of renewable energy.","FISH & SHELLFISH IMMUNOLOGY","journalArticle","ANIMAL; ANIMALS; ARTICLE; CONTROLLED STUDY; NONHUMAN; WIND POWER; WIND; MAGNETIC FIELD; SIGNAL TRANSDUCTION; CHINA; PRIORITY JOURNAL; ELECTROMAGNETIC FIELDS; MOLLUSC; CATALASE; SUPEROXIDE DISMUTASE; IMMUNOLOGY; ALKALINE PHOSPHATASE; ANTIOXIDANT; ANTIOXIDANT SYSTEM; CATECHOL OXIDASE; CELL DENSITY; CELLS; CELOMOCYTES; CUCUMBER APOSTICHOPUS-JAPONICUS; CYTOSOLIC PHOSPHOLIPASE A2; DUAL OXIDASE; ELECTRIC CURRENT; ELECTROMAGNETISM; ENZYME ACTIVITY; EXTREMELY LOW FREQUENCY ELECTROMAGNETIC FIELDS (ELF-EMF); GASTROPOD; GASTROPODA; GENE EXPRESSION; GENE EXPRESSION PROFILING; GENE SEQUENCE; GENE-EXPRESSION; GENETICS; IMMUNE RESPONSE; IMMUNE-RELATED GENE; IMMUNITY; INNATE; INNATE IMMUNITY; LIPID METABOLISM; LIPID TRANSPORT; MAGNETIC-FIELD; MATRIX METALLOPROTEINASE 14; MITOGEN ACTIVATED PROTEIN KINASE; MITOGEN ACTIVATED PROTEIN KINASE 1; MITOGEN ACTIVATED PROTEIN KINASE P38; MOLLUSK; NUCLEOTIDE BINDING OLIGOMERIZATION DOMAIN LIKE RECEPTOR; OONCHIDIUM STRUMA; PROTEIN ASSEMBLY; RADIATION RESPONSE; ROOM TEMPERATURE; SEA-CUCUMBER; STIMULATION; STRESS ACTIVATED PROTEIN KINASE; T LYMPHOCYTE RECEPTOR; TRANSCRIPTOME; TRANSCRIPTOMICS; TUMOR NECROSIS FACTOR; UPREGULATION",NA,"1095-9947","10.1016/j.fsi.2020.01.062",NA,"574-584","","98","CARLIER Antoine","","","","","carlier","","","","","","","","Article","No - Continue","No - Continue","No - Continue","Benthic macro-invertebrates ","","Onchidium struma",NA,NA,NA,NA,NA,NA,"No",0,"Physical","","Input of other forms of energy","","No",NA,NA,NA,NA,"No",NA,NA,NA,"Yes",NA,NA,"Mixed-Effect",NA,NA,NA,NA,NA,"No",NA,NA,NA,NA,"No",NA,NA,NA,"No",NA,NA,"No",NA,"0","Figs 3A, 4, 5, 6","No","No","No","Yes","No","No","No","No","No","No","Yes","No","No","No","No","No","No","No","No","Yes","No","No",NA,NA,NA,NA,NA,NA,NA,NA,NA,"China","33.759230, 107.409845","EAST CHINA SEA",NA,"30.160839, 126.001276",NA,NA,NA,NA,NA,"No","No","Yes","No","No","No",NA,"Unsure","No","No","No","","No","","No","","Inlcuded",127,1,1,NA,NA,NA,NA,NA,NA,NA,NA,NA,NA,NA,NA,NA,NA,NA,NA,NA,NA,NA,NA,NA,"merged"
